antecedents,consequents,support,confidence,lift
"Command Tower, Evolving Wilds, Exotic Orchard","Arcane Signet, Sol Ring, Terramorphic Expanse",0.020334059549745823,0.4666666666666666,16.064999999999998
"Arcane Signet, Sol Ring, Terramorphic Expanse","Command Tower, Evolving Wilds, Exotic Orchard",0.020334059549745823,0.7,16.064999999999998
"Arcane Signet, Sol Ring, Terramorphic Expanse","Evolving Wilds, Exotic Orchard",0.020334059549745823,0.7,16.064999999999998
"Arcane Signet, Command Tower, Sol Ring, Terramorphic Expanse","Evolving Wilds, Exotic Orchard",0.020334059549745823,0.7,16.064999999999998
"Evolving Wilds, Exotic Orchard","Arcane Signet, Command Tower, Sol Ring, Terramorphic Expanse",0.020334059549745823,0.4666666666666666,16.064999999999998
"Evolving Wilds, Exotic Orchard","Arcane Signet, Sol Ring, Terramorphic Expanse",0.020334059549745823,0.4666666666666666,16.064999999999998
"Arcane Signet, Evolving Wilds, Sol Ring","Command Tower, Exotic Orchard, Terramorphic Expanse",0.020334059549745823,0.509090909090909,15.239525691699605
"Command Tower, Exotic Orchard, Terramorphic Expanse","Arcane Signet, Evolving Wilds, Sol Ring",0.020334059549745823,0.6086956521739131,15.239525691699605
"Commander's Sphere, Evolving Wilds","Sol Ring, Terramorphic Expanse",0.020334059549745823,0.7999999999999999,14.886486486486485
"Exotic Orchard, Terramorphic Expanse","Arcane Signet, Evolving Wilds, Sol Ring",0.020334059549745823,0.5833333333333333,14.604545454545452
"Arcane Signet, Evolving Wilds, Sol Ring","Exotic Orchard, Terramorphic Expanse",0.020334059549745823,0.509090909090909,14.604545454545452
"Exotic Orchard, Terramorphic Expanse","Arcane Signet, Command Tower, Evolving Wilds, Sol Ring",0.020334059549745823,0.5833333333333333,14.604545454545452
"Arcane Signet, Command Tower, Evolving Wilds, Sol Ring","Exotic Orchard, Terramorphic Expanse",0.020334059549745823,0.509090909090909,14.604545454545452
"Evolving Wilds, Exotic Orchard","Arcane Signet, Terramorphic Expanse",0.021060275962236745,0.4833333333333333,14.468478260869565
"Arcane Signet, Terramorphic Expanse","Evolving Wilds, Exotic Orchard",0.021060275962236745,0.6304347826086957,14.468478260869565
"Arcane Signet, Command Tower, Terramorphic Expanse","Evolving Wilds, Exotic Orchard",0.021060275962236745,0.6304347826086957,14.468478260869565
"Evolving Wilds, Exotic Orchard","Arcane Signet, Command Tower, Terramorphic Expanse",0.021060275962236745,0.4833333333333333,14.468478260869565
"Arcane Signet, Terramorphic Expanse","Command Tower, Evolving Wilds, Exotic Orchard",0.021060275962236745,0.6304347826086957,14.468478260869565
"Command Tower, Evolving Wilds, Exotic Orchard","Arcane Signet, Terramorphic Expanse",0.021060275962236745,0.4833333333333333,14.468478260869565
"Command Tower, Path of Ancestry","Arcane Signet, Evolving Wilds, Exotic Orchard, Sol Ring",0.02832244008714597,0.47560975609756095,14.23727465535525
"Arcane Signet, Evolving Wilds, Exotic Orchard, Sol Ring","Command Tower, Path of Ancestry",0.02832244008714597,0.8478260869565217,14.237274655355248
"Arcane Signet, Terramorphic Expanse","Evolving Wilds, Exotic Orchard, Sol Ring",0.020334059549745823,0.6086956521739131,14.206337509211497
"Arcane Signet, Command Tower, Terramorphic Expanse","Evolving Wilds, Exotic Orchard, Sol Ring",0.020334059549745823,0.6086956521739131,14.206337509211497
"Arcane Signet, Terramorphic Expanse","Command Tower, Evolving Wilds, Exotic Orchard, Sol Ring",0.020334059549745823,0.6086956521739131,14.206337509211497
"Command Tower, Evolving Wilds, Exotic Orchard, Sol Ring","Arcane Signet, Terramorphic Expanse",0.020334059549745823,0.47457627118644063,14.206337509211496
"Evolving Wilds, Exotic Orchard, Sol Ring","Arcane Signet, Terramorphic Expanse",0.020334059549745823,0.47457627118644063,14.206337509211496
"Evolving Wilds, Exotic Orchard, Sol Ring","Arcane Signet, Command Tower, Terramorphic Expanse",0.020334059549745823,0.47457627118644063,14.206337509211496
"Arcane Signet, Ash Barrens, Exotic Orchard","Command Tower, Path of Ancestry, Sol Ring",0.02178649237472767,0.8333333333333334,14.166666666666668
"Arcane Signet, Evolving Wilds, Exotic Orchard","Command Tower, Path of Ancestry, Sol Ring",0.02832244008714597,0.8297872340425532,14.106382978723405
"Command Tower, Path of Ancestry, Sol Ring","Arcane Signet, Evolving Wilds, Exotic Orchard",0.02832244008714597,0.48148148148148145,14.106382978723403
Path of Ancestry,"Arcane Signet, Command Tower, Evolving Wilds, Exotic Orchard, Sol Ring",0.02832244008714597,0.46987951807228917,14.065741225772657
Path of Ancestry,"Arcane Signet, Evolving Wilds, Exotic Orchard, Sol Ring",0.02832244008714597,0.46987951807228917,14.065741225772657
"Arcane Signet, Command Tower, Evolving Wilds, Exotic Orchard, Sol Ring",Path of Ancestry,0.02832244008714597,0.8478260869565217,14.065741225772657
"Arcane Signet, Evolving Wilds, Exotic Orchard, Sol Ring",Path of Ancestry,0.02832244008714597,0.8478260869565217,14.065741225772657
"Arcane Signet, Ash Barrens, Command Tower, Exotic Orchard","Path of Ancestry, Sol Ring",0.02178649237472767,0.8333333333333334,13.99390243902439
"Arcane Signet, Ash Barrens, Exotic Orchard","Command Tower, Path of Ancestry",0.02178649237472767,0.8333333333333334,13.99390243902439
"Arcane Signet, Ash Barrens, Exotic Orchard, Sol Ring","Command Tower, Path of Ancestry",0.02178649237472767,0.8333333333333334,13.99390243902439
"Arcane Signet, Ash Barrens, Exotic Orchard","Path of Ancestry, Sol Ring",0.02178649237472767,0.8333333333333334,13.99390243902439
"Command Tower, Path of Ancestry","Arcane Signet, Evolving Wilds, Exotic Orchard",0.02832244008714597,0.47560975609756095,13.934353918007265
"Path of Ancestry, Sol Ring","Arcane Signet, Command Tower, Evolving Wilds, Exotic Orchard",0.02832244008714597,0.47560975609756095,13.934353918007265
"Path of Ancestry, Sol Ring","Arcane Signet, Evolving Wilds, Exotic Orchard",0.02832244008714597,0.47560975609756095,13.934353918007265
"Arcane Signet, Evolving Wilds, Exotic Orchard","Path of Ancestry, Sol Ring",0.02832244008714597,0.8297872340425532,13.934353918007265
"Arcane Signet, Command Tower, Evolving Wilds, Exotic Orchard","Path of Ancestry, Sol Ring",0.02832244008714597,0.8297872340425532,13.934353918007265
"Arcane Signet, Evolving Wilds, Exotic Orchard","Command Tower, Path of Ancestry",0.02832244008714597,0.8297872340425532,13.934353918007265
"Arcane Signet, Ash Barrens, Command Tower, Exotic Orchard, Sol Ring",Path of Ancestry,0.02178649237472767,0.8333333333333334,13.825301204819278
"Arcane Signet, Ash Barrens, Exotic Orchard, Sol Ring",Path of Ancestry,0.02178649237472767,0.8333333333333334,13.825301204819278
"Arcane Signet, Ash Barrens, Exotic Orchard",Path of Ancestry,0.02178649237472767,0.8333333333333334,13.825301204819278
"Arcane Signet, Ash Barrens, Command Tower, Exotic Orchard",Path of Ancestry,0.02178649237472767,0.8333333333333334,13.825301204819278
Path of Ancestry,"Arcane Signet, Evolving Wilds, Exotic Orchard",0.02832244008714597,0.46987951807228917,13.7664701358626
"Arcane Signet, Command Tower, Evolving Wilds, Exotic Orchard",Path of Ancestry,0.02832244008714597,0.8297872340425532,13.7664701358626
"Arcane Signet, Evolving Wilds, Exotic Orchard",Path of Ancestry,0.02832244008714597,0.8297872340425532,13.7664701358626
Path of Ancestry,"Arcane Signet, Command Tower, Evolving Wilds, Exotic Orchard",0.02832244008714597,0.46987951807228917,13.7664701358626
"Exotic Orchard, Path of Ancestry","Arcane Signet, Evolving Wilds, Sol Ring",0.02832244008714597,0.5492957746478874,13.75236875800256
"Command Tower, Exotic Orchard, Path of Ancestry","Arcane Signet, Evolving Wilds, Sol Ring",0.02832244008714597,0.5492957746478874,13.75236875800256
"Exotic Orchard, Path of Ancestry","Arcane Signet, Command Tower, Evolving Wilds, Sol Ring",0.02832244008714597,0.5492957746478874,13.75236875800256
"Arcane Signet, Evolving Wilds, Sol Ring","Exotic Orchard, Path of Ancestry",0.02832244008714597,0.709090909090909,13.752368758002559
"Arcane Signet, Evolving Wilds, Sol Ring","Command Tower, Exotic Orchard, Path of Ancestry",0.02832244008714597,0.709090909090909,13.752368758002559
"Arcane Signet, Command Tower, Evolving Wilds, Sol Ring","Exotic Orchard, Path of Ancestry",0.02832244008714597,0.709090909090909,13.752368758002559
"Arcane Signet, Ash Barrens, Command Tower","Exotic Orchard, Path of Ancestry, Sol Ring",0.02178649237472767,0.6976744186046512,13.724252491694351
"Arcane Signet, Ash Barrens","Command Tower, Exotic Orchard, Path of Ancestry, Sol Ring",0.02178649237472767,0.6976744186046512,13.724252491694351
"Exotic Orchard, Path of Ancestry, Sol Ring","Arcane Signet, Ash Barrens",0.02178649237472767,0.42857142857142855,13.724252491694351
"Command Tower, Exotic Orchard, Path of Ancestry, Sol Ring","Arcane Signet, Ash Barrens",0.02178649237472767,0.42857142857142855,13.724252491694351
"Exotic Orchard, Path of Ancestry, Sol Ring","Arcane Signet, Ash Barrens, Command Tower",0.02178649237472767,0.42857142857142855,13.724252491694351
"Arcane Signet, Ash Barrens","Exotic Orchard, Path of Ancestry, Sol Ring",0.02178649237472767,0.6976744186046512,13.724252491694351
Ash Barrens,"Command Tower, Evolving Wilds, Exotic Orchard, Sol Ring",0.02251270878721859,0.5849056603773586,13.65110329389191
"Evolving Wilds, Exotic Orchard, Sol Ring","Ash Barrens, Command Tower",0.02251270878721859,0.5254237288135594,13.65110329389191
Ash Barrens,"Evolving Wilds, Exotic Orchard, Sol Ring",0.02251270878721859,0.5849056603773586,13.65110329389191
"Command Tower, Evolving Wilds, Exotic Orchard, Sol Ring",Ash Barrens,0.02251270878721859,0.5254237288135594,13.65110329389191
"Evolving Wilds, Exotic Orchard, Sol Ring",Ash Barrens,0.02251270878721859,0.5254237288135594,13.65110329389191
"Ash Barrens, Command Tower","Evolving Wilds, Exotic Orchard, Sol Ring",0.02251270878721859,0.5849056603773586,13.65110329389191
"Path of Ancestry, Terramorphic Expanse","Command Tower, Evolving Wilds, Sol Ring",0.02178649237472767,0.9090909090909092,13.606719367588935
"Arcane Signet, Ash Barrens, Sol Ring","Command Tower, Exotic Orchard, Path of Ancestry",0.02178649237472767,0.6976744186046512,13.530953160825419
"Command Tower, Exotic Orchard, Path of Ancestry","Arcane Signet, Ash Barrens, Sol Ring",0.02178649237472767,0.4225352112676057,13.530953160825419
"Exotic Orchard, Path of Ancestry","Arcane Signet, Ash Barrens, Command Tower",0.02178649237472767,0.4225352112676057,13.530953160825419
"Arcane Signet, Ash Barrens","Command Tower, Exotic Orchard, Path of Ancestry",0.02178649237472767,0.6976744186046512,13.530953160825419
"Arcane Signet, Ash Barrens, Command Tower","Exotic Orchard, Path of Ancestry",0.02178649237472767,0.6976744186046512,13.530953160825419
"Command Tower, Exotic Orchard, Path of Ancestry","Arcane Signet, Ash Barrens",0.02178649237472767,0.4225352112676057,13.530953160825419
"Exotic Orchard, Path of Ancestry","Arcane Signet, Ash Barrens, Sol Ring",0.02178649237472767,0.4225352112676057,13.530953160825419
"Arcane Signet, Ash Barrens, Command Tower, Sol Ring","Exotic Orchard, Path of Ancestry",0.02178649237472767,0.6976744186046512,13.530953160825419
"Arcane Signet, Ash Barrens","Exotic Orchard, Path of Ancestry",0.02178649237472767,0.6976744186046512,13.530953160825419
"Exotic Orchard, Path of Ancestry","Arcane Signet, Ash Barrens",0.02178649237472767,0.4225352112676057,13.530953160825419
"Arcane Signet, Ash Barrens, Sol Ring","Exotic Orchard, Path of Ancestry",0.02178649237472767,0.6976744186046512,13.530953160825419
"Exotic Orchard, Path of Ancestry","Arcane Signet, Ash Barrens, Command Tower, Sol Ring",0.02178649237472767,0.4225352112676057,13.530953160825419
"Ash Barrens, Command Tower, Path of Ancestry","Arcane Signet, Exotic Orchard, Sol Ring",0.02178649237472767,0.9090909090909092,13.460410557184751
"Ash Barrens, Path of Ancestry","Arcane Signet, Command Tower, Exotic Orchard, Sol Ring",0.02178649237472767,0.9090909090909092,13.460410557184751
"Ash Barrens, Path of Ancestry","Arcane Signet, Exotic Orchard, Sol Ring",0.02178649237472767,0.9090909090909092,13.460410557184751
"Ash Barrens, Command Tower","Evolving Wilds, Exotic Orchard",0.02251270878721859,0.5849056603773586,13.423584905660379
"Ash Barrens, Sol Ring","Command Tower, Evolving Wilds, Exotic Orchard",0.02251270878721859,0.5849056603773586,13.423584905660379
"Ash Barrens, Command Tower, Sol Ring","Evolving Wilds, Exotic Orchard",0.02251270878721859,0.5849056603773586,13.423584905660379
"Ash Barrens, Sol Ring","Evolving Wilds, Exotic Orchard",0.02251270878721859,0.5849056603773586,13.423584905660379
Ash Barrens,"Evolving Wilds, Exotic Orchard",0.02251270878721859,0.5849056603773586,13.423584905660379
Ash Barrens,"Command Tower, Evolving Wilds, Exotic Orchard",0.02251270878721859,0.5849056603773586,13.423584905660379
"Evolving Wilds, Exotic Orchard","Ash Barrens, Sol Ring",0.02251270878721859,0.5166666666666666,13.423584905660377
"Command Tower, Evolving Wilds, Exotic Orchard","Ash Barrens, Sol Ring",0.02251270878721859,0.5166666666666666,13.423584905660377
"Evolving Wilds, Exotic Orchard","Ash Barrens, Command Tower, Sol Ring",0.02251270878721859,0.5166666666666666,13.423584905660377
"Evolving Wilds, Exotic Orchard","Ash Barrens, Command Tower",0.02251270878721859,0.5166666666666666,13.423584905660377
"Command Tower, Evolving Wilds, Exotic Orchard",Ash Barrens,0.02251270878721859,0.5166666666666666,13.423584905660377
"Evolving Wilds, Exotic Orchard",Ash Barrens,0.02251270878721859,0.5166666666666666,13.423584905660377
"Command Tower, Exotic Orchard, Terramorphic Expanse","Arcane Signet, Evolving Wilds",0.021060275962236745,0.6304347826086957,13.35551839464883
"Arcane Signet, Evolving Wilds","Command Tower, Exotic Orchard, Terramorphic Expanse",0.021060275962236745,0.44615384615384607,13.355518394648827
"Command Tower, Path of Ancestry, Terramorphic Expanse","Evolving Wilds, Sol Ring",0.02178649237472767,0.9090909090909092,13.317214700193425
"Path of Ancestry, Terramorphic Expanse","Evolving Wilds, Sol Ring",0.02178649237472767,0.9090909090909092,13.317214700193425
"Commander's Sphere, Terramorphic Expanse","Evolving Wilds, Sol Ring",0.020334059549745823,0.9032258064516129,13.231297185998626
"Arcane Signet, Evolving Wilds","Command Tower, Exotic Orchard, Sol Ring, Terramorphic Expanse",0.020334059549745823,0.43076923076923074,13.18153846153846
"Arcane Signet, Evolving Wilds","Exotic Orchard, Sol Ring, Terramorphic Expanse",0.020334059549745823,0.43076923076923074,13.18153846153846
"Arcane Signet, Command Tower, Evolving Wilds","Exotic Orchard, Sol Ring, Terramorphic Expanse",0.020334059549745823,0.43076923076923074,13.18153846153846
"Exotic Orchard, Sol Ring, Terramorphic Expanse","Arcane Signet, Evolving Wilds",0.020334059549745823,0.6222222222222221,13.181538461538459
"Command Tower, Exotic Orchard, Sol Ring, Terramorphic Expanse","Arcane Signet, Evolving Wilds",0.020334059549745823,0.6222222222222221,13.181538461538459
"Exotic Orchard, Sol Ring, Terramorphic Expanse","Arcane Signet, Command Tower, Evolving Wilds",0.020334059549745823,0.6222222222222221,13.181538461538459
"Ash Barrens, Path of Ancestry","Arcane Signet, Command Tower, Exotic Orchard",0.02178649237472767,0.9090909090909092,13.177033492822968
"Ash Barrens, Path of Ancestry, Sol Ring","Arcane Signet, Exotic Orchard",0.02178649237472767,0.9090909090909092,13.177033492822968
"Ash Barrens, Command Tower, Path of Ancestry","Arcane Signet, Exotic Orchard",0.02178649237472767,0.9090909090909092,13.177033492822968
"Ash Barrens, Command Tower, Path of Ancestry, Sol Ring","Arcane Signet, Exotic Orchard",0.02178649237472767,0.9090909090909092,13.177033492822968
"Ash Barrens, Path of Ancestry","Arcane Signet, Exotic Orchard",0.02178649237472767,0.9090909090909092,13.177033492822968
"Ash Barrens, Path of Ancestry, Sol Ring","Arcane Signet, Command Tower, Exotic Orchard",0.02178649237472767,0.9090909090909092,13.177033492822968
"Evolving Wilds, Exotic Orchard","Command Tower, Sol Ring, Terramorphic Expanse",0.029774872912127815,0.6833333333333333,13.06875
"Command Tower, Sol Ring, Terramorphic Expanse","Evolving Wilds, Exotic Orchard",0.029774872912127815,0.5694444444444444,13.068749999999998
"Evolving Wilds, Sol Ring","Command Tower, Exotic Orchard, Terramorphic Expanse",0.029774872912127815,0.43617021276595747,13.056660499537466
"Command Tower, Exotic Orchard, Terramorphic Expanse","Evolving Wilds, Sol Ring",0.029774872912127815,0.891304347826087,13.056660499537466
"Arcane Signet, Ash Barrens","Command Tower, Path of Ancestry, Sol Ring",0.023965141612200435,0.7674418604651163,13.046511627906977
"Command Tower, Path of Ancestry, Sol Ring","Arcane Signet, Ash Barrens",0.023965141612200435,0.4074074074074074,13.046511627906977
"Arcane Signet, Ash Barrens, Command Tower","Path of Ancestry, Sol Ring",0.023965141612200435,0.7674418604651163,12.887407827566648
"Command Tower, Path of Ancestry","Arcane Signet, Ash Barrens, Sol Ring",0.023965141612200435,0.40243902439024387,12.887407827566648
"Arcane Signet, Ash Barrens","Path of Ancestry, Sol Ring",0.023965141612200435,0.7674418604651163,12.887407827566648
"Path of Ancestry, Sol Ring","Arcane Signet, Ash Barrens",0.023965141612200435,0.40243902439024387,12.887407827566648
"Arcane Signet, Ash Barrens, Sol Ring","Command Tower, Path of Ancestry",0.023965141612200435,0.7674418604651163,12.887407827566648
"Path of Ancestry, Sol Ring","Arcane Signet, Ash Barrens, Command Tower",0.023965141612200435,0.40243902439024387,12.887407827566648
"Arcane Signet, Ash Barrens","Command Tower, Path of Ancestry",0.023965141612200435,0.7674418604651163,12.887407827566648
"Command Tower, Path of Ancestry","Arcane Signet, Ash Barrens",0.023965141612200435,0.40243902439024387,12.887407827566648
"Exotic Orchard, Terramorphic Expanse","Arcane Signet, Evolving Wilds",0.021060275962236745,0.6041666666666665,12.799038461538458
"Arcane Signet, Command Tower, Evolving Wilds","Exotic Orchard, Terramorphic Expanse",0.021060275962236745,0.44615384615384607,12.799038461538458
"Arcane Signet, Evolving Wilds","Exotic Orchard, Terramorphic Expanse",0.021060275962236745,0.44615384615384607,12.799038461538458
"Exotic Orchard, Terramorphic Expanse","Arcane Signet, Command Tower, Evolving Wilds",0.021060275962236745,0.6041666666666665,12.799038461538458
"Exotic Orchard, Terramorphic Expanse","Command Tower, Evolving Wilds, Sol Ring",0.029774872912127815,0.8541666666666666,12.784646739130435
"Command Tower, Evolving Wilds, Sol Ring","Exotic Orchard, Terramorphic Expanse",0.029774872912127815,0.4456521739130435,12.784646739130434
"Arcane Signet, Ash Barrens, Command Tower",Path of Ancestry,0.023965141612200435,0.7674418604651163,12.732137853740545
"Arcane Signet, Ash Barrens, Command Tower, Sol Ring",Path of Ancestry,0.023965141612200435,0.7674418604651163,12.732137853740545
"Arcane Signet, Ash Barrens, Sol Ring",Path of Ancestry,0.023965141612200435,0.7674418604651163,12.732137853740545
"Arcane Signet, Ash Barrens",Path of Ancestry,0.023965141612200435,0.7674418604651163,12.732137853740545
"Command Tower, Evolving Wilds, Exotic Orchard","Sol Ring, Terramorphic Expanse",0.029774872912127815,0.6833333333333333,12.715540540540541
"Evolving Wilds, Exotic Orchard","Sol Ring, Terramorphic Expanse",0.029774872912127815,0.6833333333333333,12.715540540540541
"Sol Ring, Terramorphic Expanse","Command Tower, Evolving Wilds, Exotic Orchard",0.029774872912127815,0.5540540540540541,12.71554054054054
"Sol Ring, Terramorphic Expanse","Evolving Wilds, Exotic Orchard",0.029774872912127815,0.5540540540540541,12.71554054054054
"Arcane Signet, Commander's Sphere, Exotic Orchard, Sol Ring","Command Tower, Path of Ancestry",0.020334059549745823,0.7567567567567567,12.707976268951876
"Arcane Signet, Exotic Orchard, Terramorphic Expanse","Command Tower, Evolving Wilds, Sol Ring",0.020334059549745823,0.8484848484848485,12.699604743083006
"Arcane Signet, Commander's Sphere, Exotic Orchard, Sol Ring",Path of Ancestry,0.020334059549745823,0.7567567567567567,12.55486812113318
"Arcane Signet, Command Tower, Commander's Sphere, Exotic Orchard, Sol Ring",Path of Ancestry,0.020334059549745823,0.7567567567567567,12.55486812113318
"Evolving Wilds, Path of Ancestry","Arcane Signet, Exotic Orchard, Sol Ring",0.02832244008714597,0.8478260869565217,12.553295932678822
"Command Tower, Evolving Wilds, Path of Ancestry","Arcane Signet, Exotic Orchard, Sol Ring",0.02832244008714597,0.8478260869565217,12.553295932678822
"Arcane Signet, Exotic Orchard, Sol Ring","Evolving Wilds, Path of Ancestry",0.02832244008714597,0.4193548387096774,12.553295932678822
"Arcane Signet, Command Tower, Exotic Orchard, Sol Ring","Evolving Wilds, Path of Ancestry",0.02832244008714597,0.4193548387096774,12.553295932678822
"Evolving Wilds, Path of Ancestry","Arcane Signet, Command Tower, Exotic Orchard, Sol Ring",0.02832244008714597,0.8478260869565217,12.553295932678822
"Arcane Signet, Exotic Orchard, Sol Ring","Command Tower, Evolving Wilds, Path of Ancestry",0.02832244008714597,0.4193548387096774,12.553295932678822
"Arcane Signet, Commander's Sphere, Exotic Orchard","Command Tower, Path of Ancestry, Sol Ring",0.020334059549745823,0.7368421052631579,12.526315789473683
"Command Tower, Path of Ancestry","Arcane Signet, Evolving Wilds, Sol Ring",0.029774872912127815,0.5,12.518181818181818
"Arcane Signet, Evolving Wilds, Sol Ring","Command Tower, Path of Ancestry",0.029774872912127815,0.7454545454545455,12.518181818181818
"Evolving Wilds, Sol Ring","Exotic Orchard, Terramorphic Expanse",0.029774872912127815,0.43617021276595747,12.512632978723403
"Exotic Orchard, Terramorphic Expanse","Evolving Wilds, Sol Ring",0.029774872912127815,0.8541666666666666,12.512632978723403
"Command Tower, Sol Ring, Terramorphic Expanse","Evolving Wilds, Path of Ancestry",0.02178649237472767,0.4166666666666667,12.472826086956523
"Evolving Wilds, Path of Ancestry","Command Tower, Sol Ring, Terramorphic Expanse",0.02178649237472767,0.6521739130434784,12.472826086956523
"Arcane Signet, Exotic Orchard, Terramorphic Expanse","Evolving Wilds, Sol Ring",0.020334059549745823,0.8484848484848485,12.429400386847195
"Arcane Signet, Command Tower, Exotic Orchard, Terramorphic Expanse","Evolving Wilds, Sol Ring",0.020334059549745823,0.8484848484848485,12.429400386847195
"Command Tower, Terramorphic Expanse","Evolving Wilds, Sol Ring",0.04793028322440087,0.8461538461538461,12.395253682487725
"Evolving Wilds, Sol Ring","Command Tower, Terramorphic Expanse",0.04793028322440087,0.7021276595744681,12.395253682487725
"Arcane Signet, Command Tower, Commander's Sphere, Exotic Orchard","Path of Ancestry, Sol Ring",0.020334059549745823,0.7368421052631579,12.373555840821565
"Arcane Signet, Commander's Sphere, Exotic Orchard","Path of Ancestry, Sol Ring",0.020334059549745823,0.7368421052631579,12.373555840821565
"Arcane Signet, Commander's Sphere, Exotic Orchard","Command Tower, Path of Ancestry",0.020334059549745823,0.7368421052631579,12.373555840821565
"Arcane Signet, Evolving Wilds, Sol Ring",Path of Ancestry,0.029774872912127815,0.7454545454545455,12.36736035049288
"Arcane Signet, Command Tower, Evolving Wilds, Sol Ring",Path of Ancestry,0.029774872912127815,0.7454545454545455,12.36736035049288
Path of Ancestry,"Arcane Signet, Evolving Wilds, Sol Ring",0.029774872912127815,0.49397590361445787,12.36736035049288
Path of Ancestry,"Arcane Signet, Command Tower, Evolving Wilds, Sol Ring",0.029774872912127815,0.49397590361445787,12.36736035049288
"Evolving Wilds, Exotic Orchard","Command Tower, Terramorphic Expanse",0.030501089324618737,0.7,12.357692307692307
"Command Tower, Terramorphic Expanse","Evolving Wilds, Exotic Orchard",0.030501089324618737,0.5384615384615384,12.357692307692306
"Arcane Signet, Evolving Wilds, Path of Ancestry","Exotic Orchard, Sol Ring",0.02832244008714597,0.9512195121951219,12.356879889553612
"Arcane Signet, Evolving Wilds, Path of Ancestry","Command Tower, Exotic Orchard, Sol Ring",0.02832244008714597,0.9512195121951219,12.356879889553612
"Arcane Signet, Command Tower, Evolving Wilds, Path of Ancestry","Exotic Orchard, Sol Ring",0.02832244008714597,0.9512195121951219,12.356879889553612
"Command Tower, Evolving Wilds","Arcane Signet, Terramorphic Expanse",0.030501089324618737,0.411764705882353,12.326086956521742
"Arcane Signet, Terramorphic Expanse","Command Tower, Evolving Wilds",0.030501089324618737,0.9130434782608696,12.32608695652174
"Exotic Orchard, Sol Ring, Terramorphic Expanse","Command Tower, Evolving Wilds",0.029774872912127815,0.9111111111111111,12.3
"Command Tower, Evolving Wilds","Exotic Orchard, Sol Ring, Terramorphic Expanse",0.029774872912127815,0.4019607843137255,12.299999999999999
"Command Tower, Evolving Wilds, Path of Ancestry","Arcane Signet, Exotic Orchard",0.02832244008714597,0.8478260869565217,12.289016018306636
"Arcane Signet, Exotic Orchard","Command Tower, Evolving Wilds, Path of Ancestry, Sol Ring",0.02832244008714597,0.4105263157894737,12.289016018306636
"Command Tower, Evolving Wilds, Path of Ancestry, Sol Ring","Arcane Signet, Exotic Orchard",0.02832244008714597,0.8478260869565217,12.289016018306636
"Arcane Signet, Exotic Orchard","Evolving Wilds, Path of Ancestry",0.02832244008714597,0.4105263157894737,12.289016018306636
"Evolving Wilds, Path of Ancestry, Sol Ring","Arcane Signet, Command Tower, Exotic Orchard",0.02832244008714597,0.8478260869565217,12.289016018306636
"Arcane Signet, Exotic Orchard","Command Tower, Evolving Wilds, Path of Ancestry",0.02832244008714597,0.4105263157894737,12.289016018306636
"Evolving Wilds, Path of Ancestry","Arcane Signet, Command Tower, Exotic Orchard",0.02832244008714597,0.8478260869565217,12.289016018306636
"Evolving Wilds, Path of Ancestry, Sol Ring","Arcane Signet, Exotic Orchard",0.02832244008714597,0.8478260869565217,12.289016018306636
"Evolving Wilds, Path of Ancestry","Arcane Signet, Exotic Orchard",0.02832244008714597,0.8478260869565217,12.289016018306636
"Arcane Signet, Command Tower, Exotic Orchard","Evolving Wilds, Path of Ancestry",0.02832244008714597,0.4105263157894737,12.289016018306636
"Arcane Signet, Command Tower, Exotic Orchard","Evolving Wilds, Path of Ancestry, Sol Ring",0.02832244008714597,0.4105263157894737,12.289016018306636
"Arcane Signet, Exotic Orchard","Evolving Wilds, Path of Ancestry, Sol Ring",0.02832244008714597,0.4105263157894737,12.289016018306636
"Path of Ancestry, Sol Ring, Terramorphic Expanse","Command Tower, Evolving Wilds",0.02178649237472767,0.9090909090909092,12.272727272727275
"Path of Ancestry, Terramorphic Expanse","Command Tower, Evolving Wilds",0.02178649237472767,0.9090909090909092,12.272727272727275
"Evolving Wilds, Exotic Orchard, Sol Ring","Command Tower, Terramorphic Expanse",0.029774872912127815,0.6949152542372882,12.267926988265973
"Command Tower, Terramorphic Expanse","Evolving Wilds, Exotic Orchard, Sol Ring",0.029774872912127815,0.5256410256410257,12.267926988265971
"Arcane Signet, Command Tower, Commander's Sphere, Exotic Orchard",Path of Ancestry,0.020334059549745823,0.7368421052631579,12.224476854787572
"Arcane Signet, Commander's Sphere, Exotic Orchard",Path of Ancestry,0.020334059549745823,0.7368421052631579,12.224476854787572
"Arcane Signet, Sol Ring, Terramorphic Expanse","Command Tower, Evolving Wilds",0.026143790849673203,0.9,12.15
"Command Tower, Evolving Wilds, Path of Ancestry","Sol Ring, Terramorphic Expanse",0.02178649237472767,0.6521739130434784,12.135722679200942
"Sol Ring, Terramorphic Expanse","Command Tower, Evolving Wilds, Path of Ancestry",0.02178649237472767,0.40540540540540543,12.135722679200942
"Sol Ring, Terramorphic Expanse","Evolving Wilds, Path of Ancestry",0.02178649237472767,0.40540540540540543,12.135722679200942
"Evolving Wilds, Path of Ancestry","Sol Ring, Terramorphic Expanse",0.02178649237472767,0.6521739130434784,12.135722679200942
"Arcane Signet, Evolving Wilds, Path of Ancestry","Command Tower, Exotic Orchard",0.02832244008714597,0.9512195121951219,12.128048780487804
"Arcane Signet, Evolving Wilds, Path of Ancestry, Sol Ring","Command Tower, Exotic Orchard",0.02832244008714597,0.9512195121951219,12.128048780487804
"Arcane Signet, Exotic Orchard, Sol Ring","Command Tower, Path of Ancestry",0.048656499636891795,0.7204301075268816,12.097954366640439
"Command Tower, Path of Ancestry","Arcane Signet, Exotic Orchard, Sol Ring",0.048656499636891795,0.8170731707317073,12.097954366640439
"Command Tower, Evolving Wilds","Sol Ring, Terramorphic Expanse",0.04793028322440087,0.6470588235294118,12.04054054054054
"Sol Ring, Terramorphic Expanse","Command Tower, Evolving Wilds",0.04793028322440087,0.8918918918918919,12.04054054054054
"Command Tower, Path of Ancestry","Arcane Signet, Exotic Orchard",0.04938271604938271,0.8292682926829268,12.02002567394095
"Arcane Signet, Exotic Orchard","Command Tower, Path of Ancestry",0.04938271604938271,0.7157894736842105,12.02002567394095
"Arcane Signet, Exotic Orchard","Command Tower, Path of Ancestry, Sol Ring",0.048656499636891795,0.7052631578947369,11.989473684210529
"Command Tower, Path of Ancestry, Sol Ring","Arcane Signet, Exotic Orchard",0.048656499636891795,0.8271604938271605,11.989473684210527
"Evolving Wilds, Exotic Orchard, Sol Ring","Arcane Signet, Command Tower, Path of Ancestry",0.02832244008714597,0.6610169491525424,11.976583407671722
"Arcane Signet, Command Tower, Path of Ancestry","Evolving Wilds, Exotic Orchard, Sol Ring",0.02832244008714597,0.5131578947368421,11.976583407671722
"Arcane Signet, Command Tower, Path of Ancestry, Sol Ring","Ash Barrens, Exotic Orchard",0.02178649237472767,0.4,11.973913043478262
"Ash Barrens, Exotic Orchard","Arcane Signet, Command Tower, Path of Ancestry, Sol Ring",0.02178649237472767,0.6521739130434784,11.973913043478262
"Command Tower, Path of Ancestry","Evolving Wilds, Exotic Orchard, Sol Ring",0.030501089324618737,0.5121951219512195,11.954113269946259
"Evolving Wilds, Exotic Orchard, Sol Ring","Command Tower, Path of Ancestry",0.030501089324618737,0.711864406779661,11.954113269946259
Path of Ancestry,"Arcane Signet, Exotic Orchard, Sol Ring",0.048656499636891795,0.8072289156626506,11.952195880295374
"Arcane Signet, Command Tower, Exotic Orchard, Sol Ring",Path of Ancestry,0.048656499636891795,0.7204301075268816,11.952195880295374
Path of Ancestry,"Arcane Signet, Command Tower, Exotic Orchard, Sol Ring",0.048656499636891795,0.8072289156626506,11.952195880295374
"Arcane Signet, Exotic Orchard, Sol Ring",Path of Ancestry,0.048656499636891795,0.7204301075268816,11.952195880295374
"Arcane Signet, Command Tower, Path of Ancestry, Sol Ring","Evolving Wilds, Exotic Orchard",0.02832244008714597,0.5199999999999999,11.933999999999997
"Evolving Wilds, Exotic Orchard","Arcane Signet, Command Tower, Path of Ancestry, Sol Ring",0.02832244008714597,0.6499999999999999,11.933999999999997
"Evolving Wilds, Exotic Orchard","Command Tower, Path of Ancestry, Sol Ring",0.030501089324618737,0.7,11.899999999999999
"Command Tower, Path of Ancestry, Sol Ring","Evolving Wilds, Exotic Orchard",0.030501089324618737,0.5185185185185185,11.899999999999999
Path of Ancestry,"Arcane Signet, Command Tower, Exotic Orchard",0.04938271604938271,0.8192771084337349,11.875206087507927
"Arcane Signet, Command Tower, Exotic Orchard",Path of Ancestry,0.04938271604938271,0.7157894736842105,11.875206087507927
"Arcane Signet, Exotic Orchard",Path of Ancestry,0.04938271604938271,0.7157894736842105,11.875206087507927
Path of Ancestry,"Arcane Signet, Exotic Orchard",0.04938271604938271,0.8192771084337349,11.875206087507927
"Arcane Signet, Exotic Orchard, Terramorphic Expanse","Command Tower, Evolving Wilds",0.021060275962236745,0.8787878787878788,11.863636363636365
"Command Tower, Evolving Wilds, Path of Ancestry","Exotic Orchard, Sol Ring",0.030501089324618737,0.9130434782608696,11.860951599671864
"Evolving Wilds, Path of Ancestry","Command Tower, Exotic Orchard, Sol Ring",0.030501089324618737,0.9130434782608696,11.860951599671864
"Evolving Wilds, Path of Ancestry","Exotic Orchard, Sol Ring",0.030501089324618737,0.9130434782608696,11.860951599671864
"Ash Barrens, Evolving Wilds","Command Tower, Exotic Orchard, Sol Ring",0.02251270878721859,0.911764705882353,11.844339622641511
"Ash Barrens, Command Tower, Evolving Wilds","Exotic Orchard, Sol Ring",0.02251270878721859,0.911764705882353,11.844339622641511
"Ash Barrens, Evolving Wilds","Exotic Orchard, Sol Ring",0.02251270878721859,0.911764705882353,11.844339622641511
"Arcane Signet, Command Tower, Exotic Orchard","Path of Ancestry, Sol Ring",0.048656499636891795,0.7052631578947369,11.843260590500643
"Arcane Signet, Exotic Orchard","Path of Ancestry, Sol Ring",0.048656499636891795,0.7052631578947369,11.843260590500643
"Path of Ancestry, Sol Ring","Arcane Signet, Exotic Orchard",0.048656499636891795,0.8170731707317073,11.843260590500641
"Path of Ancestry, Sol Ring","Arcane Signet, Command Tower, Exotic Orchard",0.048656499636891795,0.8170731707317073,11.843260590500641
"Command Tower, Evolving Wilds, Exotic Orchard, Sol Ring","Arcane Signet, Path of Ancestry",0.02832244008714597,0.6610169491525424,11.821043363416244
"Evolving Wilds, Exotic Orchard, Sol Ring","Arcane Signet, Path of Ancestry",0.02832244008714597,0.6610169491525424,11.821043363416244
"Arcane Signet, Path of Ancestry","Evolving Wilds, Exotic Orchard, Sol Ring",0.02832244008714597,0.5064935064935064,11.821043363416244
"Arcane Signet, Path of Ancestry","Command Tower, Evolving Wilds, Exotic Orchard, Sol Ring",0.02832244008714597,0.5064935064935064,11.821043363416244
"Ash Barrens, Exotic Orchard","Arcane Signet, Path of Ancestry, Sol Ring",0.02178649237472767,0.6521739130434784,11.816361556064075
"Ash Barrens, Exotic Orchard, Sol Ring","Arcane Signet, Command Tower, Path of Ancestry",0.02178649237472767,0.6521739130434784,11.816361556064075
"Ash Barrens, Command Tower, Exotic Orchard","Arcane Signet, Path of Ancestry, Sol Ring",0.02178649237472767,0.6521739130434784,11.816361556064075
"Ash Barrens, Exotic Orchard","Arcane Signet, Command Tower, Path of Ancestry",0.02178649237472767,0.6521739130434784,11.816361556064075
"Command Tower, Evolving Wilds","Exotic Orchard, Terramorphic Expanse",0.030501089324618737,0.411764705882353,11.8125
"Exotic Orchard, Terramorphic Expanse","Command Tower, Evolving Wilds",0.030501089324618737,0.8749999999999999,11.8125
"Arcane Signet, Exotic Orchard, Sol Ring, Terramorphic Expanse","Command Tower, Evolving Wilds",0.020334059549745823,0.875,11.8125
Path of Ancestry,"Command Tower, Evolving Wilds, Exotic Orchard, Sol Ring",0.030501089324618737,0.5060240963855422,11.810087808862571
Path of Ancestry,"Evolving Wilds, Exotic Orchard, Sol Ring",0.030501089324618737,0.5060240963855422,11.810087808862571
"Command Tower, Evolving Wilds, Exotic Orchard, Sol Ring",Path of Ancestry,0.030501089324618737,0.711864406779661,11.81008780886257
"Evolving Wilds, Exotic Orchard, Sol Ring",Path of Ancestry,0.030501089324618737,0.711864406779661,11.81008780886257
"Arcane Signet, Ash Barrens, Path of Ancestry","Command Tower, Exotic Orchard, Sol Ring",0.02178649237472767,0.9090909090909092,11.809605488850774
"Arcane Signet, Ash Barrens, Command Tower, Path of Ancestry","Exotic Orchard, Sol Ring",0.02178649237472767,0.9090909090909092,11.809605488850774
"Ash Barrens, Path of Ancestry","Command Tower, Exotic Orchard, Sol Ring",0.02178649237472767,0.9090909090909092,11.809605488850774
"Arcane Signet, Ash Barrens, Path of Ancestry","Exotic Orchard, Sol Ring",0.02178649237472767,0.9090909090909092,11.809605488850774
"Ash Barrens, Command Tower, Path of Ancestry","Exotic Orchard, Sol Ring",0.02178649237472767,0.9090909090909092,11.809605488850774
"Ash Barrens, Path of Ancestry","Exotic Orchard, Sol Ring",0.02178649237472767,0.9090909090909092,11.809605488850774
"Arcane Signet, Evolving Wilds","Exotic Orchard, Path of Ancestry, Sol Ring",0.02832244008714597,0.6,11.802857142857142
"Arcane Signet, Evolving Wilds","Command Tower, Exotic Orchard, Path of Ancestry, Sol Ring",0.02832244008714597,0.6,11.802857142857142
"Arcane Signet, Command Tower, Evolving Wilds","Exotic Orchard, Path of Ancestry, Sol Ring",0.02832244008714597,0.6,11.802857142857142
"Command Tower, Exotic Orchard, Path of Ancestry, Sol Ring","Arcane Signet, Evolving Wilds",0.02832244008714597,0.557142857142857,11.80285714285714
"Exotic Orchard, Path of Ancestry, Sol Ring","Arcane Signet, Evolving Wilds",0.02832244008714597,0.557142857142857,11.80285714285714
"Exotic Orchard, Path of Ancestry, Sol Ring","Arcane Signet, Command Tower, Evolving Wilds",0.02832244008714597,0.557142857142857,11.80285714285714
"Arcane Signet, Path of Ancestry, Sol Ring","Command Tower, Evolving Wilds, Exotic Orchard",0.02832244008714597,0.5131578947368421,11.776973684210526
"Arcane Signet, Command Tower, Path of Ancestry","Evolving Wilds, Exotic Orchard",0.02832244008714597,0.5131578947368421,11.776973684210526
"Arcane Signet, Path of Ancestry, Sol Ring","Evolving Wilds, Exotic Orchard",0.02832244008714597,0.5131578947368421,11.776973684210526
"Command Tower, Evolving Wilds, Exotic Orchard","Arcane Signet, Path of Ancestry, Sol Ring",0.02832244008714597,0.6499999999999999,11.776973684210525
"Evolving Wilds, Exotic Orchard","Arcane Signet, Command Tower, Path of Ancestry",0.02832244008714597,0.6499999999999999,11.776973684210525
"Evolving Wilds, Exotic Orchard","Arcane Signet, Path of Ancestry, Sol Ring",0.02832244008714597,0.6499999999999999,11.776973684210525
"Arcane Signet, Sol Ring, Terramorphic Expanse","Command Tower, Path of Ancestry",0.020334059549745823,0.7,11.754878048780487
"Command Tower, Evolving Wilds, Exotic Orchard","Path of Ancestry, Sol Ring",0.030501089324618737,0.7,11.754878048780487
"Evolving Wilds, Exotic Orchard","Command Tower, Path of Ancestry",0.030501089324618737,0.7,11.754878048780487
"Path of Ancestry, Sol Ring","Evolving Wilds, Exotic Orchard",0.030501089324618737,0.5121951219512195,11.754878048780487
"Command Tower, Path of Ancestry","Evolving Wilds, Exotic Orchard",0.030501089324618737,0.5121951219512195,11.754878048780487
"Path of Ancestry, Sol Ring","Command Tower, Evolving Wilds, Exotic Orchard",0.030501089324618737,0.5121951219512195,11.754878048780487
"Evolving Wilds, Exotic Orchard","Path of Ancestry, Sol Ring",0.030501089324618737,0.7,11.754878048780487
"Arcane Signet, Terramorphic Expanse","Command Tower, Evolving Wilds, Sol Ring",0.026143790849673203,0.782608695652174,11.713610586011344
"Arcane Signet, Evolving Wilds, Path of Ancestry, Sol Ring",Exotic Orchard,0.02832244008714597,0.9512195121951219,11.694904181184668
"Arcane Signet, Command Tower, Evolving Wilds, Path of Ancestry",Exotic Orchard,0.02832244008714597,0.9512195121951219,11.694904181184668
"Arcane Signet, Evolving Wilds, Path of Ancestry",Exotic Orchard,0.02832244008714597,0.9512195121951219,11.694904181184668
"Arcane Signet, Command Tower, Evolving Wilds, Path of Ancestry, Sol Ring",Exotic Orchard,0.02832244008714597,0.9512195121951219,11.694904181184668
Giant Spider,Giant Growth,0.023238925199709513,0.653061224489796,11.678770209382455
Giant Growth,Giant Spider,0.023238925199709513,0.41558441558441556,11.678770209382455
"Ash Barrens, Exotic Orchard","Arcane Signet, Path of Ancestry",0.02178649237472767,0.6521739130434784,11.66290231507623
"Ash Barrens, Command Tower, Exotic Orchard","Arcane Signet, Path of Ancestry",0.02178649237472767,0.6521739130434784,11.66290231507623
"Ash Barrens, Exotic Orchard, Sol Ring","Arcane Signet, Path of Ancestry",0.02178649237472767,0.6521739130434784,11.66290231507623
"Ash Barrens, Command Tower, Exotic Orchard, Sol Ring","Arcane Signet, Path of Ancestry",0.02178649237472767,0.6521739130434784,11.66290231507623
"Evolving Wilds, Path of Ancestry, Sol Ring","Command Tower, Exotic Orchard",0.030501089324618737,0.9130434782608696,11.641304347826088
"Evolving Wilds, Path of Ancestry","Command Tower, Exotic Orchard",0.030501089324618737,0.9130434782608696,11.641304347826088
"Exotic Orchard, Path of Ancestry","Arcane Signet, Command Tower, Evolving Wilds",0.02832244008714597,0.5492957746478874,11.63661971830986
"Arcane Signet, Command Tower, Evolving Wilds","Exotic Orchard, Path of Ancestry",0.02832244008714597,0.6,11.63661971830986
"Arcane Signet, Evolving Wilds","Exotic Orchard, Path of Ancestry",0.02832244008714597,0.6,11.63661971830986
"Exotic Orchard, Path of Ancestry","Arcane Signet, Evolving Wilds",0.02832244008714597,0.5492957746478874,11.63661971830986
"Command Tower, Exotic Orchard, Path of Ancestry","Arcane Signet, Evolving Wilds",0.02832244008714597,0.5492957746478874,11.63661971830986
"Arcane Signet, Evolving Wilds","Command Tower, Exotic Orchard, Path of Ancestry",0.02832244008714597,0.6,11.63661971830986
"Arcane Signet, Command Tower, Exotic Orchard, Path of Ancestry, Sol Ring",Ash Barrens,0.02178649237472767,0.44776119402985076,11.633342720360464
Ash Barrens,"Arcane Signet, Exotic Orchard, Path of Ancestry, Sol Ring",0.02178649237472767,0.5660377358490567,11.633342720360464
"Arcane Signet, Exotic Orchard, Path of Ancestry, Sol Ring",Ash Barrens,0.02178649237472767,0.44776119402985076,11.633342720360464
"Arcane Signet, Exotic Orchard, Path of Ancestry, Sol Ring","Ash Barrens, Command Tower",0.02178649237472767,0.44776119402985076,11.633342720360464
"Ash Barrens, Command Tower","Arcane Signet, Exotic Orchard, Path of Ancestry, Sol Ring",0.02178649237472767,0.5660377358490567,11.633342720360464
Ash Barrens,"Arcane Signet, Command Tower, Exotic Orchard, Path of Ancestry, Sol Ring",0.02178649237472767,0.5660377358490567,11.633342720360464
"Ash Barrens, Evolving Wilds, Sol Ring","Command Tower, Exotic Orchard",0.02251270878721859,0.911764705882353,11.625000000000002
"Ash Barrens, Evolving Wilds","Command Tower, Exotic Orchard",0.02251270878721859,0.911764705882353,11.625000000000002
"Arcane Signet, Path of Ancestry","Command Tower, Evolving Wilds, Exotic Orchard",0.02832244008714597,0.5064935064935064,11.624025974025972
"Arcane Signet, Path of Ancestry","Evolving Wilds, Exotic Orchard",0.02832244008714597,0.5064935064935064,11.624025974025972
"Evolving Wilds, Exotic Orchard","Arcane Signet, Path of Ancestry",0.02832244008714597,0.6499999999999999,11.624025974025972
"Command Tower, Evolving Wilds, Exotic Orchard","Arcane Signet, Path of Ancestry",0.02832244008714597,0.6499999999999999,11.624025974025972
Path of Ancestry,"Command Tower, Evolving Wilds, Exotic Orchard",0.030501089324618737,0.5060240963855422,11.613253012048194
Path of Ancestry,"Evolving Wilds, Exotic Orchard",0.030501089324618737,0.5060240963855422,11.613253012048194
"Arcane Signet, Sol Ring, Terramorphic Expanse",Path of Ancestry,0.020334059549745823,0.7,11.613253012048192
"Arcane Signet, Command Tower, Sol Ring, Terramorphic Expanse",Path of Ancestry,0.020334059549745823,0.7,11.613253012048192
"Command Tower, Evolving Wilds, Exotic Orchard",Path of Ancestry,0.030501089324618737,0.7,11.613253012048192
"Evolving Wilds, Exotic Orchard",Path of Ancestry,0.030501089324618737,0.7,11.613253012048192
"Ash Barrens, Path of Ancestry, Sol Ring","Command Tower, Exotic Orchard",0.02178649237472767,0.9090909090909092,11.590909090909092
"Arcane Signet, Ash Barrens, Path of Ancestry, Sol Ring","Command Tower, Exotic Orchard",0.02178649237472767,0.9090909090909092,11.590909090909092
"Arcane Signet, Ash Barrens, Path of Ancestry","Command Tower, Exotic Orchard",0.02178649237472767,0.9090909090909092,11.590909090909092
"Ash Barrens, Path of Ancestry","Command Tower, Exotic Orchard",0.02178649237472767,0.9090909090909092,11.590909090909092
"Arcane Signet, Evolving Wilds, Sol Ring","Command Tower, Terramorphic Expanse",0.026143790849673203,0.6545454545454545,11.555244755244756
"Command Tower, Terramorphic Expanse","Arcane Signet, Evolving Wilds, Sol Ring",0.026143790849673203,0.46153846153846156,11.555244755244756
"Commander's Sphere, Path of Ancestry","Arcane Signet, Exotic Orchard, Sol Ring",0.020334059549745823,0.7777777777777777,11.516129032258062
"Commander's Sphere, Path of Ancestry","Arcane Signet, Command Tower, Exotic Orchard, Sol Ring",0.020334059549745823,0.7777777777777777,11.516129032258062
"Command Tower, Commander's Sphere, Path of Ancestry","Arcane Signet, Exotic Orchard, Sol Ring",0.020334059549745823,0.7777777777777777,11.516129032258062
"Evolving Wilds, Path of Ancestry, Sol Ring","Command Tower, Terramorphic Expanse",0.02178649237472767,0.6521739130434784,11.513377926421407
"Evolving Wilds, Path of Ancestry","Command Tower, Terramorphic Expanse",0.02178649237472767,0.6521739130434784,11.513377926421407
Mind Rot,Gravedigger,0.020334059549745823,0.5,11.475
Gravedigger,Mind Rot,0.020334059549745823,0.4666666666666666,11.475
"Arcane Signet, Command Tower, Terramorphic Expanse","Evolving Wilds, Sol Ring",0.026143790849673203,0.782608695652174,11.464384828862165
"Arcane Signet, Terramorphic Expanse","Evolving Wilds, Sol Ring",0.026143790849673203,0.782608695652174,11.464384828862165
"Ash Barrens, Command Tower, Sol Ring","Arcane Signet, Exotic Orchard, Path of Ancestry",0.02178649237472767,0.5660377358490567,11.4622641509434
"Ash Barrens, Sol Ring","Arcane Signet, Command Tower, Exotic Orchard, Path of Ancestry",0.02178649237472767,0.5660377358490567,11.4622641509434
"Ash Barrens, Sol Ring","Arcane Signet, Exotic Orchard, Path of Ancestry",0.02178649237472767,0.5660377358490567,11.4622641509434
Ash Barrens,"Arcane Signet, Command Tower, Exotic Orchard, Path of Ancestry",0.02178649237472767,0.5660377358490567,11.4622641509434
Ash Barrens,"Arcane Signet, Exotic Orchard, Path of Ancestry",0.02178649237472767,0.5660377358490567,11.4622641509434
"Ash Barrens, Command Tower","Arcane Signet, Exotic Orchard, Path of Ancestry",0.02178649237472767,0.5660377358490567,11.4622641509434
"Arcane Signet, Command Tower, Exotic Orchard, Path of Ancestry",Ash Barrens,0.02178649237472767,0.44117647058823534,11.462264150943398
"Arcane Signet, Command Tower, Exotic Orchard, Path of Ancestry","Ash Barrens, Sol Ring",0.02178649237472767,0.44117647058823534,11.462264150943398
"Arcane Signet, Exotic Orchard, Path of Ancestry","Ash Barrens, Command Tower, Sol Ring",0.02178649237472767,0.44117647058823534,11.462264150943398
"Arcane Signet, Exotic Orchard, Path of Ancestry","Ash Barrens, Command Tower",0.02178649237472767,0.44117647058823534,11.462264150943398
"Arcane Signet, Exotic Orchard, Path of Ancestry",Ash Barrens,0.02178649237472767,0.44117647058823534,11.462264150943398
"Arcane Signet, Exotic Orchard, Path of Ancestry","Ash Barrens, Sol Ring",0.02178649237472767,0.44117647058823534,11.462264150943398
"Arcane Signet, Command Tower, Path of Ancestry","Exotic Orchard, Sol Ring",0.048656499636891795,0.8815789473684211,11.452209533267132
"Exotic Orchard, Sol Ring","Arcane Signet, Command Tower, Path of Ancestry",0.048656499636891795,0.6320754716981133,11.452209533267132
"Arcane Signet, Command Tower, Path of Ancestry, Sol Ring",Ash Barrens,0.023965141612200435,0.43999999999999995,11.431698113207547
Ash Barrens,"Arcane Signet, Command Tower, Path of Ancestry, Sol Ring",0.023965141612200435,0.6226415094339623,11.431698113207547
"Path of Ancestry, Terramorphic Expanse","Command Tower, Exotic Orchard, Sol Ring",0.021060275962236745,0.8787878787878788,11.415951972555748
"Command Tower, Commander's Sphere, Evolving Wilds","Exotic Orchard, Sol Ring",0.021060275962236745,0.8787878787878788,11.415951972555748
"Command Tower, Path of Ancestry, Terramorphic Expanse","Exotic Orchard, Sol Ring",0.021060275962236745,0.8787878787878788,11.415951972555748
"Path of Ancestry, Terramorphic Expanse","Exotic Orchard, Sol Ring",0.021060275962236745,0.8787878787878788,11.415951972555748
"Command Tower, Terramorphic Expanse","Arcane Signet, Evolving Wilds",0.030501089324618737,0.5384615384615384,11.407100591715976
"Arcane Signet, Evolving Wilds","Command Tower, Terramorphic Expanse",0.030501089324618737,0.6461538461538461,11.407100591715976
"Arcane Signet, Evolving Wilds, Exotic Orchard","Command Tower, Sol Ring, Terramorphic Expanse",0.020334059549745823,0.5957446808510638,11.393617021276595
"Ash Barrens, Exotic Orchard, Path of Ancestry","Arcane Signet, Command Tower, Sol Ring",0.02178649237472767,1.0,11.380165289256198
"Ash Barrens, Path of Ancestry","Arcane Signet, Command Tower, Sol Ring",0.023965141612200435,1.0,11.380165289256198
"Arcane Signet, Commander's Sphere, Path of Ancestry","Command Tower, Exotic Orchard, Sol Ring",0.020334059549745823,0.875,11.366745283018869
"Arcane Signet, Command Tower, Commander's Sphere, Path of Ancestry","Exotic Orchard, Sol Ring",0.020334059549745823,0.875,11.366745283018869
"Arcane Signet, Commander's Sphere, Path of Ancestry","Exotic Orchard, Sol Ring",0.020334059549745823,0.875,11.366745283018869
"Exotic Orchard, Sol Ring","Arcane Signet, Path of Ancestry",0.048656499636891795,0.6320754716981133,11.303479539328597
"Command Tower, Exotic Orchard, Sol Ring","Arcane Signet, Path of Ancestry",0.048656499636891795,0.6320754716981133,11.303479539328597
"Arcane Signet, Path of Ancestry","Command Tower, Exotic Orchard, Sol Ring",0.048656499636891795,0.8701298701298701,11.303479539328597
"Arcane Signet, Path of Ancestry","Exotic Orchard, Sol Ring",0.048656499636891795,0.8701298701298701,11.303479539328597
"Arcane Signet, Command Tower, Path of Ancestry","Ash Barrens, Sol Ring",0.023965141612200435,0.4342105263157895,11.281281032770607
"Ash Barrens, Command Tower","Arcane Signet, Path of Ancestry, Sol Ring",0.023965141612200435,0.6226415094339623,11.281281032770607
"Ash Barrens, Sol Ring","Arcane Signet, Command Tower, Path of Ancestry",0.023965141612200435,0.6226415094339623,11.281281032770607
"Arcane Signet, Command Tower, Path of Ancestry",Ash Barrens,0.023965141612200435,0.4342105263157895,11.281281032770607
"Arcane Signet, Path of Ancestry, Sol Ring","Ash Barrens, Command Tower",0.023965141612200435,0.4342105263157895,11.281281032770607
Ash Barrens,"Arcane Signet, Command Tower, Path of Ancestry",0.023965141612200435,0.6226415094339623,11.281281032770607
Ash Barrens,"Arcane Signet, Path of Ancestry, Sol Ring",0.023965141612200435,0.6226415094339623,11.281281032770607
"Arcane Signet, Path of Ancestry, Sol Ring",Ash Barrens,0.023965141612200435,0.4342105263157895,11.281281032770607
Ash Barrens,"Exotic Orchard, Sol Ring",0.03340595497458242,0.8679245283018868,11.274830900676399
"Exotic Orchard, Sol Ring",Ash Barrens,0.03340595497458242,0.4339622641509434,11.274830900676399
"Exotic Orchard, Sol Ring","Ash Barrens, Command Tower",0.03340595497458242,0.4339622641509434,11.274830900676399
"Command Tower, Exotic Orchard, Sol Ring",Ash Barrens,0.03340595497458242,0.4339622641509434,11.274830900676399
Ash Barrens,"Command Tower, Exotic Orchard, Sol Ring",0.03340595497458242,0.8679245283018868,11.274830900676399
"Ash Barrens, Command Tower","Exotic Orchard, Sol Ring",0.03340595497458242,0.8679245283018868,11.274830900676399
"Command Tower, Commander's Sphere, Path of Ancestry, Sol Ring","Arcane Signet, Exotic Orchard",0.020334059549745823,0.7777777777777777,11.273684210526314
"Command Tower, Commander's Sphere, Path of Ancestry","Arcane Signet, Exotic Orchard",0.020334059549745823,0.7777777777777777,11.273684210526314
"Commander's Sphere, Path of Ancestry, Sol Ring","Arcane Signet, Command Tower, Exotic Orchard",0.020334059549745823,0.7777777777777777,11.273684210526314
"Commander's Sphere, Path of Ancestry","Arcane Signet, Command Tower, Exotic Orchard",0.020334059549745823,0.7777777777777777,11.273684210526314
"Commander's Sphere, Path of Ancestry, Sol Ring","Arcane Signet, Exotic Orchard",0.020334059549745823,0.7777777777777777,11.273684210526314
"Commander's Sphere, Path of Ancestry","Arcane Signet, Exotic Orchard",0.020334059549745823,0.7777777777777777,11.273684210526314
"Arcane Signet, Path of Ancestry","Command Tower, Exotic Orchard",0.04938271604938271,0.8831168831168831,11.25974025974026
"Command Tower, Exotic Orchard","Arcane Signet, Path of Ancestry",0.04938271604938271,0.6296296296296297,11.25974025974026
"Arcane Signet, Path of Ancestry, Sol Ring","Command Tower, Exotic Orchard",0.048656499636891795,0.8815789473684211,11.24013157894737
"Command Tower, Exotic Orchard","Arcane Signet, Path of Ancestry, Sol Ring",0.048656499636891795,0.6203703703703703,11.240131578947368
"Command Tower, Evolving Wilds, Path of Ancestry",Exotic Orchard,0.030501089324618737,0.9130434782608696,11.225543478260871
"Command Tower, Evolving Wilds, Path of Ancestry, Sol Ring",Exotic Orchard,0.030501089324618737,0.9130434782608696,11.225543478260871
"Evolving Wilds, Path of Ancestry, Sol Ring",Exotic Orchard,0.030501089324618737,0.9130434782608696,11.225543478260871
"Evolving Wilds, Path of Ancestry",Exotic Orchard,0.030501089324618737,0.9130434782608696,11.225543478260871
"Ash Barrens, Evolving Wilds",Exotic Orchard,0.02251270878721859,0.911764705882353,11.20982142857143
"Ash Barrens, Command Tower, Evolving Wilds, Sol Ring",Exotic Orchard,0.02251270878721859,0.911764705882353,11.20982142857143
"Ash Barrens, Evolving Wilds, Sol Ring",Exotic Orchard,0.02251270878721859,0.911764705882353,11.20982142857143
"Ash Barrens, Command Tower, Evolving Wilds",Exotic Orchard,0.02251270878721859,0.911764705882353,11.20982142857143
"Path of Ancestry, Terramorphic Expanse","Command Tower, Exotic Orchard",0.021060275962236745,0.8787878787878788,11.204545454545455
"Path of Ancestry, Sol Ring, Terramorphic Expanse","Command Tower, Exotic Orchard",0.021060275962236745,0.8787878787878788,11.204545454545455
"Commander's Sphere, Path of Ancestry","Exotic Orchard, Sol Ring",0.02251270878721859,0.8611111111111112,11.186320754716983
"Commander's Sphere, Path of Ancestry","Command Tower, Exotic Orchard, Sol Ring",0.02251270878721859,0.8611111111111112,11.186320754716983
"Command Tower, Commander's Sphere, Path of Ancestry","Exotic Orchard, Sol Ring",0.02251270878721859,0.8611111111111112,11.186320754716983
"Arcane Signet, Ash Barrens, Path of Ancestry",Exotic Orchard,0.02178649237472767,0.9090909090909092,11.176948051948054
"Arcane Signet, Ash Barrens, Path of Ancestry, Sol Ring",Exotic Orchard,0.02178649237472767,0.9090909090909092,11.176948051948054
"Ash Barrens, Path of Ancestry",Exotic Orchard,0.02178649237472767,0.9090909090909092,11.176948051948054
"Ash Barrens, Command Tower, Path of Ancestry, Sol Ring",Exotic Orchard,0.02178649237472767,0.9090909090909092,11.176948051948054
"Ash Barrens, Path of Ancestry, Sol Ring",Exotic Orchard,0.02178649237472767,0.9090909090909092,11.176948051948054
"Arcane Signet, Ash Barrens, Command Tower, Path of Ancestry, Sol Ring",Exotic Orchard,0.02178649237472767,0.9090909090909092,11.176948051948054
"Ash Barrens, Command Tower, Path of Ancestry",Exotic Orchard,0.02178649237472767,0.9090909090909092,11.176948051948054
"Command Tower, Commander's Sphere, Evolving Wilds",Exotic Orchard,0.02178649237472767,0.9090909090909092,11.176948051948054
"Arcane Signet, Ash Barrens, Command Tower, Path of Ancestry",Exotic Orchard,0.02178649237472767,0.9090909090909092,11.176948051948054
"Arcane Signet, Commander's Sphere, Path of Ancestry, Sol Ring","Command Tower, Exotic Orchard",0.020334059549745823,0.875,11.15625
"Arcane Signet, Commander's Sphere, Path of Ancestry","Command Tower, Exotic Orchard",0.020334059549745823,0.875,11.15625
"Command Tower, Commander's Sphere, Evolving Wilds, Sol Ring",Exotic Orchard,0.021060275962236745,0.9062499999999999,11.142020089285714
"Arcane Signet, Path of Ancestry","Ash Barrens, Command Tower",0.023965141612200435,0.42857142857142855,11.134770889487871
"Ash Barrens, Command Tower","Exotic Orchard, Path of Ancestry, Sol Ring",0.02178649237472767,0.5660377358490567,11.134770889487871
"Ash Barrens, Command Tower, Sol Ring","Arcane Signet, Path of Ancestry",0.023965141612200435,0.6226415094339623,11.134770889487871
"Exotic Orchard, Path of Ancestry, Sol Ring","Ash Barrens, Command Tower",0.02178649237472767,0.42857142857142855,11.134770889487871
"Command Tower, Exotic Orchard, Path of Ancestry, Sol Ring",Ash Barrens,0.02178649237472767,0.42857142857142855,11.134770889487871
"Arcane Signet, Path of Ancestry","Ash Barrens, Sol Ring",0.023965141612200435,0.42857142857142855,11.134770889487871
"Exotic Orchard, Path of Ancestry, Sol Ring",Ash Barrens,0.02178649237472767,0.42857142857142855,11.134770889487871
"Ash Barrens, Sol Ring","Arcane Signet, Path of Ancestry",0.023965141612200435,0.6226415094339623,11.134770889487871
"Arcane Signet, Path of Ancestry","Ash Barrens, Command Tower, Sol Ring",0.023965141612200435,0.42857142857142855,11.134770889487871
Ash Barrens,"Arcane Signet, Path of Ancestry",0.023965141612200435,0.6226415094339623,11.134770889487871
"Arcane Signet, Path of Ancestry",Ash Barrens,0.023965141612200435,0.42857142857142855,11.134770889487871
"Ash Barrens, Command Tower","Arcane Signet, Path of Ancestry",0.023965141612200435,0.6226415094339623,11.134770889487871
Ash Barrens,"Command Tower, Exotic Orchard, Path of Ancestry, Sol Ring",0.02178649237472767,0.5660377358490567,11.134770889487871
Ash Barrens,"Exotic Orchard, Path of Ancestry, Sol Ring",0.02178649237472767,0.5660377358490567,11.134770889487871
"Ash Barrens, Command Tower, Path of Ancestry","Arcane Signet, Sol Ring",0.023965141612200435,1.0,11.10483870967742
"Ash Barrens, Path of Ancestry","Arcane Signet, Sol Ring",0.023965141612200435,1.0,11.10483870967742
"Ash Barrens, Command Tower, Exotic Orchard, Path of Ancestry","Arcane Signet, Sol Ring",0.02178649237472767,1.0,11.10483870967742
"Command Tower, Prairie Stream",Exotic Orchard,0.020334059549745823,0.9032258064516129,11.10483870967742
"Ash Barrens, Exotic Orchard, Path of Ancestry","Arcane Signet, Sol Ring",0.02178649237472767,1.0,11.10483870967742
"Command Tower, Path of Ancestry","Exotic Orchard, Sol Ring",0.050835148874364564,0.8536585365853658,11.08950759318914
"Arcane Signet, Command Tower, Temple of the False God","Exotic Orchard, Sol Ring",0.025417574437182282,0.8536585365853658,11.08950759318914
"Arcane Signet, Temple of the False God","Exotic Orchard, Sol Ring",0.025417574437182282,0.8536585365853658,11.08950759318914
"Arcane Signet, Temple of the False God","Command Tower, Exotic Orchard, Sol Ring",0.025417574437182282,0.8536585365853658,11.08950759318914
"Exotic Orchard, Sol Ring","Command Tower, Path of Ancestry",0.050835148874364564,0.6603773584905661,11.08950759318914
"Ash Barrens, Exotic Orchard","Command Tower, Path of Ancestry, Sol Ring",0.02178649237472767,0.6521739130434784,11.086956521739133
"Arcane Signet, Evolving Wilds, Exotic Orchard","Sol Ring, Terramorphic Expanse",0.020334059549745823,0.5957446808510638,11.085681426106957
"Arcane Signet, Command Tower, Evolving Wilds, Exotic Orchard","Sol Ring, Terramorphic Expanse",0.020334059549745823,0.5957446808510638,11.085681426106957
"Arcane Signet, Command Tower, Commander's Sphere, Sol Ring","Exotic Orchard, Path of Ancestry",0.020334059549745823,0.5714285714285714,11.082494969818914
"Commander's Sphere, Exotic Orchard, Sol Ring","Command Tower, Path of Ancestry",0.02251270878721859,0.6595744680851063,11.07602490918526
"Command Tower, Exotic Orchard","Ash Barrens, Sol Ring",0.03340595497458242,0.42592592592592593,11.066037735849058
"Command Tower, Exotic Orchard",Ash Barrens,0.03340595497458242,0.42592592592592593,11.066037735849058
"Ash Barrens, Sol Ring","Command Tower, Exotic Orchard",0.03340595497458242,0.8679245283018868,11.066037735849058
Ash Barrens,"Command Tower, Exotic Orchard",0.03340595497458242,0.8679245283018868,11.066037735849058
"Arcane Signet, Command Tower, Commander's Sphere","Exotic Orchard, Path of Ancestry, Sol Ring",0.020334059549745823,0.5599999999999999,11.015999999999998
"Arcane Signet, Command Tower, Path of Ancestry",Exotic Orchard,0.04938271604938271,0.8947368421052632,11.00046992481203
Exotic Orchard,"Arcane Signet, Command Tower, Path of Ancestry",0.04938271604938271,0.6071428571428571,11.000469924812029
"Arcane Signet, Command Tower, Path of Ancestry, Sol Ring",Exotic Orchard,0.048656499636891795,0.8933333333333333,10.983214285714286
Exotic Orchard,"Arcane Signet, Command Tower, Path of Ancestry, Sol Ring",0.048656499636891795,0.5982142857142858,10.983214285714286
"Commander's Sphere, Path of Ancestry","Command Tower, Exotic Orchard",0.02251270878721859,0.8611111111111112,10.979166666666668
"Commander's Sphere, Path of Ancestry, Sol Ring","Command Tower, Exotic Orchard",0.02251270878721859,0.8611111111111112,10.979166666666668
"Commander's Sphere, Exotic Orchard","Command Tower, Path of Ancestry, Sol Ring",0.02251270878721859,0.6458333333333333,10.979166666666666
"Ash Barrens, Command Tower","Exotic Orchard, Path of Ancestry",0.02178649237472767,0.5660377358490567,10.977943130481002
"Ash Barrens, Command Tower, Sol Ring","Exotic Orchard, Path of Ancestry",0.02178649237472767,0.5660377358490567,10.977943130481002
"Command Tower, Exotic Orchard, Path of Ancestry",Ash Barrens,0.02178649237472767,0.4225352112676057,10.977943130481002
"Ash Barrens, Sol Ring","Exotic Orchard, Path of Ancestry",0.02178649237472767,0.5660377358490567,10.977943130481002
"Exotic Orchard, Path of Ancestry","Ash Barrens, Command Tower",0.02178649237472767,0.4225352112676057,10.977943130481002
"Command Tower, Exotic Orchard, Path of Ancestry","Ash Barrens, Sol Ring",0.02178649237472767,0.4225352112676057,10.977943130481002
"Exotic Orchard, Path of Ancestry",Ash Barrens,0.02178649237472767,0.4225352112676057,10.977943130481002
Ash Barrens,"Command Tower, Exotic Orchard, Path of Ancestry",0.02178649237472767,0.5660377358490567,10.977943130481002
"Exotic Orchard, Path of Ancestry","Ash Barrens, Sol Ring",0.02178649237472767,0.4225352112676057,10.977943130481002
"Exotic Orchard, Path of Ancestry","Ash Barrens, Command Tower, Sol Ring",0.02178649237472767,0.4225352112676057,10.977943130481002
"Ash Barrens, Sol Ring","Command Tower, Exotic Orchard, Path of Ancestry",0.02178649237472767,0.5660377358490567,10.977943130481002
Ash Barrens,"Exotic Orchard, Path of Ancestry",0.02178649237472767,0.5660377358490567,10.977943130481002
"Command Tower, Exotic Orchard, Sol Ring",Path of Ancestry,0.050835148874364564,0.6603773584905661,10.955899067969995
"Exotic Orchard, Sol Ring",Path of Ancestry,0.050835148874364564,0.6603773584905661,10.955899067969995
Path of Ancestry,"Exotic Orchard, Sol Ring",0.050835148874364564,0.8433734939759037,10.955899067969995
Path of Ancestry,"Command Tower, Exotic Orchard, Sol Ring",0.050835148874364564,0.8433734939759037,10.955899067969995
"Ash Barrens, Exotic Orchard","Path of Ancestry, Sol Ring",0.02178649237472767,0.6521739130434784,10.951749734888654
"Ash Barrens, Exotic Orchard, Sol Ring","Command Tower, Path of Ancestry",0.02178649237472767,0.6521739130434784,10.951749734888654
"Ash Barrens, Exotic Orchard","Command Tower, Path of Ancestry",0.02178649237472767,0.6521739130434784,10.951749734888654
"Ash Barrens, Command Tower, Exotic Orchard","Path of Ancestry, Sol Ring",0.02178649237472767,0.6521739130434784,10.951749734888654
"Commander's Sphere, Exotic Orchard, Sol Ring",Path of Ancestry,0.02251270878721859,0.6595744680851063,10.942578825942066
"Command Tower, Commander's Sphere, Exotic Orchard, Sol Ring",Path of Ancestry,0.02251270878721859,0.6595744680851063,10.942578825942066
"Command Tower, Fellwar Stone","Exotic Orchard, Sol Ring",0.023238925199709513,0.8421052631578948,10.939424031777559
"Command Tower, Commander's Sphere","Evolving Wilds, Exotic Orchard",0.02178649237472767,0.4761904761904763,10.92857142857143
"Commander's Sphere, Evolving Wilds","Command Tower, Exotic Orchard",0.02178649237472767,0.8571428571428571,10.928571428571429
"Evolving Wilds, Exotic Orchard","Command Tower, Commander's Sphere",0.02178649237472767,0.5,10.928571428571429
"Command Tower, Exotic Orchard",Path of Ancestry,0.05156136528685548,0.6574074074074074,10.906626506024097
Path of Ancestry,"Command Tower, Exotic Orchard",0.05156136528685548,0.8554216867469879,10.906626506024097
"Arcane Signet, Evolving Wilds, Exotic Orchard","Command Tower, Terramorphic Expanse",0.021060275962236745,0.6170212765957446,10.892798690671029
"Path of Ancestry, Sol Ring","Command Tower, Exotic Orchard",0.050835148874364564,0.8536585365853658,10.884146341463415
"Arcane Signet, Temple of the False God","Command Tower, Exotic Orchard",0.025417574437182282,0.8536585365853658,10.884146341463415
"Arcane Signet, Sol Ring, Temple of the False God","Command Tower, Exotic Orchard",0.025417574437182282,0.8536585365853658,10.884146341463415
"Command Tower, Exotic Orchard","Path of Ancestry, Sol Ring",0.050835148874364564,0.6481481481481481,10.884146341463413
"Arcane Signet, Ash Barrens","Command Tower, Exotic Orchard, Sol Ring",0.026143790849673203,0.8372093023255814,10.875822729267224
"Arcane Signet, Ash Barrens","Exotic Orchard, Sol Ring",0.026143790849673203,0.8372093023255814,10.875822729267224
"Arcane Signet, Ash Barrens, Command Tower","Exotic Orchard, Sol Ring",0.026143790849673203,0.8372093023255814,10.875822729267224
"Commander's Sphere, Evolving Wilds, Sol Ring","Command Tower, Exotic Orchard",0.021060275962236745,0.8529411764705882,10.875
"Arcane Signet, Command Tower, Commander's Sphere","Exotic Orchard, Path of Ancestry",0.020334059549745823,0.5599999999999999,10.860845070422535
Exotic Orchard,"Arcane Signet, Path of Ancestry",0.04938271604938271,0.6071428571428571,10.85760667903525
"Arcane Signet, Path of Ancestry",Exotic Orchard,0.04938271604938271,0.8831168831168831,10.85760667903525
"Command Tower, Commander's Sphere, Exotic Orchard","Path of Ancestry, Sol Ring",0.02251270878721859,0.6458333333333333,10.845274390243901
"Commander's Sphere, Exotic Orchard","Path of Ancestry, Sol Ring",0.02251270878721859,0.6458333333333333,10.845274390243901
"Commander's Sphere, Exotic Orchard","Command Tower, Path of Ancestry",0.02251270878721859,0.6458333333333333,10.845274390243901
Exotic Orchard,"Arcane Signet, Path of Ancestry, Sol Ring",0.048656499636891795,0.5982142857142858,10.83869830827068
"Arcane Signet, Path of Ancestry, Sol Ring",Exotic Orchard,0.048656499636891795,0.8815789473684211,10.838698308270677
"Arcane Signet, Command Tower, Commander's Sphere, Sol Ring",Path of Ancestry,0.023238925199709513,0.653061224489796,10.834521760511436
"Sol Ring, Temple of the False God","Command Tower, Myriad Landscape",0.023238925199709513,0.463768115942029,10.823876197494473
"Command Tower, Myriad Landscape","Sol Ring, Temple of the False God",0.023238925199709513,0.5423728813559322,10.823876197494473
"Exotic Orchard, Sol Ring, Terramorphic Expanse","Command Tower, Path of Ancestry",0.021060275962236745,0.6444444444444444,10.821951219512194
"Ash Barrens, Command Tower, Exotic Orchard, Sol Ring",Path of Ancestry,0.02178649237472767,0.6521739130434784,10.819800942902045
"Ash Barrens, Command Tower, Exotic Orchard",Path of Ancestry,0.02178649237472767,0.6521739130434784,10.819800942902045
"Ash Barrens, Exotic Orchard, Sol Ring",Path of Ancestry,0.02178649237472767,0.6521739130434784,10.819800942902045
"Ash Barrens, Exotic Orchard",Path of Ancestry,0.02178649237472767,0.6521739130434784,10.819800942902045
Prairie Stream,"Command Tower, Exotic Orchard",0.020334059549745823,0.8484848484848485,10.818181818181818
"Path of Ancestry, Sol Ring, Terramorphic Expanse",Exotic Orchard,0.021060275962236745,0.8787878787878788,10.804383116883118
"Command Tower, Path of Ancestry, Sol Ring, Terramorphic Expanse",Exotic Orchard,0.021060275962236745,0.8787878787878788,10.804383116883118
"Path of Ancestry, Terramorphic Expanse",Exotic Orchard,0.021060275962236745,0.8787878787878788,10.804383116883118
"Command Tower, Path of Ancestry, Terramorphic Expanse",Exotic Orchard,0.021060275962236745,0.8787878787878788,10.804383116883118
"Commander's Sphere, Exotic Orchard, Sol Ring","Arcane Signet, Command Tower, Path of Ancestry",0.020334059549745823,0.5957446808510638,10.793952967525195
"Commander's Sphere, Evolving Wilds","Exotic Orchard, Sol Ring",0.021060275962236745,0.8285714285714285,10.763611859838274
"Commander's Sphere, Evolving Wilds","Command Tower, Exotic Orchard, Sol Ring",0.021060275962236745,0.8285714285714285,10.763611859838274
"Arcane Signet, Commander's Sphere, Path of Ancestry, Sol Ring",Exotic Orchard,0.020334059549745823,0.875,10.7578125
"Arcane Signet, Command Tower, Commander's Sphere, Path of Ancestry, Sol Ring",Exotic Orchard,0.020334059549745823,0.875,10.7578125
"Arcane Signet, Commander's Sphere, Path of Ancestry",Exotic Orchard,0.020334059549745823,0.875,10.7578125
"Myriad Landscape, Path of Ancestry","Arcane Signet, Sol Ring",0.02251270878721859,0.96875,10.7578125
"Arcane Signet, Command Tower, Commander's Sphere, Path of Ancestry",Exotic Orchard,0.020334059549745823,0.875,10.7578125
"Arcane Signet, Command Tower, Commander's Sphere","Path of Ancestry, Sol Ring",0.023238925199709513,0.64,10.747317073170732
"Command Tower, Myriad Landscape, Path of Ancestry","Arcane Signet, Sol Ring",0.02178649237472767,0.967741935483871,10.746618106139438
"Arcane Signet, Evolving Wilds, Exotic Orchard, Sol Ring","Command Tower, Terramorphic Expanse",0.020334059549745823,0.6086956521739131,10.745819397993312
"Evolving Wilds, Exotic Orchard, Sol Ring","Command Tower, Commander's Sphere",0.021060275962236745,0.4915254237288135,10.743341404358354
"Command Tower, Commander's Sphere","Evolving Wilds, Exotic Orchard, Sol Ring",0.021060275962236745,0.4603174603174603,10.743341404358352
"Arcane Signet, Command Tower, Sol Ring","Exotic Orchard, Path of Ancestry",0.048656499636891795,0.5537190082644629,10.739029216622047
"Exotic Orchard, Path of Ancestry","Arcane Signet, Command Tower, Sol Ring",0.048656499636891795,0.943661971830986,10.739029216622047
"Evolving Wilds, Exotic Orchard","Command Tower, Commander's Sphere, Sol Ring",0.021060275962236745,0.4833333333333333,10.734677419354837
"Command Tower, Commander's Sphere, Sol Ring","Evolving Wilds, Exotic Orchard",0.021060275962236745,0.46774193548387094,10.734677419354837
"Arcane Signet, Evolving Wilds","Command Tower, Path of Ancestry, Sol Ring",0.029774872912127815,0.6307692307692307,10.723076923076922
"Command Tower, Path of Ancestry, Sol Ring","Arcane Signet, Evolving Wilds",0.029774872912127815,0.5061728395061729,10.723076923076922
"Command Tower, Commander's Sphere, Exotic Orchard",Path of Ancestry,0.02251270878721859,0.6458333333333333,10.71460843373494
"Commander's Sphere, Exotic Orchard",Path of Ancestry,0.02251270878721859,0.6458333333333333,10.71460843373494
"Commander's Sphere, Exotic Orchard","Arcane Signet, Command Tower, Path of Ancestry, Sol Ring",0.020334059549745823,0.5833333333333333,10.709999999999997
"Exotic Orchard, Sol Ring, Terramorphic Expanse",Path of Ancestry,0.021060275962236745,0.6444444444444444,10.69156626506024
"Command Tower, Exotic Orchard, Sol Ring, Terramorphic Expanse",Path of Ancestry,0.021060275962236745,0.6444444444444444,10.69156626506024
"Command Tower, Fellwar Stone",Exotic Orchard,0.023965141612200435,0.868421052631579,10.676926691729324
"Arcane Signet, Ash Barrens, Sol Ring","Command Tower, Exotic Orchard",0.026143790849673203,0.8372093023255814,10.674418604651164
"Arcane Signet, Ash Barrens","Command Tower, Exotic Orchard",0.026143790849673203,0.8372093023255814,10.674418604651164
Exotic Orchard,Ash Barrens,0.03340595497458242,0.4107142857142857,10.670822102425877
Exotic Orchard,"Ash Barrens, Command Tower",0.03340595497458242,0.4107142857142857,10.670822102425877
"Ash Barrens, Command Tower",Exotic Orchard,0.03340595497458242,0.8679245283018868,10.670822102425877
Exotic Orchard,"Ash Barrens, Sol Ring",0.03340595497458242,0.4107142857142857,10.670822102425877
"Ash Barrens, Sol Ring",Exotic Orchard,0.03340595497458242,0.8679245283018868,10.670822102425877
Ash Barrens,Exotic Orchard,0.03340595497458242,0.8679245283018868,10.670822102425877
"Ash Barrens, Command Tower, Sol Ring",Exotic Orchard,0.03340595497458242,0.8679245283018868,10.670822102425877
Exotic Orchard,"Ash Barrens, Command Tower, Sol Ring",0.03340595497458242,0.4107142857142857,10.670822102425877
"Myriad Landscape, Path of Ancestry","Arcane Signet, Command Tower, Sol Ring",0.02178649237472767,0.9375000000000001,10.668904958677688
"Arcane Signet, Evolving Wilds, Sol Ring","Command Tower, Exotic Orchard",0.03340595497458242,0.8363636363636363,10.663636363636362
"Command Tower, Exotic Orchard","Arcane Signet, Evolving Wilds, Sol Ring",0.03340595497458242,0.42592592592592593,10.663636363636362
"Commander's Sphere, Exotic Orchard, Sol Ring","Arcane Signet, Path of Ancestry",0.020334059549745823,0.5957446808510638,10.653771760154738
"Command Tower, Commander's Sphere, Exotic Orchard, Sol Ring","Arcane Signet, Path of Ancestry",0.020334059549745823,0.5957446808510638,10.653771760154738
"Arcane Signet, Commander's Sphere, Sol Ring","Command Tower, Exotic Orchard, Path of Ancestry",0.020334059549745823,0.5490196078431373,10.647887323943664
"Arcane Signet, Commander's Sphere, Sol Ring","Exotic Orchard, Path of Ancestry",0.020334059549745823,0.5490196078431373,10.647887323943664
"Command Tower, Path of Ancestry",Exotic Orchard,0.05156136528685548,0.8658536585365854,10.64536149825784
Exotic Orchard,"Command Tower, Path of Ancestry",0.05156136528685548,0.6339285714285714,10.645361498257838
"Command Tower, Fellwar Stone, Sol Ring",Exotic Orchard,0.023238925199709513,0.8648648648648649,10.633204633204635
"Command Tower, Path of Ancestry, Sol Ring",Exotic Orchard,0.050835148874364564,0.8641975308641976,10.625000000000002
Exotic Orchard,"Command Tower, Path of Ancestry, Sol Ring",0.050835148874364564,0.6250000000000001,10.625000000000002
"Arcane Signet, Command Tower, Commander's Sphere",Path of Ancestry,0.023238925199709513,0.64,10.617831325301205
"Arcane Signet, Command Tower, Evolving Wilds","Path of Ancestry, Sol Ring",0.029774872912127815,0.6307692307692307,10.592307692307692
"Command Tower, Path of Ancestry","Arcane Signet, Evolving Wilds",0.029774872912127815,0.5,10.592307692307692
"Arcane Signet, Evolving Wilds","Command Tower, Path of Ancestry",0.029774872912127815,0.6307692307692307,10.592307692307692
"Arcane Signet, Evolving Wilds","Path of Ancestry, Sol Ring",0.029774872912127815,0.6307692307692307,10.592307692307692
"Path of Ancestry, Sol Ring","Arcane Signet, Evolving Wilds",0.029774872912127815,0.5,10.592307692307692
"Path of Ancestry, Sol Ring","Arcane Signet, Command Tower, Evolving Wilds",0.029774872912127815,0.5,10.592307692307692
"Arcane Signet, Commander's Sphere","Command Tower, Exotic Orchard, Path of Ancestry, Sol Ring",0.020334059549745823,0.5384615384615384,10.592307692307692
"Command Tower, Sol Ring, Terramorphic Expanse","Arcane Signet, Evolving Wilds",0.026143790849673203,0.5,10.592307692307692
"Arcane Signet, Evolving Wilds","Command Tower, Sol Ring, Terramorphic Expanse",0.026143790849673203,0.5538461538461539,10.592307692307692
"Arcane Signet, Commander's Sphere","Exotic Orchard, Path of Ancestry, Sol Ring",0.020334059549745823,0.5384615384615384,10.592307692307692
"Commander's Sphere, Path of Ancestry, Sol Ring",Exotic Orchard,0.02251270878721859,0.8611111111111112,10.587053571428573
"Command Tower, Commander's Sphere, Path of Ancestry",Exotic Orchard,0.02251270878721859,0.8611111111111112,10.587053571428573
"Command Tower, Commander's Sphere, Path of Ancestry, Sol Ring",Exotic Orchard,0.02251270878721859,0.8611111111111112,10.587053571428573
"Commander's Sphere, Path of Ancestry",Exotic Orchard,0.02251270878721859,0.8611111111111112,10.587053571428573
"Command Tower, Exotic Orchard, Terramorphic Expanse","Path of Ancestry, Sol Ring",0.021060275962236745,0.6304347826086957,10.586691410392365
Ash Barrens,"Command Tower, Path of Ancestry, Sol Ring",0.023965141612200435,0.6226415094339623,10.58490566037736
"Command Tower, Path of Ancestry, Sol Ring",Ash Barrens,0.023965141612200435,0.4074074074074074,10.584905660377359
"Command Tower, Commander's Sphere, Exotic Orchard","Arcane Signet, Path of Ancestry, Sol Ring",0.020334059549745823,0.5833333333333333,10.56907894736842
"Commander's Sphere, Exotic Orchard","Arcane Signet, Path of Ancestry, Sol Ring",0.020334059549745823,0.5833333333333333,10.56907894736842
"Commander's Sphere, Exotic Orchard","Arcane Signet, Command Tower, Path of Ancestry",0.020334059549745823,0.5833333333333333,10.56907894736842
"Evolving Wilds, Exotic Orchard, Path of Ancestry","Arcane Signet, Command Tower, Sol Ring",0.02832244008714597,0.9285714285714285,10.567296340023612
"Commander's Sphere, Evolving Wilds",Exotic Orchard,0.02178649237472767,0.8571428571428571,10.53826530612245
"Arcane Signet, Commander's Sphere, Sol Ring","Command Tower, Path of Ancestry",0.023238925199709513,0.6274509803921569,10.536585365853657
Path of Ancestry,Exotic Orchard,0.05156136528685548,0.8554216867469879,10.517104130808951
Exotic Orchard,Path of Ancestry,0.05156136528685548,0.6339285714285714,10.51710413080895
Exotic Orchard,"Path of Ancestry, Sol Ring",0.050835148874364564,0.6250000000000001,10.495426829268295
"Arcane Signet, Command Tower, Sol Ring, Temple of the False God",Exotic Orchard,0.025417574437182282,0.8536585365853658,10.495426829268293
"Arcane Signet, Temple of the False God",Exotic Orchard,0.025417574437182282,0.8536585365853658,10.495426829268293
"Arcane Signet, Command Tower, Temple of the False God",Exotic Orchard,0.025417574437182282,0.8536585365853658,10.495426829268293
"Arcane Signet, Sol Ring, Temple of the False God",Exotic Orchard,0.025417574437182282,0.8536585365853658,10.495426829268293
"Path of Ancestry, Sol Ring",Exotic Orchard,0.050835148874364564,0.8536585365853658,10.495426829268293
"Commander's Sphere, Evolving Wilds, Sol Ring",Exotic Orchard,0.021060275962236745,0.8529411764705882,10.486607142857142
"Exotic Orchard, Path of Ancestry","Arcane Signet, Sol Ring",0.048656499636891795,0.943661971830986,10.479213993639256
"Command Tower, Exotic Orchard, Path of Ancestry","Arcane Signet, Sol Ring",0.048656499636891795,0.943661971830986,10.479213993639256
"Arcane Signet, Sol Ring","Exotic Orchard, Path of Ancestry",0.048656499636891795,0.5403225806451613,10.479213993639254
"Arcane Signet, Sol Ring","Command Tower, Exotic Orchard, Path of Ancestry",0.048656499636891795,0.5403225806451613,10.479213993639254
Path of Ancestry,"Arcane Signet, Command Tower, Evolving Wilds",0.029774872912127815,0.49397590361445787,10.46468952734013
"Arcane Signet, Evolving Wilds",Path of Ancestry,0.029774872912127815,0.6307692307692307,10.46468952734013
Path of Ancestry,"Arcane Signet, Evolving Wilds",0.029774872912127815,0.49397590361445787,10.46468952734013
"Arcane Signet, Command Tower, Evolving Wilds",Path of Ancestry,0.029774872912127815,0.6307692307692307,10.46468952734013
"Fellwar Stone, Sol Ring","Command Tower, Exotic Orchard",0.023238925199709513,0.8205128205128206,10.461538461538463
"Arcane Signet, Commander's Sphere","Command Tower, Path of Ancestry, Sol Ring",0.023238925199709513,0.6153846153846154,10.461538461538462
"Command Tower, Exotic Orchard, Terramorphic Expanse",Path of Ancestry,0.021060275962236745,0.6304347826086957,10.459140911471975
Ash Barrens,"Command Tower, Path of Ancestry",0.023965141612200435,0.6226415094339623,10.455821445006904
Ash Barrens,"Path of Ancestry, Sol Ring",0.023965141612200435,0.6226415094339623,10.455821445006904
"Ash Barrens, Command Tower","Path of Ancestry, Sol Ring",0.023965141612200435,0.6226415094339623,10.455821445006904
"Ash Barrens, Sol Ring","Command Tower, Path of Ancestry",0.023965141612200435,0.6226415094339623,10.455821445006904
"Path of Ancestry, Sol Ring","Ash Barrens, Command Tower",0.023965141612200435,0.40243902439024387,10.455821445006903
"Command Tower, Path of Ancestry","Ash Barrens, Sol Ring",0.023965141612200435,0.40243902439024387,10.455821445006903
"Path of Ancestry, Sol Ring",Ash Barrens,0.023965141612200435,0.40243902439024387,10.455821445006903
"Command Tower, Path of Ancestry",Ash Barrens,0.023965141612200435,0.40243902439024387,10.455821445006903
"Arcane Signet, Commander's Sphere","Exotic Orchard, Path of Ancestry",0.020334059549745823,0.5384615384615384,10.443120260021669
"Arcane Signet, Commander's Sphere","Command Tower, Exotic Orchard, Path of Ancestry",0.020334059549745823,0.5384615384615384,10.443120260021669
Prairie Stream,Exotic Orchard,0.020334059549745823,0.8484848484848485,10.431818181818183
"Ash Barrens, Exotic Orchard, Path of Ancestry","Arcane Signet, Command Tower",0.02178649237472767,1.0,10.431818181818182
Myriad Landscape,"Command Tower, Sol Ring, Temple of the False God",0.023238925199709513,0.48484848484848486,10.431818181818182
"Ash Barrens, Exotic Orchard, Path of Ancestry, Sol Ring","Arcane Signet, Command Tower",0.02178649237472767,1.0,10.431818181818182
"Command Tower, Temple of the False God",Myriad Landscape,0.023238925199709513,0.5,10.431818181818182
"Ash Barrens, Path of Ancestry, Sol Ring","Arcane Signet, Command Tower",0.023965141612200435,1.0,10.431818181818182
"Ash Barrens, Path of Ancestry","Arcane Signet, Command Tower",0.023965141612200435,1.0,10.431818181818182
"Command Tower, Sol Ring, Temple of the False God",Myriad Landscape,0.023238925199709513,0.5,10.431818181818182
"Command Tower, Temple of the False God","Myriad Landscape, Sol Ring",0.023238925199709513,0.5,10.431818181818182
"Myriad Landscape, Sol Ring","Command Tower, Temple of the False God",0.023238925199709513,0.48484848484848486,10.431818181818182
Myriad Landscape,"Command Tower, Temple of the False God",0.023238925199709513,0.48484848484848486,10.431818181818182
"Command Tower, Commander's Sphere, Exotic Orchard","Arcane Signet, Path of Ancestry",0.020334059549745823,0.5833333333333333,10.43181818181818
"Commander's Sphere, Exotic Orchard","Arcane Signet, Path of Ancestry",0.020334059549745823,0.5833333333333333,10.43181818181818
"Arcane Signet, Commander's Sphere, Sol Ring",Path of Ancestry,0.023238925199709513,0.6274509803921569,10.409638554216867
"Command Tower, Prairie Stream","Arcane Signet, Sol Ring",0.021060275962236745,0.9354838709677419,10.388397502601457
"Arcane Signet, Terramorphic Expanse","Command Tower, Path of Ancestry, Sol Ring",0.020334059549745823,0.6086956521739131,10.347826086956523
"Arcane Signet, Commander's Sphere","Command Tower, Path of Ancestry",0.023238925199709513,0.6153846153846154,10.333958724202628
"Arcane Signet, Commander's Sphere","Path of Ancestry, Sol Ring",0.023238925199709513,0.6153846153846154,10.333958724202628
Ash Barrens,Path of Ancestry,0.023965141612200435,0.6226415094339623,10.329847692657424
"Ash Barrens, Sol Ring",Path of Ancestry,0.023965141612200435,0.6226415094339623,10.329847692657424
"Ash Barrens, Command Tower, Sol Ring",Path of Ancestry,0.023965141612200435,0.6226415094339623,10.329847692657424
"Ash Barrens, Command Tower",Path of Ancestry,0.023965141612200435,0.6226415094339623,10.329847692657424
"Evolving Wilds, Exotic Orchard, Path of Ancestry","Arcane Signet, Sol Ring",0.02832244008714597,0.9285714285714285,10.311635944700459
"Command Tower, Evolving Wilds, Exotic Orchard, Path of Ancestry","Arcane Signet, Sol Ring",0.02832244008714597,0.9285714285714285,10.311635944700459
"Arcane Signet, Evolving Wilds","Sol Ring, Terramorphic Expanse",0.026143790849673203,0.5538461538461539,10.306029106029106
"Sol Ring, Terramorphic Expanse","Arcane Signet, Evolving Wilds",0.026143790849673203,0.4864864864864865,10.306029106029106
"Arcane Signet, Command Tower, Evolving Wilds","Sol Ring, Terramorphic Expanse",0.026143790849673203,0.5538461538461539,10.306029106029106
"Sol Ring, Terramorphic Expanse","Arcane Signet, Command Tower, Evolving Wilds",0.026143790849673203,0.4864864864864865,10.306029106029106
"Arcane Signet, Ash Barrens, Sol Ring",Exotic Orchard,0.026143790849673203,0.8372093023255814,10.293189368770765
"Arcane Signet, Ash Barrens, Command Tower",Exotic Orchard,0.026143790849673203,0.8372093023255814,10.293189368770765
"Arcane Signet, Ash Barrens",Exotic Orchard,0.026143790849673203,0.8372093023255814,10.293189368770765
"Arcane Signet, Ash Barrens, Command Tower, Sol Ring",Exotic Orchard,0.026143790849673203,0.8372093023255814,10.293189368770765
Path of Ancestry,"Arcane Signet, Command Tower, Sol Ring",0.054466230936819175,0.9036144578313254,10.283281887882108
"Arcane Signet, Command Tower, Sol Ring",Path of Ancestry,0.054466230936819175,0.6198347107438017,10.283281887882108
Exotic Orchard,"Arcane Signet, Evolving Wilds, Sol Ring",0.03340595497458242,0.4107142857142857,10.282792207792207
"Arcane Signet, Evolving Wilds, Sol Ring",Exotic Orchard,0.03340595497458242,0.8363636363636363,10.282792207792207
"Arcane Signet, Command Tower, Evolving Wilds, Sol Ring",Exotic Orchard,0.03340595497458242,0.8363636363636363,10.282792207792207
Exotic Orchard,"Arcane Signet, Command Tower, Evolving Wilds, Sol Ring",0.03340595497458242,0.4107142857142857,10.282792207792207
"Commander's Sphere, Exotic Orchard, Path of Ancestry","Arcane Signet, Command Tower, Sol Ring",0.020334059549745823,0.9032258064516129,10.278858970941082
"Exotic Orchard, Terramorphic Expanse","Command Tower, Path of Ancestry, Sol Ring",0.021060275962236745,0.6041666666666665,10.27083333333333
"Arcane Signet, Terramorphic Expanse","Path of Ancestry, Sol Ring",0.020334059549745823,0.6086956521739131,10.221633085896077
"Arcane Signet, Command Tower, Terramorphic Expanse","Path of Ancestry, Sol Ring",0.020334059549745823,0.6086956521739131,10.221633085896077
"Arcane Signet, Terramorphic Expanse","Command Tower, Path of Ancestry",0.020334059549745823,0.6086956521739131,10.221633085896077
"Arcane Signet, Commander's Sphere",Path of Ancestry,0.023238925199709513,0.6153846153846154,10.209453197405006
"Ash Barrens, Command Tower, Path of Ancestry",Arcane Signet,0.023965141612200435,1.0,10.2
"Ash Barrens, Path of Ancestry",Arcane Signet,0.023965141612200435,1.0,10.2
"Ash Barrens, Path of Ancestry, Sol Ring",Arcane Signet,0.023965141612200435,1.0,10.2
"Ash Barrens, Exotic Orchard, Path of Ancestry",Arcane Signet,0.02178649237472767,1.0,10.2
"Ash Barrens, Command Tower, Path of Ancestry, Sol Ring",Arcane Signet,0.023965141612200435,1.0,10.2
"Ash Barrens, Command Tower, Exotic Orchard, Path of Ancestry",Arcane Signet,0.02178649237472767,1.0,10.2
"Ash Barrens, Command Tower, Exotic Orchard, Path of Ancestry, Sol Ring",Arcane Signet,0.02178649237472767,1.0,10.2
"Ash Barrens, Exotic Orchard, Path of Ancestry, Sol Ring",Arcane Signet,0.02178649237472767,1.0,10.2
"Arcane Signet, Sol Ring, Terramorphic Expanse","Command Tower, Exotic Orchard",0.023238925199709513,0.7999999999999999,10.2
"Command Tower, Swords to Plowshares","Arcane Signet, Sol Ring",0.023965141612200435,0.9166666666666666,10.179435483870966
Path of Ancestry,"Arcane Signet, Sol Ring",0.05519244734931009,0.9156626506024097,10.168286047415469
"Arcane Signet, Sol Ring",Path of Ancestry,0.05519244734931009,0.6129032258064516,10.168286047415469
"Command Tower, Path of Ancestry","Arcane Signet, Sol Ring",0.054466230936819175,0.9146341463414634,10.156864673485444
"Arcane Signet, Sol Ring","Command Tower, Path of Ancestry",0.054466230936819175,0.6048387096774194,10.156864673485444
"Exotic Orchard, Terramorphic Expanse","Path of Ancestry, Sol Ring",0.021060275962236745,0.6041666666666665,10.14557926829268
"Exotic Orchard, Terramorphic Expanse","Command Tower, Path of Ancestry",0.021060275962236745,0.6041666666666665,10.14557926829268
"Evolving Wilds, Path of Ancestry","Arcane Signet, Command Tower, Sol Ring",0.029774872912127815,0.891304347826087,10.143190801293569
"Commander's Sphere, Path of Ancestry","Arcane Signet, Command Tower, Sol Ring",0.023238925199709513,0.8888888888888888,10.115702479338843
"Command Tower, Swords to Plowshares","Exotic Orchard, Sol Ring",0.020334059549745823,0.7777777777777777,10.10377358490566
"Arcane Signet, Terramorphic Expanse",Path of Ancestry,0.020334059549745823,0.6086956521739131,10.098480880041908
"Arcane Signet, Command Tower, Terramorphic Expanse",Path of Ancestry,0.020334059549745823,0.6086956521739131,10.098480880041908
Temple of the False God,"Command Tower, Myriad Landscape, Sol Ring",0.023238925199709513,0.43243243243243246,10.09253321117728
Temple of the False God,"Command Tower, Myriad Landscape",0.023238925199709513,0.43243243243243246,10.09253321117728
"Command Tower, Myriad Landscape, Sol Ring",Temple of the False God,0.023238925199709513,0.5423728813559322,10.09253321117728
"Command Tower, Myriad Landscape",Temple of the False God,0.023238925199709513,0.5423728813559322,10.09253321117728
"Fellwar Stone, Sol Ring",Exotic Orchard,0.023238925199709513,0.8205128205128206,10.08791208791209
"Ash Barrens, Exotic Orchard","Command Tower, Evolving Wilds, Sol Ring",0.02251270878721859,0.673913043478261,10.086720226843102
"Prairie Stream, Sol Ring","Arcane Signet, Command Tower",0.021060275962236745,0.9666666666666666,10.084090909090909
Ash Barrens,"Arcane Signet, Command Tower, Exotic Orchard, Sol Ring",0.026143790849673203,0.679245283018868,10.057212416311625
Ash Barrens,"Arcane Signet, Exotic Orchard, Sol Ring",0.026143790849673203,0.679245283018868,10.057212416311625
"Ash Barrens, Command Tower","Arcane Signet, Exotic Orchard, Sol Ring",0.026143790849673203,0.679245283018868,10.057212416311625
"Commander's Sphere, Exotic Orchard, Path of Ancestry","Arcane Signet, Sol Ring",0.020334059549745823,0.9032258064516129,10.030176899063475
"Command Tower, Commander's Sphere, Exotic Orchard, Path of Ancestry","Arcane Signet, Sol Ring",0.020334059549745823,0.9032258064516129,10.030176899063475
"Exotic Orchard, Terramorphic Expanse",Path of Ancestry,0.021060275962236745,0.6041666666666665,10.023343373493974
Prairie Stream,"Arcane Signet, Command Tower, Sol Ring",0.021060275962236745,0.8787878787878788,10.000751314800901
"Exotic Orchard, Myriad Landscape","Arcane Signet, Command Tower, Sol Ring",0.026143790849673203,0.8780487804878049,9.992340253981052
"Arcane Signet, Command Tower","Exotic Orchard, Path of Ancestry",0.04938271604938271,0.5151515151515151,9.991037131882202
"Exotic Orchard, Path of Ancestry","Arcane Signet, Command Tower",0.04938271604938271,0.9577464788732394,9.991037131882202
"Exotic Orchard, Path of Ancestry, Sol Ring","Arcane Signet, Command Tower",0.048656499636891795,0.9571428571428571,9.98474025974026
"Arcane Signet, Command Tower","Exotic Orchard, Path of Ancestry, Sol Ring",0.048656499636891795,0.5075757575757576,9.98474025974026
"Arcane Signet, Evolving Wilds, Sol Ring, Terramorphic Expanse","Command Tower, Exotic Orchard",0.020334059549745823,0.7777777777777777,9.916666666666666
"Command Tower, Evolving Wilds, Path of Ancestry","Arcane Signet, Sol Ring",0.029774872912127815,0.891304347826087,9.897791023842919
"Evolving Wilds, Path of Ancestry","Arcane Signet, Sol Ring",0.029774872912127815,0.891304347826087,9.897791023842919
"Myriad Landscape, Path of Ancestry",Arcane Signet,0.02251270878721859,0.96875,9.88125
"Myriad Landscape, Path of Ancestry, Sol Ring",Arcane Signet,0.02251270878721859,0.96875,9.88125
"Arcane Signet, Command Tower, Myriad Landscape","Path of Ancestry, Sol Ring",0.02178649237472767,0.5882352941176471,9.878048780487806
"Ash Barrens, Command Tower, Exotic Orchard","Evolving Wilds, Sol Ring",0.02251270878721859,0.673913043478261,9.872109158186866
"Ash Barrens, Exotic Orchard","Evolving Wilds, Sol Ring",0.02251270878721859,0.673913043478261,9.872109158186866
"Command Tower, Prairie Stream",Arcane Signet,0.02178649237472767,0.967741935483871,9.870967741935484
"Command Tower, Myriad Landscape, Path of Ancestry, Sol Ring",Arcane Signet,0.02178649237472767,0.967741935483871,9.870967741935484
"Command Tower, Myriad Landscape, Path of Ancestry",Arcane Signet,0.02178649237472767,0.967741935483871,9.870967741935484
"Commander's Sphere, Path of Ancestry","Arcane Signet, Sol Ring",0.023238925199709513,0.8888888888888888,9.870967741935482
"Command Tower, Commander's Sphere, Path of Ancestry","Arcane Signet, Sol Ring",0.023238925199709513,0.8888888888888888,9.870967741935482
"Command Tower, Prairie Stream, Sol Ring",Arcane Signet,0.021060275962236745,0.9666666666666666,9.86
"Prairie Stream, Sol Ring",Arcane Signet,0.021060275962236745,0.9666666666666666,9.86
"Ash Barrens, Command Tower","Arcane Signet, Exotic Orchard",0.026143790849673203,0.679245283018868,9.845481628599803
"Ash Barrens, Command Tower, Sol Ring","Arcane Signet, Exotic Orchard",0.026143790849673203,0.679245283018868,9.845481628599803
"Ash Barrens, Sol Ring","Arcane Signet, Command Tower, Exotic Orchard",0.026143790849673203,0.679245283018868,9.845481628599803
Ash Barrens,"Arcane Signet, Exotic Orchard",0.026143790849673203,0.679245283018868,9.845481628599803
Ash Barrens,"Arcane Signet, Command Tower, Exotic Orchard",0.026143790849673203,0.679245283018868,9.845481628599803
"Ash Barrens, Sol Ring","Arcane Signet, Exotic Orchard",0.026143790849673203,0.679245283018868,9.845481628599803
"Arcane Signet, Command Tower, Sol Ring, Terramorphic Expanse",Exotic Orchard,0.023238925199709513,0.7999999999999999,9.835714285714285
"Arcane Signet, Sol Ring, Terramorphic Expanse",Exotic Orchard,0.023238925199709513,0.7999999999999999,9.835714285714285
"Myriad Landscape, Path of Ancestry, Sol Ring","Arcane Signet, Command Tower",0.02178649237472767,0.9375000000000001,9.779829545454547
"Myriad Landscape, Path of Ancestry","Arcane Signet, Command Tower",0.02178649237472767,0.9375000000000001,9.779829545454547
Arcane Signet,"Exotic Orchard, Path of Ancestry",0.04938271604938271,0.5037037037037037,9.769014084507042
"Exotic Orchard, Path of Ancestry",Arcane Signet,0.04938271604938271,0.9577464788732394,9.769014084507042
Arcane Signet,"Command Tower, Exotic Orchard, Path of Ancestry",0.04938271604938271,0.5037037037037037,9.769014084507042
"Command Tower, Exotic Orchard, Path of Ancestry",Arcane Signet,0.04938271604938271,0.9577464788732394,9.769014084507042
Arcane Signet,"Exotic Orchard, Path of Ancestry, Sol Ring",0.048656499636891795,0.4962962962962963,9.762857142857142
"Exotic Orchard, Path of Ancestry, Sol Ring",Arcane Signet,0.048656499636891795,0.9571428571428571,9.762857142857142
Arcane Signet,"Command Tower, Exotic Orchard, Path of Ancestry, Sol Ring",0.048656499636891795,0.4962962962962963,9.762857142857142
"Command Tower, Exotic Orchard, Path of Ancestry, Sol Ring",Arcane Signet,0.048656499636891795,0.9571428571428571,9.762857142857142
"Arcane Signet, Command Tower, Myriad Landscape",Path of Ancestry,0.02178649237472767,0.5882352941176471,9.759036144578314
"Arcane Signet, Command Tower, Myriad Landscape, Sol Ring",Path of Ancestry,0.02178649237472767,0.5882352941176471,9.759036144578314
Prairie Stream,"Arcane Signet, Sol Ring",0.021060275962236745,0.8787878787878788,9.758797653958943
"Command Tower, Exotic Orchard, Myriad Landscape","Arcane Signet, Sol Ring",0.026143790849673203,0.8780487804878049,9.750590086546026
"Exotic Orchard, Myriad Landscape","Arcane Signet, Sol Ring",0.026143790849673203,0.8780487804878049,9.750590086546026
"Command Tower, Commander's Sphere, Sol Ring","Exotic Orchard, Path of Ancestry",0.02251270878721859,0.5,9.69718309859155
"Exotic Orchard, Path of Ancestry","Command Tower, Commander's Sphere, Sol Ring",0.02251270878721859,0.4366197183098592,9.69718309859155
"Exotic Orchard, Sol Ring","Command Tower, Commander's Sphere",0.03413217138707335,0.4433962264150944,9.691374663072779
"Command Tower, Commander's Sphere","Exotic Orchard, Sol Ring",0.03413217138707335,0.746031746031746,9.691374663072777
"Evolving Wilds, Exotic Orchard, Path of Ancestry","Arcane Signet, Command Tower",0.02832244008714597,0.9285714285714285,9.686688311688311
"Evolving Wilds, Exotic Orchard, Path of Ancestry, Sol Ring","Arcane Signet, Command Tower",0.02832244008714597,0.9285714285714285,9.686688311688311
"Exotic Orchard, Path of Ancestry, Sol Ring","Command Tower, Commander's Sphere",0.02251270878721859,0.44285714285714284,9.679591836734694
"Command Tower, Commander's Sphere","Exotic Orchard, Path of Ancestry, Sol Ring",0.02251270878721859,0.4920634920634921,9.679591836734694
Myriad Landscape,"Sol Ring, Temple of the False God",0.023238925199709513,0.48484848484848486,9.675889328063242
"Sol Ring, Temple of the False God",Myriad Landscape,0.023238925199709513,0.463768115942029,9.675889328063242
"Path of Ancestry, Terramorphic Expanse","Arcane Signet, Command Tower, Sol Ring",0.020334059549745823,0.8484848484848485,9.655897821187077
"Arcane Signet, Myriad Landscape","Path of Ancestry, Sol Ring",0.02251270878721859,0.5740740740740741,9.640243902439025
"Command Tower, Commander's Sphere, Sol Ring",Path of Ancestry,0.026143790849673203,0.5806451612903226,9.633113097551497
Path of Ancestry,"Command Tower, Commander's Sphere, Sol Ring",0.026143790849673203,0.43373493975903615,9.633113097551496
"Arcane Signet, Command Tower, Commander's Sphere","Exotic Orchard, Sol Ring",0.026870007262164125,0.74,9.613018867924529
Ash Barrens,"Command Tower, Evolving Wilds, Sol Ring",0.024691358024691357,0.6415094339622641,9.601722723543888
"Command Tower, Myriad Landscape","Arcane Signet, Sol Ring",0.037037037037037035,0.8644067796610169,9.59909786768726
"Arcane Signet, Sol Ring","Command Tower, Myriad Landscape",0.037037037037037035,0.41129032258064513,9.59909786768726
"Path of Ancestry, Sol Ring","Command Tower, Commander's Sphere",0.026143790849673203,0.43902439024390244,9.595818815331011
"Command Tower, Commander's Sphere","Path of Ancestry, Sol Ring",0.026143790849673203,0.5714285714285715,9.595818815331011
"Arcane Signet, Evolving Wilds, Sol Ring, Terramorphic Expanse",Exotic Orchard,0.020334059549745823,0.7777777777777777,9.5625
"Command Tower, Swords to Plowshares",Exotic Orchard,0.020334059549745823,0.7777777777777777,9.5625
"Command Tower, Exotic Orchard","Arcane Signet, Sol Ring",0.06753812636165578,0.8611111111111112,9.5625
"Arcane Signet, Sol Ring","Command Tower, Exotic Orchard",0.06753812636165578,0.75,9.5625
"Arcane Signet, Command Tower, Evolving Wilds, Sol Ring, Terramorphic Expanse",Exotic Orchard,0.020334059549745823,0.7777777777777777,9.5625
"Command Tower, Evolving Wilds, Exotic Orchard",Commander's Sphere,0.02178649237472767,0.5,9.5625
Commander's Sphere,"Command Tower, Evolving Wilds, Exotic Orchard",0.02178649237472767,0.4166666666666667,9.5625
"Evolving Wilds, Exotic Orchard",Commander's Sphere,0.02178649237472767,0.5,9.5625
Commander's Sphere,"Evolving Wilds, Exotic Orchard",0.02178649237472767,0.4166666666666667,9.5625
"Command Tower, Sol Ring, Swords to Plowshares",Exotic Orchard,0.020334059549745823,0.7777777777777777,9.5625
Path of Ancestry,"Arcane Signet, Command Tower",0.05519244734931009,0.9156626506024097,9.552026286966047
"Arcane Signet, Command Tower",Path of Ancestry,0.05519244734931009,0.5757575757575758,9.552026286966047
"Exotic Orchard, Path of Ancestry","Command Tower, Commander's Sphere",0.02251270878721859,0.4366197183098592,9.543259557344065
"Command Tower, Commander's Sphere","Exotic Orchard, Path of Ancestry",0.02251270878721859,0.4920634920634921,9.543259557344065
"Path of Ancestry, Sol Ring","Arcane Signet, Command Tower",0.054466230936819175,0.9146341463414634,9.541297117516631
"Arcane Signet, Command Tower","Path of Ancestry, Sol Ring",0.054466230936819175,0.5681818181818182,9.54129711751663
"Arcane Signet, Myriad Landscape, Sol Ring",Path of Ancestry,0.02251270878721859,0.5740740740740741,9.524096385542169
"Arcane Signet, Myriad Landscape",Path of Ancestry,0.02251270878721859,0.5740740740740741,9.524096385542169
Prairie Stream,"Arcane Signet, Command Tower",0.02178649237472767,0.9090909090909092,9.483471074380166
"Command Tower, Commander's Sphere",Path of Ancestry,0.026143790849673203,0.5714285714285715,9.480206540447506
Path of Ancestry,"Command Tower, Commander's Sphere",0.026143790849673203,0.43373493975903615,9.480206540447504
"Command Tower, Evolving Wilds, Exotic Orchard, Path of Ancestry, Sol Ring",Arcane Signet,0.02832244008714597,0.9285714285714285,9.471428571428572
"Command Tower, Evolving Wilds, Exotic Orchard, Path of Ancestry",Arcane Signet,0.02832244008714597,0.9285714285714285,9.471428571428572
"Evolving Wilds, Exotic Orchard, Path of Ancestry",Arcane Signet,0.02832244008714597,0.9285714285714285,9.471428571428572
"Evolving Wilds, Exotic Orchard, Path of Ancestry, Sol Ring",Arcane Signet,0.02832244008714597,0.9285714285714285,9.471428571428572
Arcane Signet,Path of Ancestry,0.05591866376180102,0.5703703703703704,9.46265060240964
Path of Ancestry,Arcane Signet,0.05591866376180102,0.9277108433734941,9.46265060240964
Arcane Signet,"Command Tower, Path of Ancestry",0.05519244734931009,0.562962962962963,9.453658536585365
"Command Tower, Path of Ancestry",Arcane Signet,0.05519244734931009,0.9268292682926829,9.453658536585365
Arcane Signet,"Path of Ancestry, Sol Ring",0.05519244734931009,0.562962962962963,9.453658536585365
"Path of Ancestry, Sol Ring",Arcane Signet,0.05519244734931009,0.9268292682926829,9.453658536585365
"Arcane Signet, Command Tower, Sol Ring",Exotic Orchard,0.06753812636165578,0.7685950413223142,9.44960153482881
Exotic Orchard,"Arcane Signet, Command Tower, Sol Ring",0.06753812636165578,0.8303571428571429,9.449601534828808
"Command Tower, Path of Ancestry, Sol Ring",Arcane Signet,0.054466230936819175,0.925925925925926,9.444444444444446
"Arcane Signet, Myriad Landscape","Command Tower, Path of Ancestry, Sol Ring",0.02178649237472767,0.5555555555555556,9.444444444444445
Arcane Signet,"Command Tower, Path of Ancestry, Sol Ring",0.054466230936819175,0.5555555555555556,9.444444444444445
"Command Tower, Rogue's Passage","Arcane Signet, Sol Ring",0.020334059549745823,0.8484848484848485,9.422287390029325
"Commander's Sphere, Exotic Orchard, Path of Ancestry, Sol Ring","Arcane Signet, Command Tower",0.020334059549745823,0.9032258064516129,9.422287390029325
"Path of Ancestry, Terramorphic Expanse","Arcane Signet, Sol Ring",0.020334059549745823,0.8484848484848485,9.422287390029325
"Command Tower, Path of Ancestry, Terramorphic Expanse","Arcane Signet, Sol Ring",0.020334059549745823,0.8484848484848485,9.422287390029325
"Commander's Sphere, Exotic Orchard, Path of Ancestry","Arcane Signet, Command Tower",0.020334059549745823,0.9032258064516129,9.422287390029325
Commander's Sphere,"Evolving Wilds, Exotic Orchard, Sol Ring",0.021060275962236745,0.40277777777777773,9.400423728813559
"Evolving Wilds, Exotic Orchard, Sol Ring",Commander's Sphere,0.021060275962236745,0.4915254237288135,9.400423728813559
Commander's Sphere,"Command Tower, Evolving Wilds, Exotic Orchard, Sol Ring",0.021060275962236745,0.40277777777777773,9.400423728813559
"Command Tower, Evolving Wilds, Exotic Orchard, Sol Ring",Commander's Sphere,0.021060275962236745,0.4915254237288135,9.400423728813559
"Ash Barrens, Command Tower","Evolving Wilds, Sol Ring",0.024691358024691357,0.6415094339622641,9.397430750702528
Ash Barrens,"Evolving Wilds, Sol Ring",0.024691358024691357,0.6415094339622641,9.397430750702528
"Evolving Wilds, Exotic Orchard","Commander's Sphere, Sol Ring",0.021060275962236745,0.4833333333333333,9.37394366197183
"Command Tower, Evolving Wilds, Exotic Orchard","Commander's Sphere, Sol Ring",0.021060275962236745,0.4833333333333333,9.37394366197183
"Commander's Sphere, Sol Ring","Command Tower, Evolving Wilds, Exotic Orchard",0.021060275962236745,0.40845070422535207,9.373943661971829
"Commander's Sphere, Sol Ring","Evolving Wilds, Exotic Orchard",0.021060275962236745,0.40845070422535207,9.373943661971829
"Command Tower, Commander's Sphere",Exotic Orchard,0.034858387799564274,0.761904761904762,9.367346938775512
Exotic Orchard,"Command Tower, Commander's Sphere",0.034858387799564274,0.42857142857142866,9.367346938775512
"Command Tower, Sol Ring, Swords to Plowshares",Arcane Signet,0.023965141612200435,0.9166666666666666,9.35
"Command Tower, Swords to Plowshares",Arcane Signet,0.023965141612200435,0.9166666666666666,9.35
"Arcane Signet, Command Tower, Commander's Sphere",Exotic Orchard,0.027596223674655047,0.7599999999999999,9.34392857142857
"Arcane Signet, Myriad Landscape, Sol Ring","Command Tower, Path of Ancestry",0.02178649237472767,0.5555555555555556,9.329268292682928
"Arcane Signet, Myriad Landscape","Command Tower, Path of Ancestry",0.02178649237472767,0.5555555555555556,9.329268292682928
Exotic Orchard,"Command Tower, Commander's Sphere, Sol Ring",0.03413217138707335,0.41964285714285715,9.320132488479263
"Command Tower, Commander's Sphere, Sol Ring",Exotic Orchard,0.03413217138707335,0.7580645161290323,9.320132488479263
"Arcane Signet, Commander's Sphere","Command Tower, Exotic Orchard",0.027596223674655047,0.7307692307692307,9.317307692307692
"Evolving Wilds, Path of Ancestry","Arcane Signet, Command Tower",0.029774872912127815,0.891304347826087,9.297924901185771
"Evolving Wilds, Path of Ancestry, Sol Ring","Arcane Signet, Command Tower",0.029774872912127815,0.891304347826087,9.297924901185771
"Arcane Signet, Command Tower, Commander's Sphere, Sol Ring",Exotic Orchard,0.026870007262164125,0.7551020408163266,9.283709912536445
"Commander's Sphere, Path of Ancestry","Arcane Signet, Command Tower",0.023238925199709513,0.8888888888888888,9.272727272727273
Prairie Stream,Arcane Signet,0.02178649237472767,0.9090909090909092,9.272727272727273
"Commander's Sphere, Path of Ancestry, Sol Ring","Arcane Signet, Command Tower",0.023238925199709513,0.8888888888888888,9.272727272727273
"Arcane Signet, Commander's Sphere, Sol Ring","Command Tower, Exotic Orchard",0.026870007262164125,0.7254901960784315,9.250000000000002
"Arcane Signet, Commander's Sphere","Exotic Orchard, Sol Ring",0.026870007262164125,0.7115384615384616,9.243287373004355
"Arcane Signet, Commander's Sphere","Command Tower, Exotic Orchard, Sol Ring",0.026870007262164125,0.7115384615384616,9.243287373004355
Ash Barrens,"Arcane Signet, Command Tower, Sol Ring",0.03122730573710966,0.8113207547169812,9.23296429128333
"Arcane Signet, Path of Ancestry","Command Tower, Commander's Sphere, Sol Ring",0.023238925199709513,0.41558441558441556,9.229995810640972
"Command Tower, Commander's Sphere, Sol Ring","Arcane Signet, Path of Ancestry",0.023238925199709513,0.5161290322580645,9.229995810640972
"Arcane Signet, Sol Ring",Exotic Orchard,0.06753812636165578,0.75,9.220982142857144
Exotic Orchard,"Arcane Signet, Sol Ring",0.06753812636165578,0.8303571428571429,9.220982142857142
"Command Tower, Exotic Orchard","Arcane Signet, Evolving Wilds",0.03413217138707335,0.4351851851851852,9.21923076923077
"Arcane Signet, Evolving Wilds","Command Tower, Exotic Orchard",0.03413217138707335,0.7230769230769231,9.21923076923077
"Command Tower, Commander's Sphere, Exotic Orchard, Path of Ancestry, Sol Ring",Arcane Signet,0.020334059549745823,0.9032258064516129,9.212903225806452
"Commander's Sphere, Exotic Orchard, Path of Ancestry, Sol Ring",Arcane Signet,0.020334059549745823,0.9032258064516129,9.212903225806452
"Command Tower, Commander's Sphere, Exotic Orchard, Path of Ancestry",Arcane Signet,0.020334059549745823,0.9032258064516129,9.212903225806452
"Commander's Sphere, Exotic Orchard, Path of Ancestry",Arcane Signet,0.020334059549745823,0.9032258064516129,9.212903225806452
"Command Tower, Myriad Landscape","Arcane Signet, Path of Ancestry, Sol Ring",0.02178649237472767,0.5084745762711865,9.212756467439787
"Command Tower, Mind Stone",Arcane Signet,0.026870007262164125,0.9024390243902439,9.204878048780488
"Arcane Signet, Path of Ancestry, Sol Ring","Command Tower, Commander's Sphere",0.023238925199709513,0.4210526315789474,9.203007518796994
"Command Tower, Commander's Sphere","Arcane Signet, Path of Ancestry, Sol Ring",0.023238925199709513,0.507936507936508,9.203007518796994
"Arcane Signet, Command Tower, Evolving Wilds","Exotic Orchard, Sol Ring",0.03340595497458242,0.7076923076923076,9.1933236574746
"Arcane Signet, Evolving Wilds","Exotic Orchard, Sol Ring",0.03340595497458242,0.7076923076923076,9.1933236574746
"Exotic Orchard, Sol Ring","Arcane Signet, Evolving Wilds",0.03340595497458242,0.4339622641509434,9.1933236574746
"Command Tower, Exotic Orchard, Sol Ring","Arcane Signet, Evolving Wilds",0.03340595497458242,0.4339622641509434,9.1933236574746
"Arcane Signet, Evolving Wilds","Command Tower, Exotic Orchard, Sol Ring",0.03340595497458242,0.7076923076923076,9.1933236574746
"Exotic Orchard, Sol Ring","Arcane Signet, Command Tower, Evolving Wilds",0.03340595497458242,0.4339622641509434,9.1933236574746
"Arcane Signet, Command Tower, Myriad Landscape","Exotic Orchard, Sol Ring",0.026143790849673203,0.7058823529411765,9.169811320754718
"Exotic Orchard, Myriad Landscape","Arcane Signet, Command Tower",0.026143790849673203,0.8780487804878049,9.159645232815965
"Exotic Orchard, Myriad Landscape, Sol Ring","Arcane Signet, Command Tower",0.026143790849673203,0.8780487804878049,9.159645232815965
"Exotic Orchard, Sol Ring","Arcane Signet, Command Tower",0.06753812636165578,0.8773584905660379,9.15244425385935
"Arcane Signet, Command Tower","Exotic Orchard, Sol Ring",0.06753812636165578,0.7045454545454546,9.152444253859349
"Arcane Signet, Terramorphic Expanse","Command Tower, Exotic Orchard",0.023965141612200435,0.7173913043478262,9.146739130434783
"Command Tower, Commander's Sphere, Sol Ring","Arcane Signet, Exotic Orchard, Path of Ancestry",0.020334059549745823,0.45161290322580644,9.14516129032258
"Arcane Signet, Exotic Orchard, Path of Ancestry","Command Tower, Commander's Sphere, Sol Ring",0.020334059549745823,0.4117647058823529,9.14516129032258
"Arcane Signet, Exotic Orchard, Path of Ancestry, Sol Ring","Command Tower, Commander's Sphere",0.020334059549745823,0.417910447761194,9.134328358208956
"Command Tower, Commander's Sphere","Arcane Signet, Exotic Orchard, Path of Ancestry, Sol Ring",0.020334059549745823,0.4444444444444445,9.134328358208956
"Ash Barrens, Exotic Orchard","Command Tower, Evolving Wilds",0.02251270878721859,0.673913043478261,9.097826086956523
"Ash Barrens, Exotic Orchard, Sol Ring","Command Tower, Evolving Wilds",0.02251270878721859,0.673913043478261,9.097826086956523
"Command Tower, Myriad Landscape","Arcane Signet, Path of Ancestry",0.02178649237472767,0.5084745762711865,9.09311027955096
"Command Tower, Myriad Landscape, Sol Ring","Arcane Signet, Path of Ancestry",0.02178649237472767,0.5084745762711865,9.09311027955096
"Evolving Wilds, Path of Ancestry",Arcane Signet,0.029774872912127815,0.891304347826087,9.091304347826087
"Command Tower, Evolving Wilds, Path of Ancestry, Sol Ring",Arcane Signet,0.029774872912127815,0.891304347826087,9.091304347826087
"Command Tower, Evolving Wilds, Path of Ancestry",Arcane Signet,0.029774872912127815,0.891304347826087,9.091304347826087
"Evolving Wilds, Path of Ancestry, Sol Ring",Arcane Signet,0.029774872912127815,0.891304347826087,9.091304347826087
Myriad Landscape,"Arcane Signet, Sol Ring",0.0392156862745098,0.8181818181818182,9.085777126099707
"Arcane Signet, Sol Ring",Myriad Landscape,0.0392156862745098,0.43548387096774194,9.085777126099707
"Command Tower, Commander's Sphere","Arcane Signet, Path of Ancestry",0.023238925199709513,0.507936507936508,9.0834879406308
"Arcane Signet, Path of Ancestry","Command Tower, Commander's Sphere",0.023238925199709513,0.41558441558441556,9.083487940630798
"Command Tower, Commander's Sphere, Path of Ancestry, Sol Ring",Arcane Signet,0.023238925199709513,0.8888888888888888,9.066666666666666
"Command Tower, Mind Stone, Sol Ring",Arcane Signet,0.023238925199709513,0.8888888888888888,9.066666666666666
"Commander's Sphere, Path of Ancestry, Sol Ring",Arcane Signet,0.023238925199709513,0.8888888888888888,9.066666666666666
"Commander's Sphere, Path of Ancestry",Arcane Signet,0.023238925199709513,0.8888888888888888,9.066666666666666
"Command Tower, Commander's Sphere, Path of Ancestry",Arcane Signet,0.023238925199709513,0.8888888888888888,9.066666666666666
"Exotic Orchard, Temple of the False God","Arcane Signet, Command Tower, Sol Ring",0.025417574437182282,0.7954545454545455,9.052404207362885
"Commander's Sphere, Exotic Orchard","Command Tower, Evolving Wilds, Sol Ring",0.021060275962236745,0.6041666666666665,9.042798913043477
"Arcane Signet, Terramorphic Expanse","Exotic Orchard, Sol Ring",0.023238925199709513,0.6956521739130436,9.036915504511898
"Arcane Signet, Terramorphic Expanse","Command Tower, Exotic Orchard, Sol Ring",0.023238925199709513,0.6956521739130436,9.036915504511898
"Arcane Signet, Command Tower, Terramorphic Expanse","Exotic Orchard, Sol Ring",0.023238925199709513,0.6956521739130436,9.036915504511898
"Command Tower, Myriad Landscape","Arcane Signet, Exotic Orchard, Sol Ring",0.026143790849673203,0.6101694915254238,9.034445051940951
"Command Tower, Myriad Landscape","Exotic Orchard, Sol Ring",0.029774872912127815,0.6949152542372882,9.02734250079949
Temple of the False God,"Myriad Landscape, Sol Ring",0.023238925199709513,0.43243243243243246,9.022113022113023
Temple of the False God,Myriad Landscape,0.023238925199709513,0.43243243243243246,9.022113022113023
Myriad Landscape,Temple of the False God,0.023238925199709513,0.48484848484848486,9.022113022113022
"Myriad Landscape, Sol Ring",Temple of the False God,0.023238925199709513,0.48484848484848486,9.022113022113022
Ash Barrens,"Arcane Signet, Sol Ring",0.03122730573710966,0.8113207547169812,9.009586122945832
"Ash Barrens, Command Tower","Arcane Signet, Sol Ring",0.03122730573710966,0.8113207547169812,9.009586122945832
"Command Tower, Commander's Sphere","Arcane Signet, Exotic Orchard, Path of Ancestry",0.020334059549745823,0.4444444444444445,9.000000000000002
"Arcane Signet, Exotic Orchard, Path of Ancestry","Command Tower, Commander's Sphere",0.020334059549745823,0.4117647058823529,9.0
"Arcane Signet, Commander's Sphere",Exotic Orchard,0.027596223674655047,0.7307692307692307,8.984546703296703
"Command Tower, Exotic Orchard",Arcane Signet,0.06899055918663761,0.8796296296296297,8.972222222222223
Arcane Signet,"Command Tower, Exotic Orchard",0.06899055918663761,0.7037037037037037,8.972222222222223
"Exotic Orchard, Myriad Landscape, Sol Ring",Arcane Signet,0.026143790849673203,0.8780487804878049,8.95609756097561
"Exotic Orchard, Myriad Landscape",Arcane Signet,0.026143790849673203,0.8780487804878049,8.95609756097561
"Command Tower, Exotic Orchard, Myriad Landscape, Sol Ring",Arcane Signet,0.026143790849673203,0.8780487804878049,8.95609756097561
"Command Tower, Exotic Orchard, Myriad Landscape",Arcane Signet,0.026143790849673203,0.8780487804878049,8.95609756097561
Arcane Signet,"Exotic Orchard, Sol Ring",0.06753812636165578,0.688888888888889,8.949056603773586
"Command Tower, Exotic Orchard, Sol Ring",Arcane Signet,0.06753812636165578,0.8773584905660379,8.949056603773586
"Exotic Orchard, Sol Ring",Arcane Signet,0.06753812636165578,0.8773584905660379,8.949056603773586
Arcane Signet,"Command Tower, Exotic Orchard, Sol Ring",0.06753812636165578,0.688888888888889,8.949056603773586
"Command Tower, Temple of the False God","Exotic Orchard, Sol Ring",0.03195352214960058,0.6875,8.931014150943398
"Exotic Orchard, Sol Ring","Command Tower, Temple of the False God",0.03195352214960058,0.41509433962264153,8.931014150943396
"Sol Ring, Swords to Plowshares","Command Tower, Exotic Orchard",0.020334059549745823,0.7,8.924999999999999
"Arcane Signet, Commander's Sphere, Sol Ring",Exotic Orchard,0.026870007262164125,0.7254901960784315,8.91964285714286
"Ash Barrens, Exotic Orchard","Arcane Signet, Command Tower, Sol Ring",0.026143790849673203,0.782608695652174,8.906216313330939
"Arcane Signet, Command Tower, Evolving Wilds",Exotic Orchard,0.03413217138707335,0.7230769230769231,8.889972527472528
"Arcane Signet, Evolving Wilds",Exotic Orchard,0.03413217138707335,0.7230769230769231,8.889972527472528
Exotic Orchard,"Arcane Signet, Evolving Wilds",0.03413217138707335,0.41964285714285715,8.889972527472526
Exotic Orchard,"Arcane Signet, Command Tower, Evolving Wilds",0.03413217138707335,0.41964285714285715,8.889972527472526
"Command Tower, Evolving Wilds, Sol Ring","Exotic Orchard, Path of Ancestry",0.030501089324618737,0.4565217391304348,8.853949785670546
"Exotic Orchard, Path of Ancestry","Command Tower, Evolving Wilds, Sol Ring",0.030501089324618737,0.5915492957746479,8.853949785670546
"Path of Ancestry, Terramorphic Expanse","Arcane Signet, Command Tower",0.020334059549745823,0.8484848484848485,8.851239669421489
"Path of Ancestry, Sol Ring, Terramorphic Expanse","Arcane Signet, Command Tower",0.020334059549745823,0.8484848484848485,8.851239669421489
"Commander's Sphere, Exotic Orchard","Evolving Wilds, Sol Ring",0.021060275962236745,0.6041666666666665,8.85039893617021
"Command Tower, Commander's Sphere, Exotic Orchard","Evolving Wilds, Sol Ring",0.021060275962236745,0.6041666666666665,8.85039893617021
Exotic Orchard,"Arcane Signet, Command Tower",0.06899055918663761,0.8482142857142857,8.848417207792208
"Arcane Signet, Command Tower",Exotic Orchard,0.06899055918663761,0.7196969696969697,8.848417207792208
"Command Tower, Myriad Landscape, Sol Ring","Arcane Signet, Exotic Orchard",0.026143790849673203,0.6101694915254238,8.844246208742195
"Command Tower, Myriad Landscape","Arcane Signet, Exotic Orchard",0.026143790849673203,0.6101694915254238,8.844246208742195
"Exotic Orchard, Temple of the False God","Arcane Signet, Sol Ring",0.025417574437182282,0.7954545454545455,8.833394428152493
"Command Tower, Exotic Orchard, Temple of the False God","Arcane Signet, Sol Ring",0.025417574437182282,0.7954545454545455,8.833394428152493
"Command Tower, Myriad Landscape","Path of Ancestry, Sol Ring",0.02251270878721859,0.5254237288135594,8.823274080198429
"Arcane Signet, Terramorphic Expanse",Exotic Orchard,0.023965141612200435,0.7173913043478262,8.8200698757764
"Arcane Signet, Command Tower, Terramorphic Expanse",Exotic Orchard,0.023965141612200435,0.7173913043478262,8.8200698757764
"Command Tower, Myriad Landscape, Sol Ring",Arcane Signet,0.037037037037037035,0.8644067796610169,8.816949152542373
"Command Tower, Myriad Landscape",Arcane Signet,0.037037037037037035,0.8644067796610169,8.816949152542373
Myriad Landscape,"Commander's Sphere, Sol Ring",0.02178649237472767,0.4545454545454546,8.815620998719591
"Commander's Sphere, Sol Ring",Myriad Landscape,0.02178649237472767,0.4225352112676057,8.815620998719591
"Arcane Signet, Evolving Wilds, Terramorphic Expanse","Command Tower, Exotic Orchard",0.021060275962236745,0.6904761904761905,8.803571428571429
"Arcane Signet, Command Tower, Sol Ring",Myriad Landscape,0.037037037037037035,0.4214876033057851,8.793764087152518
Myriad Landscape,"Arcane Signet, Command Tower, Sol Ring",0.037037037037037035,0.7727272727272727,8.793764087152516
"Commander's Sphere, Exotic Orchard","Arcane Signet, Command Tower, Sol Ring",0.026870007262164125,0.7708333333333333,8.772210743801653
"Arcane Signet, Exotic Orchard","Command Tower, Commander's Sphere",0.027596223674655047,0.4,8.742857142857144
"Command Tower, Commander's Sphere","Arcane Signet, Exotic Orchard",0.027596223674655047,0.6031746031746033,8.742857142857144
"Evolving Wilds, Exotic Orchard","Arcane Signet, Command Tower, Sol Ring",0.03340595497458242,0.7666666666666666,8.72479338842975
"Command Tower, Myriad Landscape",Path of Ancestry,0.02251270878721859,0.5254237288135594,8.716969573208088
"Command Tower, Myriad Landscape, Sol Ring",Path of Ancestry,0.02251270878721859,0.5254237288135594,8.716969573208088
"Command Tower, Commander's Sphere","Arcane Signet, Exotic Orchard, Sol Ring",0.026870007262164125,0.5873015873015873,8.695852534562212
Commander's Sphere,Myriad Landscape,0.02178649237472767,0.4166666666666667,8.693181818181818
Commander's Sphere,"Myriad Landscape, Sol Ring",0.02178649237472767,0.4166666666666667,8.693181818181818
"Myriad Landscape, Sol Ring",Commander's Sphere,0.02178649237472767,0.4545454545454546,8.693181818181818
Myriad Landscape,Commander's Sphere,0.02178649237472767,0.4545454545454546,8.693181818181818
"Ash Barrens, Command Tower, Exotic Orchard","Arcane Signet, Sol Ring",0.026143790849673203,0.782608695652174,8.690743338008415
"Ash Barrens, Exotic Orchard","Arcane Signet, Sol Ring",0.026143790849673203,0.782608695652174,8.690743338008415
"Arcane Signet, Command Tower, Myriad Landscape",Exotic Orchard,0.026143790849673203,0.7058823529411765,8.678571428571429
"Arcane Signet, Command Tower, Myriad Landscape, Sol Ring",Exotic Orchard,0.026143790849673203,0.7058823529411765,8.678571428571429
"Sol Ring, Swords to Plowshares",Arcane Signet,0.024691358024691357,0.8499999999999999,8.669999999999998
"Command Tower, Mind Stone","Arcane Signet, Sol Ring",0.023238925199709513,0.7804878048780488,8.667191188040913
"Command Tower, Exotic Orchard, Path of Ancestry","Evolving Wilds, Sol Ring",0.030501089324618737,0.5915492957746479,8.665567875337128
"Exotic Orchard, Path of Ancestry","Evolving Wilds, Sol Ring",0.030501089324618737,0.5915492957746479,8.665567875337128
"Evolving Wilds, Sol Ring","Exotic Orchard, Path of Ancestry",0.030501089324618737,0.44680851063829785,8.665567875337128
"Evolving Wilds, Sol Ring","Command Tower, Exotic Orchard, Path of Ancestry",0.030501089324618737,0.44680851063829785,8.665567875337128
"Arcane Signet, Myriad Landscape","Command Tower, Exotic Orchard, Sol Ring",0.026143790849673203,0.6666666666666667,8.660377358490567
"Arcane Signet, Myriad Landscape","Exotic Orchard, Sol Ring",0.026143790849673203,0.6666666666666667,8.660377358490567
Ash Barrens,"Command Tower, Evolving Wilds",0.024691358024691357,0.6415094339622641,8.660377358490566
"Arcane Signet, Evolving Wilds, Terramorphic Expanse","Command Tower, Exotic Orchard, Sol Ring",0.020334059549745823,0.6666666666666666,8.660377358490566
"Arcane Signet, Evolving Wilds, Terramorphic Expanse","Exotic Orchard, Sol Ring",0.020334059549745823,0.6666666666666666,8.660377358490566
"Ash Barrens, Sol Ring","Command Tower, Evolving Wilds",0.024691358024691357,0.6415094339622641,8.660377358490566
"Arcane Signet, Command Tower, Evolving Wilds, Terramorphic Expanse","Exotic Orchard, Sol Ring",0.020334059549745823,0.6666666666666666,8.660377358490566
"Path of Ancestry, Terramorphic Expanse",Arcane Signet,0.020334059549745823,0.8484848484848485,8.654545454545454
"Command Tower, Path of Ancestry, Sol Ring, Terramorphic Expanse",Arcane Signet,0.020334059549745823,0.8484848484848485,8.654545454545454
"Command Tower, Path of Ancestry, Terramorphic Expanse",Arcane Signet,0.020334059549745823,0.8484848484848485,8.654545454545454
"Path of Ancestry, Sol Ring, Terramorphic Expanse",Arcane Signet,0.020334059549745823,0.8484848484848485,8.654545454545454
"Command Tower, Rogue's Passage",Arcane Signet,0.020334059549745823,0.8484848484848485,8.654545454545454
"Command Tower, Solemn Simulacrum",Arcane Signet,0.020334059549745823,0.8484848484848485,8.654545454545454
"Command Tower, Rogue's Passage, Sol Ring",Arcane Signet,0.020334059549745823,0.8484848484848485,8.654545454545454
Arcane Signet,Exotic Orchard,0.06899055918663761,0.7037037037037037,8.651785714285715
Exotic Orchard,Arcane Signet,0.06899055918663761,0.8482142857142857,8.651785714285714
"Command Tower, Commander's Sphere, Sol Ring","Arcane Signet, Exotic Orchard",0.026870007262164125,0.5967741935483871,8.650084889643464
"Command Tower, Commander's Sphere","Arcane Signet, Sol Ring",0.03558460421205519,0.7777777777777778,8.637096774193548
"Sol Ring, Swords to Plowshares","Arcane Signet, Command Tower",0.023965141612200435,0.825,8.60625
"Sol Ring, Swords to Plowshares",Exotic Orchard,0.020334059549745823,0.7,8.60625
"Rogue's Passage, Sol Ring","Arcane Signet, Command Tower",0.020334059549745823,0.8235294117647058,8.59090909090909
"Command Tower, Evolving Wilds, Sol Ring","Arcane Signet, Exotic Orchard, Path of Ancestry",0.02832244008714597,0.42391304347826086,8.584239130434783
"Arcane Signet, Exotic Orchard, Path of Ancestry","Command Tower, Evolving Wilds, Sol Ring",0.02832244008714597,0.5735294117647058,8.584239130434783
"Commander's Sphere, Exotic Orchard","Arcane Signet, Sol Ring",0.026870007262164125,0.7708333333333333,8.559979838709676
"Command Tower, Commander's Sphere, Exotic Orchard","Arcane Signet, Sol Ring",0.026870007262164125,0.7708333333333333,8.559979838709676
"Command Tower, Myriad Landscape",Exotic Orchard,0.029774872912127815,0.6949152542372882,8.543734866828087
"Command Tower, Myriad Landscape, Sol Ring",Exotic Orchard,0.029774872912127815,0.6949152542372882,8.543734866828087
"Command Tower, Path of Ancestry","Commander's Sphere, Sol Ring",0.026143790849673203,0.43902439024390244,8.514599793885264
"Commander's Sphere, Sol Ring","Command Tower, Path of Ancestry",0.026143790849673203,0.5070422535211268,8.514599793885262
"Command Tower, Evolving Wilds, Exotic Orchard","Arcane Signet, Sol Ring",0.03340595497458242,0.7666666666666666,8.513709677419355
"Evolving Wilds, Exotic Orchard","Arcane Signet, Sol Ring",0.03340595497458242,0.7666666666666666,8.513709677419355
"Arcane Signet, Path of Ancestry, Sol Ring",Myriad Landscape,0.02251270878721859,0.40789473684210525,8.510167464114833
Myriad Landscape,"Arcane Signet, Path of Ancestry, Sol Ring",0.02251270878721859,0.4696969696969697,8.510167464114833
"Arcane Signet, Myriad Landscape, Sol Ring","Command Tower, Exotic Orchard",0.026143790849673203,0.6666666666666667,8.500000000000002
Commander's Sphere,"Command Tower, Exotic Orchard",0.034858387799564274,0.6666666666666667,8.500000000000002
"Arcane Signet, Myriad Landscape","Command Tower, Exotic Orchard",0.026143790849673203,0.6666666666666667,8.500000000000002
"Command Tower, Path of Ancestry, Sol Ring",Commander's Sphere,0.026143790849673203,0.4444444444444445,8.5
"Command Tower, Exotic Orchard",Commander's Sphere,0.034858387799564274,0.4444444444444445,8.5
Commander's Sphere,"Command Tower, Path of Ancestry, Sol Ring",0.026143790849673203,0.5,8.5
"Arcane Signet, Command Tower, Evolving Wilds, Terramorphic Expanse",Exotic Orchard,0.021060275962236745,0.6904761904761905,8.489158163265307
"Arcane Signet, Evolving Wilds, Terramorphic Expanse",Exotic Orchard,0.021060275962236745,0.6904761904761905,8.489158163265307
"Exotic Orchard, Sol Ring",Commander's Sphere,0.03413217138707335,0.4433962264150944,8.47995283018868
Commander's Sphere,"Command Tower, Exotic Orchard, Sol Ring",0.03413217138707335,0.6527777777777778,8.47995283018868
"Command Tower, Exotic Orchard, Sol Ring",Commander's Sphere,0.03413217138707335,0.4433962264150944,8.47995283018868
Commander's Sphere,"Exotic Orchard, Sol Ring",0.03413217138707335,0.6527777777777778,8.47995283018868
Commander's Sphere,"Command Tower, Exotic Orchard, Path of Ancestry, Sol Ring",0.02251270878721859,0.4305555555555556,8.469642857142857
"Command Tower, Exotic Orchard, Path of Ancestry, Sol Ring",Commander's Sphere,0.02251270878721859,0.44285714285714284,8.469642857142857
Commander's Sphere,"Exotic Orchard, Path of Ancestry, Sol Ring",0.02251270878721859,0.4305555555555556,8.469642857142857
"Exotic Orchard, Path of Ancestry, Sol Ring",Commander's Sphere,0.02251270878721859,0.44285714285714284,8.469642857142857
"Exotic Orchard, Path of Ancestry","Commander's Sphere, Sol Ring",0.02251270878721859,0.4366197183098592,8.46796270581234
"Commander's Sphere, Sol Ring","Command Tower, Exotic Orchard, Path of Ancestry",0.02251270878721859,0.4366197183098592,8.46796270581234
"Commander's Sphere, Sol Ring","Exotic Orchard, Path of Ancestry",0.02251270878721859,0.4366197183098592,8.46796270581234
"Command Tower, Exotic Orchard, Path of Ancestry","Commander's Sphere, Sol Ring",0.02251270878721859,0.4366197183098592,8.46796270581234
Ash Barrens,"Arcane Signet, Command Tower",0.03122730573710966,0.8113207547169812,8.463550600343053
"Ash Barrens, Sol Ring","Arcane Signet, Command Tower",0.03122730573710966,0.8113207547169812,8.463550600343053
"Command Tower, Sol Ring, Temple of the False God",Exotic Orchard,0.03195352214960058,0.6875,8.452566964285715
"Command Tower, Temple of the False God",Exotic Orchard,0.03195352214960058,0.6875,8.452566964285715
"Exotic Orchard, Temple of the False God","Command Tower, Sol Ring",0.03195352214960058,1.0,8.447852760736197
"Commander's Sphere, Path of Ancestry","Command Tower, Sol Ring",0.026143790849673203,1.0,8.447852760736197
"Arcane Signet, Exotic Orchard, Myriad Landscape","Command Tower, Sol Ring",0.026143790849673203,1.0,8.447852760736197
"Exotic Orchard, Path of Ancestry, Terramorphic Expanse","Command Tower, Sol Ring",0.021060275962236745,1.0,8.447852760736197
"Myriad Landscape, Temple of the False God","Command Tower, Sol Ring",0.023238925199709513,1.0,8.447852760736197
"Arcane Signet, Evolving Wilds, Exotic Orchard, Path of Ancestry","Command Tower, Sol Ring",0.02832244008714597,1.0,8.447852760736197
"Arcane Signet, Ash Barrens, Exotic Orchard, Path of Ancestry","Command Tower, Sol Ring",0.02178649237472767,1.0,8.447852760736197
"Evolving Wilds, Exotic Orchard, Path of Ancestry","Command Tower, Sol Ring",0.030501089324618737,1.0,8.447852760736197
"Ash Barrens, Path of Ancestry","Command Tower, Sol Ring",0.023965141612200435,1.0,8.447852760736197
"Ash Barrens, Evolving Wilds","Command Tower, Sol Ring",0.024691358024691357,1.0,8.447852760736197
"Arcane Signet, Temple of the False God","Command Tower, Sol Ring",0.029774872912127815,1.0,8.447852760736197
"Commander's Sphere, Exotic Orchard, Path of Ancestry","Command Tower, Sol Ring",0.02251270878721859,1.0,8.447852760736197
"Ash Barrens, Evolving Wilds, Exotic Orchard","Command Tower, Sol Ring",0.02251270878721859,1.0,8.447852760736197
"Arcane Signet, Exotic Orchard, Temple of the False God","Command Tower, Sol Ring",0.025417574437182282,1.0,8.447852760736197
"Arcane Signet, Commander's Sphere, Path of Ancestry","Command Tower, Sol Ring",0.023238925199709513,1.0,8.447852760736197
"Arcane Signet, Ash Barrens, Exotic Orchard","Command Tower, Sol Ring",0.026143790849673203,1.0,8.447852760736197
"Arcane Signet, Path of Ancestry, Terramorphic Expanse","Command Tower, Sol Ring",0.020334059549745823,1.0,8.447852760736197
"Arcane Signet, Commander's Sphere, Exotic Orchard, Path of Ancestry","Command Tower, Sol Ring",0.020334059549745823,1.0,8.447852760736197
"Exotic Orchard, Swords to Plowshares","Command Tower, Sol Ring",0.020334059549745823,1.0,8.447852760736197
"Path of Ancestry, Temple of the False God","Command Tower, Sol Ring",0.02178649237472767,1.0,8.447852760736197
"Arcane Signet, Ash Barrens, Path of Ancestry","Command Tower, Sol Ring",0.023965141612200435,1.0,8.447852760736197
"Ash Barrens, Exotic Orchard, Path of Ancestry","Command Tower, Sol Ring",0.02178649237472767,1.0,8.447852760736197
"Ash Barrens, Exotic Orchard","Command Tower, Sol Ring",0.03340595497458242,1.0,8.447852760736197
"Evolving Wilds, Path of Ancestry","Command Tower, Sol Ring",0.03340595497458242,1.0,8.447852760736197
"Path of Ancestry, Terramorphic Expanse","Command Tower, Sol Ring",0.023965141612200435,1.0,8.447852760736197
"Evolving Wilds, Path of Ancestry, Terramorphic Expanse","Command Tower, Sol Ring",0.02178649237472767,1.0,8.447852760736197
Ash Barrens,"Command Tower, Sol Ring",0.03848946986201888,1.0,8.447852760736197
"Arcane Signet, Rogue's Passage","Command Tower, Sol Ring",0.020334059549745823,1.0,8.447852760736197
"Arcane Signet, Ash Barrens","Command Tower, Sol Ring",0.03122730573710966,1.0,8.447852760736197
"Exotic Orchard, Myriad Landscape","Command Tower, Sol Ring",0.029774872912127815,1.0,8.447852760736197
"Arcane Signet, Evolving Wilds, Path of Ancestry","Command Tower, Sol Ring",0.029774872912127815,1.0,8.447852760736197
"Commander's Sphere, Sol Ring","Command Tower, Exotic Orchard",0.03413217138707335,0.6619718309859155,8.440140845070422
"Command Tower, Exotic Orchard","Commander's Sphere, Sol Ring",0.03413217138707335,0.4351851851851852,8.440140845070422
"Commander's Sphere, Exotic Orchard","Command Tower, Evolving Wilds",0.02178649237472767,0.625,8.4375
Path of Ancestry,"Commander's Sphere, Sol Ring",0.026143790849673203,0.43373493975903615,8.412014254199898
"Commander's Sphere, Sol Ring",Path of Ancestry,0.026143790849673203,0.5070422535211268,8.412014254199898
"Evolving Wilds, Sol Ring","Arcane Signet, Exotic Orchard, Path of Ancestry",0.02832244008714597,0.4148936170212766,8.40159574468085
"Evolving Wilds, Sol Ring","Arcane Signet, Command Tower, Exotic Orchard, Path of Ancestry",0.02832244008714597,0.4148936170212766,8.40159574468085
"Arcane Signet, Command Tower, Exotic Orchard, Path of Ancestry","Evolving Wilds, Sol Ring",0.02832244008714597,0.5735294117647058,8.40159574468085
"Arcane Signet, Exotic Orchard, Path of Ancestry","Evolving Wilds, Sol Ring",0.02832244008714597,0.5735294117647058,8.40159574468085
"Rogue's Passage, Sol Ring",Arcane Signet,0.020334059549745823,0.8235294117647058,8.4
Myriad Landscape,"Arcane Signet, Path of Ancestry",0.02251270878721859,0.4696969696969697,8.399645808736718
"Arcane Signet, Path of Ancestry",Myriad Landscape,0.02251270878721859,0.4025974025974026,8.399645808736718
"Myriad Landscape, Sol Ring","Arcane Signet, Path of Ancestry",0.02251270878721859,0.4696969696969697,8.399645808736718
"Arcane Signet, Path of Ancestry","Myriad Landscape, Sol Ring",0.02251270878721859,0.4025974025974026,8.399645808736718
Commander's Sphere,"Command Tower, Path of Ancestry",0.026143790849673203,0.5,8.396341463414634
Commander's Sphere,"Path of Ancestry, Sol Ring",0.026143790849673203,0.5,8.396341463414634
"Command Tower, Path of Ancestry",Commander's Sphere,0.026143790849673203,0.43902439024390244,8.396341463414634
"Path of Ancestry, Sol Ring",Commander's Sphere,0.026143790849673203,0.43902439024390244,8.396341463414634
Commander's Sphere,"Exotic Orchard, Path of Ancestry",0.02251270878721859,0.4305555555555556,8.350352112676058
Commander's Sphere,"Command Tower, Exotic Orchard, Path of Ancestry",0.02251270878721859,0.4305555555555556,8.350352112676058
"Command Tower, Exotic Orchard, Path of Ancestry",Commander's Sphere,0.02251270878721859,0.4366197183098592,8.350352112676056
"Exotic Orchard, Path of Ancestry",Commander's Sphere,0.02251270878721859,0.4366197183098592,8.350352112676056
Myriad Landscape,Arcane Signet,0.0392156862745098,0.8181818181818182,8.345454545454546
Arcane Signet,"Myriad Landscape, Sol Ring",0.0392156862745098,0.4,8.345454545454546
"Myriad Landscape, Sol Ring",Arcane Signet,0.0392156862745098,0.8181818181818182,8.345454545454546
Arcane Signet,Myriad Landscape,0.0392156862745098,0.4,8.345454545454546
Myriad Landscape,"Arcane Signet, Command Tower, Path of Ancestry, Sol Ring",0.02178649237472767,0.4545454545454546,8.345454545454546
"Arcane Signet, Command Tower, Path of Ancestry, Sol Ring",Myriad Landscape,0.02178649237472767,0.4,8.345454545454546
"Commander's Sphere, Exotic Orchard, Sol Ring","Command Tower, Evolving Wilds",0.021060275962236745,0.6170212765957446,8.329787234042552
"Exotic Orchard, Path of Ancestry","Command Tower, Sol Ring",0.050835148874364564,0.9859154929577466,8.328868919035688
"Command Tower, Sol Ring","Exotic Orchard, Path of Ancestry",0.050835148874364564,0.4294478527607362,8.328868919035687
"Command Tower, Sol Ring","Arcane Signet, Exotic Orchard, Path of Ancestry",0.048656499636891795,0.4110429447852761,8.323619631901842
"Arcane Signet, Exotic Orchard, Path of Ancestry","Command Tower, Sol Ring",0.048656499636891795,0.9852941176470589,8.323619631901842
"Evolving Wilds, Exotic Orchard","Command Tower, Sol Ring",0.042846768336964415,0.9833333333333333,8.307055214723926
"Exotic Orchard, Temple of the False God","Arcane Signet, Command Tower",0.025417574437182282,0.7954545454545455,8.298037190082646
"Exotic Orchard, Sol Ring, Temple of the False God","Arcane Signet, Command Tower",0.025417574437182282,0.7954545454545455,8.298037190082646
Commander's Sphere,Path of Ancestry,0.026143790849673203,0.5,8.295180722891567
"Command Tower, Evolving Wilds, Sol Ring",Path of Ancestry,0.03340595497458242,0.5,8.295180722891567
Path of Ancestry,"Command Tower, Evolving Wilds, Sol Ring",0.03340595497458242,0.5542168674698795,8.295180722891567
Path of Ancestry,Commander's Sphere,0.026143790849673203,0.43373493975903615,8.295180722891565
Ash Barrens,Arcane Signet,0.03122730573710966,0.8113207547169812,8.275471698113208
"Ash Barrens, Command Tower, Sol Ring",Arcane Signet,0.03122730573710966,0.8113207547169812,8.275471698113208
"Ash Barrens, Command Tower",Arcane Signet,0.03122730573710966,0.8113207547169812,8.275471698113208
"Ash Barrens, Sol Ring",Arcane Signet,0.03122730573710966,0.8113207547169812,8.275471698113208
"Commander's Sphere, Exotic Orchard","Command Tower, Sol Ring",0.03413217138707335,0.9791666666666666,8.27185582822086
"Command Tower, Commander's Sphere","Sol Ring, Terramorphic Expanse",0.020334059549745823,0.4444444444444445,8.27027027027027
"Command Tower, Sol Ring","Arcane Signet, Exotic Orchard",0.06753812636165578,0.5705521472392638,8.270003228931225
"Arcane Signet, Exotic Orchard","Command Tower, Sol Ring",0.06753812636165578,0.9789473684210528,8.270003228931225
"Arcane Signet, Evolving Wilds, Exotic Orchard","Command Tower, Sol Ring",0.03340595497458242,0.9787234042553191,8.268111212635427
"Commander's Sphere, Exotic Orchard","Arcane Signet, Command Tower",0.027596223674655047,0.7916666666666666,8.258522727272727
"Evolving Wilds, Exotic Orchard, Terramorphic Expanse","Command Tower, Sol Ring",0.029774872912127815,0.9761904761904762,8.246713409290097
Path of Ancestry,"Command Tower, Sol Ring",0.058823529411764705,0.9759036144578314,8.244290043610023
"Command Tower, Sol Ring",Path of Ancestry,0.058823529411764705,0.49693251533742333,8.244290043610023
"Myriad Landscape, Sol Ring","Arcane Signet, Command Tower, Path of Ancestry",0.02178649237472767,0.4545454545454546,8.235645933014355
Myriad Landscape,"Arcane Signet, Command Tower, Path of Ancestry",0.02178649237472767,0.4545454545454546,8.235645933014355
"Command Tower, Sol Ring","Arcane Signet, Path of Ancestry",0.054466230936819175,0.46012269938650313,8.228428013704088
"Arcane Signet, Path of Ancestry","Command Tower, Sol Ring",0.054466230936819175,0.974025974025974,8.228428013704088
"Arcane Signet, Commander's Sphere, Exotic Orchard","Command Tower, Sol Ring",0.026870007262164125,0.9736842105263158,8.225540845979982
"Evolving Wilds, Sol Ring","Command Tower, Path of Ancestry",0.03340595497458242,0.48936170212765956,8.217695900363259
"Command Tower, Path of Ancestry","Evolving Wilds, Sol Ring",0.03340595497458242,0.5609756097560975,8.217695900363259
"Evolving Wilds, Temple of the False God","Command Tower, Sol Ring",0.025417574437182282,0.9722222222222222,8.21319018404908
"Commander's Sphere, Exotic Orchard, Sol Ring","Arcane Signet, Command Tower",0.026870007262164125,0.7872340425531915,8.212282398452611
"Arcane Signet, Swords to Plowshares","Command Tower, Sol Ring",0.023965141612200435,0.9705882352941176,8.199386503067485
"Arcane Signet, Myriad Landscape",Exotic Orchard,0.026143790849673203,0.6666666666666667,8.196428571428573
Exotic Orchard,Commander's Sphere,0.034858387799564274,0.42857142857142866,8.196428571428573
"Arcane Signet, Myriad Landscape, Sol Ring",Exotic Orchard,0.026143790849673203,0.6666666666666667,8.196428571428573
Commander's Sphere,Exotic Orchard,0.034858387799564274,0.6666666666666667,8.196428571428573
"Exotic Orchard, Fellwar Stone","Command Tower, Sol Ring",0.023238925199709513,0.9696969696969697,8.19185722253207
"Arcane Signet, Exotic Orchard, Terramorphic Expanse","Command Tower, Sol Ring",0.023238925199709513,0.9696969696969697,8.19185722253207
"Myriad Landscape, Path of Ancestry","Command Tower, Sol Ring",0.02251270878721859,0.96875,8.18385736196319
"Command Tower, Fellwar Stone","Arcane Signet, Sol Ring",0.020334059549745823,0.7368421052631579,8.182512733446519
"Arcane Signet, Myriad Landscape, Path of Ancestry","Command Tower, Sol Ring",0.02178649237472767,0.967741935483871,8.17534138135761
"Evolving Wilds, Exotic Orchard","Arcane Signet, Command Tower",0.03413217138707335,0.7833333333333333,8.17159090909091
"Commander's Sphere, Evolving Wilds, Exotic Orchard","Command Tower, Sol Ring",0.021060275962236745,0.9666666666666666,8.166257668711657
"Arcane Signet, Prairie Stream","Command Tower, Sol Ring",0.021060275962236745,0.9666666666666666,8.166257668711657
"Arcane Signet, Command Tower, Path of Ancestry","Commander's Sphere, Sol Ring",0.023238925199709513,0.4210526315789474,8.166048925129726
"Commander's Sphere, Sol Ring","Arcane Signet, Command Tower, Path of Ancestry",0.023238925199709513,0.4507042253521127,8.166048925129726
"Ash Barrens, Exotic Orchard, Sol Ring","Arcane Signet, Command Tower",0.026143790849673203,0.782608695652174,8.16403162055336
"Ash Barrens, Exotic Orchard","Arcane Signet, Command Tower",0.026143790849673203,0.782608695652174,8.16403162055336
Commander's Sphere,"Arcane Signet, Command Tower, Path of Ancestry, Sol Ring",0.023238925199709513,0.4444444444444444,8.159999999999998
"Arcane Signet, Command Tower, Path of Ancestry, Sol Ring",Commander's Sphere,0.023238925199709513,0.42666666666666664,8.159999999999998
"Arcane Signet, Fellwar Stone","Command Tower, Sol Ring",0.020334059549745823,0.9655172413793104,8.156547493124604
"Arcane Signet, Evolving Wilds, Exotic Orchard, Terramorphic Expanse","Command Tower, Sol Ring",0.020334059549745823,0.9655172413793104,8.156547493124604
Myriad Landscape,"Path of Ancestry, Sol Ring",0.023238925199709513,0.48484848484848486,8.141906873614191
"Commander's Sphere, Sol Ring",Exotic Orchard,0.03413217138707335,0.6619718309859155,8.138707243460765
Exotic Orchard,"Commander's Sphere, Sol Ring",0.03413217138707335,0.41964285714285715,8.138707243460765
"Evolving Wilds, Exotic Orchard, Sol Ring","Arcane Signet, Command Tower",0.03340595497458242,0.7796610169491525,8.133281972265022
"Command Tower, Exotic Orchard","Sol Ring, Temple of the False God",0.03195352214960058,0.4074074074074074,8.130434782608695
"Sol Ring, Temple of the False God","Command Tower, Exotic Orchard",0.03195352214960058,0.6376811594202898,8.130434782608695
"Evolving Wilds, Sol Ring",Path of Ancestry,0.03340595497458242,0.48936170212765956,8.118687516021533
Path of Ancestry,"Evolving Wilds, Sol Ring",0.03340595497458242,0.5542168674698795,8.118687516021533
"Exotic Orchard, Sol Ring, Temple of the False God",Arcane Signet,0.025417574437182282,0.7954545454545455,8.113636363636365
"Mind Stone, Sol Ring",Arcane Signet,0.025417574437182282,0.7954545454545455,8.113636363636365
"Command Tower, Exotic Orchard, Sol Ring, Temple of the False God",Arcane Signet,0.025417574437182282,0.7954545454545455,8.113636363636365
"Command Tower, Exotic Orchard, Temple of the False God",Arcane Signet,0.025417574437182282,0.7954545454545455,8.113636363636365
"Exotic Orchard, Temple of the False God",Arcane Signet,0.025417574437182282,0.7954545454545455,8.113636363636365
"Command Tower, Evolving Wilds","Exotic Orchard, Path of Ancestry, Sol Ring",0.030501089324618737,0.411764705882353,8.1
"Exotic Orchard, Path of Ancestry, Sol Ring","Command Tower, Evolving Wilds",0.030501089324618737,0.6,8.1
"Command Tower, Temple of the False God","Arcane Signet, Exotic Orchard, Sol Ring",0.025417574437182282,0.546875,8.09727822580645
"Command Tower, Commander's Sphere",Arcane Signet,0.03631082062454612,0.7936507936507937,8.095238095238097
"Commander's Sphere, Evolving Wilds",Terramorphic Expanse,0.021060275962236745,0.8285714285714285,8.091793313069909
Myriad Landscape,"Arcane Signet, Exotic Orchard, Sol Ring",0.026143790849673203,0.5454545454545455,8.07624633431085
Myriad Landscape,"Arcane Signet, Command Tower, Exotic Orchard, Sol Ring",0.026143790849673203,0.5454545454545455,8.07624633431085
"Command Tower, Commander's Sphere, Exotic Orchard",Arcane Signet,0.027596223674655047,0.7916666666666666,8.075
"Commander's Sphere, Exotic Orchard",Arcane Signet,0.027596223674655047,0.7916666666666666,8.075
Myriad Landscape,"Command Tower, Exotic Orchard, Sol Ring",0.029774872912127815,0.6212121212121212,8.069897084048028
Myriad Landscape,"Exotic Orchard, Sol Ring",0.029774872912127815,0.6212121212121212,8.069897084048028
"Command Tower, Commander's Sphere, Sol Ring",Arcane Signet,0.03558460421205519,0.7903225806451613,8.061290322580644
"Myriad Landscape, Sol Ring","Arcane Signet, Command Tower",0.037037037037037035,0.7727272727272727,8.060950413223141
Myriad Landscape,"Arcane Signet, Command Tower",0.037037037037037035,0.7727272727272727,8.060950413223141
"Commander's Sphere, Sol Ring","Arcane Signet, Path of Ancestry",0.023238925199709513,0.4507042253521127,8.059996341686482
"Arcane Signet, Path of Ancestry","Commander's Sphere, Sol Ring",0.023238925199709513,0.41558441558441556,8.059996341686482
Commander's Sphere,"Arcane Signet, Path of Ancestry, Sol Ring",0.023238925199709513,0.4444444444444444,8.052631578947368
Commander's Sphere,"Arcane Signet, Command Tower, Path of Ancestry",0.023238925199709513,0.4444444444444444,8.052631578947368
"Arcane Signet, Path of Ancestry, Sol Ring",Commander's Sphere,0.023238925199709513,0.4210526315789474,8.052631578947368
"Arcane Signet, Command Tower, Path of Ancestry",Commander's Sphere,0.023238925199709513,0.4210526315789474,8.052631578947368
"Myriad Landscape, Sol Ring",Path of Ancestry,0.023238925199709513,0.48484848484848486,8.043811610076672
Myriad Landscape,Path of Ancestry,0.023238925199709513,0.48484848484848486,8.043811610076672
"Commander's Sphere, Evolving Wilds, Sol Ring",Terramorphic Expanse,0.020334059549745823,0.8235294117647058,8.042553191489361
"Commander's Sphere, Exotic Orchard, Sol Ring",Arcane Signet,0.026870007262164125,0.7872340425531915,8.029787234042553
"Command Tower, Commander's Sphere, Exotic Orchard, Sol Ring",Arcane Signet,0.026870007262164125,0.7872340425531915,8.029787234042553
"Command Tower, Temple of the False God","Evolving Wilds, Sol Ring",0.025417574437182282,0.546875,8.011136968085106
"Evolving Wilds, Sol Ring","Command Tower, Exotic Orchard",0.042846768336964415,0.6276595744680851,8.002659574468085
"Command Tower, Exotic Orchard","Evolving Wilds, Sol Ring",0.042846768336964415,0.5462962962962963,8.002659574468085
Exotic Orchard,"Command Tower, Sol Ring",0.07697893972403776,0.9464285714285714,7.995289219982472
"Command Tower, Sol Ring",Exotic Orchard,0.07697893972403776,0.6503067484662577,7.995289219982472
"Arcane Signet, Exotic Orchard, Path of Ancestry, Sol Ring",Commander's Sphere,0.020334059549745823,0.417910447761194,7.992537313432836
"Arcane Signet, Command Tower, Exotic Orchard, Path of Ancestry, Sol Ring",Commander's Sphere,0.020334059549745823,0.417910447761194,7.992537313432836
"Evolving Wilds, Exotic Orchard",Arcane Signet,0.03413217138707335,0.7833333333333333,7.99
"Command Tower, Evolving Wilds, Exotic Orchard",Arcane Signet,0.03413217138707335,0.7833333333333333,7.99
"Command Tower, Evolving Wilds","Exotic Orchard, Path of Ancestry",0.030501089324618737,0.411764705882353,7.985915492957747
"Exotic Orchard, Path of Ancestry","Command Tower, Evolving Wilds",0.030501089324618737,0.5915492957746479,7.985915492957747
"Arcane Signet, Command Tower, Exotic Orchard, Path of Ancestry","Commander's Sphere, Sol Ring",0.020334059549745823,0.4117647058823529,7.985915492957746
"Arcane Signet, Exotic Orchard, Path of Ancestry","Commander's Sphere, Sol Ring",0.020334059549745823,0.4117647058823529,7.985915492957746
Myriad Landscape,"Command Tower, Path of Ancestry, Sol Ring",0.02251270878721859,0.4696969696969697,7.984848484848485
"Ash Barrens, Command Tower, Exotic Orchard",Arcane Signet,0.026143790849673203,0.782608695652174,7.982608695652174
"Ash Barrens, Exotic Orchard, Sol Ring",Arcane Signet,0.026143790849673203,0.782608695652174,7.982608695652174
"Ash Barrens, Exotic Orchard",Arcane Signet,0.026143790849673203,0.782608695652174,7.982608695652174
"Ash Barrens, Command Tower, Exotic Orchard, Sol Ring",Arcane Signet,0.026143790849673203,0.782608695652174,7.982608695652174
"Arcane Signet, Myriad Landscape","Command Tower, Sol Ring",0.037037037037037035,0.9444444444444444,7.978527607361963
"Command Tower, Evolving Wilds, Sol Ring","Arcane Signet, Path of Ancestry",0.029774872912127815,0.4456521739130435,7.96964991530209
"Arcane Signet, Path of Ancestry","Command Tower, Evolving Wilds, Sol Ring",0.029774872912127815,0.5324675324675324,7.969649915302089
"Arcane Signet, Commander's Sphere","Command Tower, Sol Ring",0.03558460421205519,0.9423076923076923,7.960476639924493
"Command Tower, Evolving Wilds, Exotic Orchard, Sol Ring",Arcane Signet,0.03340595497458242,0.7796610169491525,7.952542372881355
"Evolving Wilds, Exotic Orchard, Sol Ring",Arcane Signet,0.03340595497458242,0.7796610169491525,7.952542372881355
"Arcane Signet, Path of Ancestry",Commander's Sphere,0.023238925199709513,0.41558441558441556,7.948051948051948
Commander's Sphere,"Arcane Signet, Path of Ancestry",0.023238925199709513,0.4444444444444444,7.948051948051948
"Command Tower, Temple of the False God","Arcane Signet, Exotic Orchard",0.025417574437182282,0.546875,7.926809210526316
"Command Tower, Sol Ring, Temple of the False God","Arcane Signet, Exotic Orchard",0.025417574437182282,0.546875,7.926809210526316
"Myriad Landscape, Sol Ring","Command Tower, Exotic Orchard",0.029774872912127815,0.6212121212121212,7.920454545454546
Myriad Landscape,"Command Tower, Exotic Orchard",0.029774872912127815,0.6212121212121212,7.920454545454546
"Exotic Orchard, Terramorphic Expanse","Command Tower, Sol Ring",0.032679738562091505,0.9375,7.9198619631901845
Command Tower,"Arcane Signet, Exotic Orchard, Sol Ring",0.06753812636165578,0.5344827586206897,7.913793103448277
"Exotic Orchard, Prairie Stream",Command Tower,0.020334059549745823,1.0,7.913793103448276
"Evolving Wilds, Exotic Orchard",Command Tower,0.04357298474945534,1.0,7.913793103448276
"Exotic Orchard, Sol Ring, Swords to Plowshares",Command Tower,0.020334059549745823,1.0,7.913793103448276
"Arcane Signet, Prairie Stream, Sol Ring",Command Tower,0.021060275962236745,1.0,7.913793103448276
"Arcane Signet, Ash Barrens, Exotic Orchard, Path of Ancestry",Command Tower,0.02178649237472767,1.0,7.913793103448276
"Commander's Sphere, Path of Ancestry, Sol Ring",Command Tower,0.026143790849673203,1.0,7.913793103448276
"Arcane Signet, Exotic Orchard, Temple of the False God",Command Tower,0.025417574437182282,1.0,7.913793103448276
"Ash Barrens, Exotic Orchard, Path of Ancestry",Command Tower,0.02178649237472767,1.0,7.913793103448276
"Arcane Signet, Commander's Sphere, Exotic Orchard, Path of Ancestry, Sol Ring",Command Tower,0.020334059549745823,1.0,7.913793103448276
"Ash Barrens, Sol Ring",Command Tower,0.03848946986201888,1.0,7.913793103448276
"Arcane Signet, Evolving Wilds, Sol Ring",Command Tower,0.03994190268700073,1.0,7.913793103448276
Command Tower,"Exotic Orchard, Path of Ancestry, Sol Ring",0.050835148874364564,0.40229885057471265,7.913793103448276
Command Tower,"Exotic Orchard, Path of Ancestry",0.05156136528685548,0.40804597701149425,7.913793103448276
"Arcane Signet, Prairie Stream",Command Tower,0.02178649237472767,1.0,7.913793103448276
"Evolving Wilds, Path of Ancestry, Sol Ring, Terramorphic Expanse",Command Tower,0.02178649237472767,1.0,7.913793103448276
"Arcane Signet, Exotic Orchard, Terramorphic Expanse",Command Tower,0.023965141612200435,1.0,7.913793103448276
"Exotic Orchard, Path of Ancestry, Sol Ring",Command Tower,0.050835148874364564,1.0,7.913793103448276
"Exotic Orchard, Path of Ancestry, Terramorphic Expanse",Command Tower,0.021060275962236745,1.0,7.913793103448276
"Arcane Signet, Evolving Wilds, Exotic Orchard, Sol Ring, Terramorphic Expanse",Command Tower,0.020334059549745823,1.0,7.913793103448276
"Arcane Signet, Fellwar Stone",Command Tower,0.021060275962236745,1.0,7.913793103448276
"Arcane Signet, Ash Barrens, Path of Ancestry, Sol Ring",Command Tower,0.023965141612200435,1.0,7.913793103448276
"Arcane Signet, Exotic Orchard, Sol Ring",Command Tower,0.06753812636165578,1.0,7.913793103448276
"Commander's Sphere, Evolving Wilds, Exotic Orchard, Sol Ring",Command Tower,0.021060275962236745,1.0,7.913793103448276
"Ash Barrens, Evolving Wilds, Sol Ring",Command Tower,0.024691358024691357,1.0,7.913793103448276
"Ash Barrens, Path of Ancestry, Sol Ring",Command Tower,0.023965141612200435,1.0,7.913793103448276
"Path of Ancestry, Terramorphic Expanse",Command Tower,0.023965141612200435,1.0,7.913793103448276
"Path of Ancestry, Sol Ring, Terramorphic Expanse",Command Tower,0.023965141612200435,1.0,7.913793103448276
"Arcane Signet, Exotic Orchard, Path of Ancestry",Command Tower,0.04938271604938271,1.0,7.913793103448276
"Ash Barrens, Evolving Wilds",Command Tower,0.024691358024691357,1.0,7.913793103448276
"Exotic Orchard, Path of Ancestry",Command Tower,0.05156136528685548,1.0,7.913793103448276
"Myriad Landscape, Sol Ring, Temple of the False God",Command Tower,0.023238925199709513,1.0,7.913793103448276
"Arcane Signet, Ash Barrens, Path of Ancestry",Command Tower,0.023965141612200435,1.0,7.913793103448276
"Exotic Orchard, Fellwar Stone, Sol Ring",Command Tower,0.023238925199709513,1.0,7.913793103448276
"Arcane Signet, Evolving Wilds",Command Tower,0.04720406681190995,1.0,7.913793103448276
"Prairie Stream, Sol Ring",Command Tower,0.02178649237472767,1.0,7.913793103448276
"Exotic Orchard, Fellwar Stone",Command Tower,0.023965141612200435,1.0,7.913793103448276
"Evolving Wilds, Exotic Orchard, Sol Ring",Command Tower,0.042846768336964415,1.0,7.913793103448276
"Arcane Signet, Exotic Orchard, Path of Ancestry, Sol Ring",Command Tower,0.048656499636891795,1.0,7.913793103448276
"Commander's Sphere, Evolving Wilds, Exotic Orchard",Command Tower,0.02178649237472767,1.0,7.913793103448276
"Arcane Signet, Exotic Orchard, Sol Ring, Temple of the False God",Command Tower,0.025417574437182282,1.0,7.913793103448276
"Ash Barrens, Path of Ancestry",Command Tower,0.023965141612200435,1.0,7.913793103448276
"Evolving Wilds, Sol Ring, Temple of the False God",Command Tower,0.025417574437182282,1.0,7.913793103448276
"Exotic Orchard, Swords to Plowshares",Command Tower,0.020334059549745823,1.0,7.913793103448276
"Arcane Signet, Evolving Wilds, Exotic Orchard",Command Tower,0.03413217138707335,1.0,7.913793103448276
"Arcane Signet, Commander's Sphere, Path of Ancestry",Command Tower,0.023238925199709513,1.0,7.913793103448276
"Arcane Signet, Ash Barrens, Exotic Orchard, Sol Ring",Command Tower,0.026143790849673203,1.0,7.913793103448276
"Arcane Signet, Path of Ancestry, Sol Ring, Terramorphic Expanse",Command Tower,0.020334059549745823,1.0,7.913793103448276
"Arcane Signet, Evolving Wilds, Exotic Orchard, Terramorphic Expanse",Command Tower,0.021060275962236745,1.0,7.913793103448276
Ash Barrens,Command Tower,0.03848946986201888,1.0,7.913793103448276
"Path of Ancestry, Sol Ring, Temple of the False God",Command Tower,0.02178649237472767,1.0,7.913793103448276
"Commander's Sphere, Exotic Orchard",Command Tower,0.034858387799564274,1.0,7.913793103448276
"Exotic Orchard, Temple of the False God",Command Tower,0.03195352214960058,1.0,7.913793103448276
"Exotic Orchard, Sol Ring, Temple of the False God",Command Tower,0.03195352214960058,1.0,7.913793103448276
"Ash Barrens, Exotic Orchard, Path of Ancestry, Sol Ring",Command Tower,0.02178649237472767,1.0,7.913793103448276
"Arcane Signet, Commander's Sphere, Exotic Orchard",Command Tower,0.027596223674655047,1.0,7.913793103448276
"Path of Ancestry, Temple of the False God",Command Tower,0.02178649237472767,1.0,7.913793103448276
"Arcane Signet, Terramorphic Expanse",Command Tower,0.03340595497458242,1.0,7.913793103448276
"Exotic Orchard, Sol Ring, Terramorphic Expanse",Command Tower,0.032679738562091505,1.0,7.913793103448276
"Evolving Wilds, Path of Ancestry",Command Tower,0.03340595497458242,1.0,7.913793103448276
"Evolving Wilds, Path of Ancestry, Sol Ring",Command Tower,0.03340595497458242,1.0,7.913793103448276
"Ash Barrens, Exotic Orchard, Sol Ring",Command Tower,0.03340595497458242,1.0,7.913793103448276
"Arcane Signet, Exotic Orchard, Myriad Landscape, Sol Ring",Command Tower,0.026143790849673203,1.0,7.913793103448276
"Arcane Signet, Exotic Orchard, Myriad Landscape",Command Tower,0.026143790849673203,1.0,7.913793103448276
"Commander's Sphere, Path of Ancestry",Command Tower,0.026143790849673203,1.0,7.913793103448276
"Arcane Signet, Commander's Sphere, Path of Ancestry, Sol Ring",Command Tower,0.023238925199709513,1.0,7.913793103448276
"Commander's Sphere, Exotic Orchard, Sol Ring",Command Tower,0.03413217138707335,1.0,7.913793103448276
"Arcane Signet, Ash Barrens, Exotic Orchard, Path of Ancestry, Sol Ring",Command Tower,0.02178649237472767,1.0,7.913793103448276
"Myriad Landscape, Temple of the False God",Command Tower,0.023238925199709513,1.0,7.913793103448276
"Arcane Signet, Exotic Orchard, Sol Ring, Terramorphic Expanse",Command Tower,0.023238925199709513,1.0,7.913793103448276
"Arcane Signet, Evolving Wilds, Exotic Orchard, Sol Ring",Command Tower,0.03340595497458242,1.0,7.913793103448276
"Arcane Signet, Ash Barrens, Exotic Orchard",Command Tower,0.026143790849673203,1.0,7.913793103448276
"Arcane Signet, Commander's Sphere, Exotic Orchard, Sol Ring",Command Tower,0.026870007262164125,1.0,7.913793103448276
"Evolving Wilds, Path of Ancestry, Terramorphic Expanse",Command Tower,0.02178649237472767,1.0,7.913793103448276
"Arcane Signet, Evolving Wilds, Sol Ring, Terramorphic Expanse",Command Tower,0.026143790849673203,1.0,7.913793103448276
"Ash Barrens, Exotic Orchard",Command Tower,0.03340595497458242,1.0,7.913793103448276
"Arcane Signet, Rogue's Passage, Sol Ring",Command Tower,0.020334059549745823,1.0,7.913793103448276
"Arcane Signet, Solemn Simulacrum",Command Tower,0.020334059549745823,1.0,7.913793103448276
"Arcane Signet, Evolving Wilds, Terramorphic Expanse",Command Tower,0.030501089324618737,1.0,7.913793103448276
"Exotic Orchard, Myriad Landscape, Sol Ring",Command Tower,0.029774872912127815,1.0,7.913793103448276
"Evolving Wilds, Exotic Orchard, Path of Ancestry",Command Tower,0.030501089324618737,1.0,7.913793103448276
"Arcane Signet, Evolving Wilds, Exotic Orchard, Path of Ancestry",Command Tower,0.02832244008714597,1.0,7.913793103448276
"Arcane Signet, Path of Ancestry, Terramorphic Expanse",Command Tower,0.020334059549745823,1.0,7.913793103448276
"Arcane Signet, Fellwar Stone, Sol Ring",Command Tower,0.020334059549745823,1.0,7.913793103448276
"Evolving Wilds, Exotic Orchard, Terramorphic Expanse",Command Tower,0.030501089324618737,1.0,7.913793103448276
"Cultivate, Sol Ring",Command Tower,0.026870007262164125,1.0,7.913793103448276
"Arcane Signet, Evolving Wilds, Exotic Orchard, Path of Ancestry, Sol Ring",Command Tower,0.02832244008714597,1.0,7.913793103448276
"Arcane Signet, Ash Barrens, Sol Ring",Command Tower,0.03122730573710966,1.0,7.913793103448276
"Arcane Signet, Ash Barrens",Command Tower,0.03122730573710966,1.0,7.913793103448276
"Evolving Wilds, Exotic Orchard, Path of Ancestry, Sol Ring",Command Tower,0.030501089324618737,1.0,7.913793103448276
"Commander's Sphere, Exotic Orchard, Path of Ancestry",Command Tower,0.02251270878721859,1.0,7.913793103448276
"Arcane Signet, Sol Ring, Terramorphic Expanse",Command Tower,0.029048656499636893,1.0,7.913793103448276
"Arcane Signet, Sol Ring, Temple of the False God",Command Tower,0.029774872912127815,1.0,7.913793103448276
"Arcane Signet, Evolving Wilds, Path of Ancestry, Sol Ring",Command Tower,0.029774872912127815,1.0,7.913793103448276
"Arcane Signet, Rogue's Passage",Command Tower,0.020334059549745823,1.0,7.913793103448276
"Evolving Wilds, Exotic Orchard, Sol Ring, Terramorphic Expanse",Command Tower,0.029774872912127815,1.0,7.913793103448276
"Ash Barrens, Evolving Wilds, Exotic Orchard, Sol Ring",Command Tower,0.02251270878721859,1.0,7.913793103448276
"Commander's Sphere, Exotic Orchard, Path of Ancestry, Sol Ring",Command Tower,0.02251270878721859,1.0,7.913793103448276
"Exotic Orchard, Myriad Landscape",Command Tower,0.029774872912127815,1.0,7.913793103448276
"Arcane Signet, Temple of the False God",Command Tower,0.029774872912127815,1.0,7.913793103448276
"Exotic Orchard, Path of Ancestry, Sol Ring, Terramorphic Expanse",Command Tower,0.021060275962236745,1.0,7.913793103448276
"Ash Barrens, Evolving Wilds, Exotic Orchard",Command Tower,0.02251270878721859,1.0,7.913793103448276
"Arcane Signet, Evolving Wilds, Path of Ancestry",Command Tower,0.029774872912127815,1.0,7.913793103448276
Command Tower,"Exotic Orchard, Sol Ring",0.07697893972403776,0.6091954022988505,7.913793103448276
"Arcane Signet, Exotic Orchard",Command Tower,0.06899055918663761,1.0,7.913793103448276
"Arcane Signet, Commander's Sphere, Exotic Orchard, Path of Ancestry",Command Tower,0.020334059549745823,1.0,7.913793103448276
"Exotic Orchard, Sol Ring",Command Tower,0.07697893972403776,1.0,7.913793103448276
Command Tower,"Arcane Signet, Exotic Orchard",0.06899055918663761,0.5459770114942528,7.913793103448276
Myriad Landscape,"Arcane Signet, Exotic Orchard",0.026143790849673203,0.5454545454545455,7.906220095693781
Myriad Landscape,"Arcane Signet, Command Tower, Exotic Orchard",0.026143790849673203,0.5454545454545455,7.906220095693781
"Myriad Landscape, Sol Ring","Arcane Signet, Command Tower, Exotic Orchard",0.026143790849673203,0.5454545454545455,7.906220095693781
"Myriad Landscape, Sol Ring","Arcane Signet, Exotic Orchard",0.026143790849673203,0.5454545454545455,7.906220095693781
"Evolving Wilds, Sol Ring","Arcane Signet, Command Tower, Path of Ancestry",0.029774872912127815,0.43617021276595747,7.902715565509519
"Arcane Signet, Command Tower, Path of Ancestry","Evolving Wilds, Sol Ring",0.029774872912127815,0.5394736842105263,7.902715565509519
Myriad Landscape,"Command Tower, Path of Ancestry",0.02251270878721859,0.4696969696969697,7.887472283813747
"Myriad Landscape, Sol Ring","Command Tower, Path of Ancestry",0.02251270878721859,0.4696969696969697,7.887472283813747
Chaos Warp,"Command Tower, Sol Ring",0.020334059549745823,0.9333333333333332,7.884662576687116
"Command Tower, Evolving Wilds, Sol Ring",Exotic Orchard,0.042846768336964415,0.641304347826087,7.88460791925466
Exotic Orchard,"Command Tower, Evolving Wilds, Sol Ring",0.042846768336964415,0.5267857142857143,7.884607919254659
"Arcane Signet, Command Tower, Exotic Orchard, Path of Ancestry",Commander's Sphere,0.020334059549745823,0.4117647058823529,7.874999999999999
"Evolving Wilds, Sol Ring, Terramorphic Expanse",Commander's Sphere,0.020334059549745823,0.4117647058823529,7.874999999999999
"Arcane Signet, Exotic Orchard, Path of Ancestry",Commander's Sphere,0.020334059549745823,0.4117647058823529,7.874999999999999
"Command Tower, Temple of the False God","Path of Ancestry, Sol Ring",0.02178649237472767,0.46875000000000006,7.87157012195122
Commander's Sphere,"Arcane Signet, Sol Ring",0.037037037037037035,0.7083333333333333,7.865927419354838
"Arcane Signet, Sol Ring",Commander's Sphere,0.037037037037037035,0.41129032258064513,7.865927419354838
"Arcane Signet, Exotic Orchard, Path of Ancestry, Sol Ring","Command Tower, Evolving Wilds",0.02832244008714597,0.582089552238806,7.858208955223882
"Sol Ring, Temple of the False God",Exotic Orchard,0.03195352214960058,0.6376811594202898,7.840062111801242
Path of Ancestry,Command Tower,0.05954974582425563,0.9879518072289157,7.818446198587454
Command Tower,Path of Ancestry,0.05954974582425563,0.47126436781609193,7.818446198587453
"Path of Ancestry, Sol Ring",Command Tower,0.058823529411764705,0.9878048780487805,7.817283431455004
Command Tower,"Path of Ancestry, Sol Ring",0.058823529411764705,0.46551724137931033,7.817283431455004
"Command Tower, Sol Ring, Terramorphic Expanse","Exotic Orchard, Path of Ancestry",0.021060275962236745,0.40277777777777773,7.811619718309858
"Exotic Orchard, Path of Ancestry","Command Tower, Sol Ring, Terramorphic Expanse",0.021060275962236745,0.40845070422535207,7.811619718309858
Command Tower,"Arcane Signet, Path of Ancestry",0.05519244734931009,0.43678160919540227,7.811016569637259
"Arcane Signet, Path of Ancestry",Command Tower,0.05519244734931009,0.987012987012987,7.811016569637259
Command Tower,"Arcane Signet, Path of Ancestry, Sol Ring",0.054466230936819175,0.4310344827586207,7.809664246823957
"Arcane Signet, Path of Ancestry, Sol Ring",Command Tower,0.054466230936819175,0.986842105263158,7.8096642468239565
"Evolving Wilds, Sol Ring","Arcane Signet, Path of Ancestry",0.029774872912127815,0.43617021276595747,7.800082895827577
"Arcane Signet, Path of Ancestry","Evolving Wilds, Sol Ring",0.029774872912127815,0.5324675324675324,7.800082895827576
Fellwar Stone,"Command Tower, Exotic Orchard",0.023965141612200435,0.611111111111111,7.791666666666666
"Command Tower, Fellwar Stone",Arcane Signet,0.021060275962236745,0.763157894736842,7.784210526315789
"Command Tower, Sol Ring, Temple of the False God",Path of Ancestry,0.02178649237472767,0.46875000000000006,7.776731927710845
"Command Tower, Temple of the False God",Path of Ancestry,0.02178649237472767,0.46875000000000006,7.776731927710845
Rogue's Passage,"Arcane Signet, Command Tower, Sol Ring",0.020334059549745823,0.6829268292682926,7.771820197540817
"Sol Ring, Terramorphic Expanse","Command Tower, Exotic Orchard",0.032679738562091505,0.6081081081081081,7.753378378378379
"Command Tower, Exotic Orchard","Sol Ring, Terramorphic Expanse",0.032679738562091505,0.4166666666666667,7.753378378378379
"Sol Ring, Terramorphic Expanse",Commander's Sphere,0.02178649237472767,0.40540540540540543,7.753378378378379
Commander's Sphere,"Sol Ring, Terramorphic Expanse",0.02178649237472767,0.4166666666666667,7.753378378378379
"Evolving Wilds, Sol Ring",Command Tower,0.06681190994916485,0.9787234042553191,7.745414526779163
Command Tower,"Evolving Wilds, Sol Ring",0.06681190994916485,0.528735632183908,7.745414526779162
Commander's Sphere,"Arcane Signet, Command Tower, Sol Ring",0.03558460421205519,0.6805555555555555,7.744834710743801
"Arcane Signet, Command Tower, Sol Ring",Commander's Sphere,0.03558460421205519,0.4049586776859504,7.744834710743801
"Arcane Signet, Exotic Orchard, Path of Ancestry","Command Tower, Evolving Wilds",0.02832244008714597,0.5735294117647058,7.742647058823529
Command Tower,Arcane Signet,0.09586056644880174,0.7586206896551724,7.7379310344827585
Arcane Signet,Command Tower,0.09586056644880174,0.9777777777777777,7.737931034482758
"Command Tower, Exotic Orchard, Terramorphic Expanse","Arcane Signet, Sol Ring",0.023238925199709513,0.6956521739130436,7.725105189340814
Temple of the False God,"Command Tower, Exotic Orchard, Sol Ring",0.03195352214960058,0.5945945945945946,7.7241203467618575
Temple of the False God,"Exotic Orchard, Sol Ring",0.03195352214960058,0.5945945945945946,7.7241203467618575
"Exotic Orchard, Sol Ring",Temple of the False God,0.03195352214960058,0.41509433962264153,7.724120346761857
"Command Tower, Exotic Orchard, Sol Ring",Temple of the False God,0.03195352214960058,0.41509433962264153,7.724120346761857
"Commander's Sphere, Evolving Wilds","Command Tower, Sol Ring",0.023238925199709513,0.9142857142857143,7.723751095530237
"Arcane Signet, Sol Ring",Command Tower,0.0878721859114016,0.9758064516129032,7.722330367074528
Command Tower,"Arcane Signet, Sol Ring",0.0878721859114016,0.6954022988505747,7.722330367074527
"Command Tower, Fellwar Stone, Sol Ring",Arcane Signet,0.020334059549745823,0.7567567567567567,7.718918918918918
"Evolving Wilds, Sol Ring",Exotic Orchard,0.042846768336964415,0.6276595744680851,7.716850303951368
Exotic Orchard,"Evolving Wilds, Sol Ring",0.042846768336964415,0.5267857142857143,7.716850303951368
"Sol Ring, Terramorphic Expanse",Command Tower,0.05228758169934641,0.972972972972973,7.69990680335508
Command Tower,"Sol Ring, Terramorphic Expanse",0.05228758169934641,0.41379310344827586,7.699906803355079
Fellwar Stone,"Exotic Orchard, Sol Ring",0.023238925199709513,0.5925925925925926,7.69811320754717
Fellwar Stone,"Command Tower, Exotic Orchard, Sol Ring",0.023238925199709513,0.5925925925925926,7.69811320754717
"Evolving Wilds, Temple of the False God",Command Tower,0.025417574437182282,0.9722222222222222,7.693965517241379
"Evolving Wilds, Sol Ring, Terramorphic Expanse","Command Tower, Exotic Orchard",0.029774872912127815,0.6029411764705883,7.687500000000001
"Command Tower, Sol Ring, Terramorphic Expanse",Exotic Orchard,0.032679738562091505,0.625,7.6841517857142865
Exotic Orchard,"Command Tower, Sol Ring, Terramorphic Expanse",0.032679738562091505,0.4017857142857143,7.684151785714286
"Arcane Signet, Sol Ring, Swords to Plowshares",Command Tower,0.023965141612200435,0.9705882352941176,7.68103448275862
"Evolving Wilds, Sol Ring, Terramorphic Expanse",Command Tower,0.04793028322440087,0.9705882352941176,7.68103448275862
"Rogue's Passage, Sol Ring",Command Tower,0.023965141612200435,0.9705882352941176,7.68103448275862
"Arcane Signet, Swords to Plowshares",Command Tower,0.023965141612200435,0.9705882352941176,7.68103448275862
Prairie Stream,"Command Tower, Sol Ring",0.02178649237472767,0.9090909090909092,7.679866146123816
"Myriad Landscape, Path of Ancestry",Command Tower,0.02251270878721859,0.96875,7.666487068965517
"Myriad Landscape, Path of Ancestry, Sol Ring",Command Tower,0.02251270878721859,0.96875,7.666487068965517
"Arcane Signet, Myriad Landscape, Path of Ancestry",Command Tower,0.02178649237472767,0.967741935483871,7.658509454949944
"Arcane Signet, Myriad Landscape, Path of Ancestry, Sol Ring",Command Tower,0.02178649237472767,0.967741935483871,7.658509454949944
Commander's Sphere,"Arcane Signet, Exotic Orchard",0.027596223674655047,0.5277777777777778,7.65
Commander's Sphere,"Arcane Signet, Command Tower, Exotic Orchard",0.027596223674655047,0.5277777777777778,7.65
"Arcane Signet, Command Tower, Exotic Orchard",Commander's Sphere,0.027596223674655047,0.4,7.65
"Arcane Signet, Exotic Orchard",Commander's Sphere,0.027596223674655047,0.4,7.65
Serra Angel,Pacifism,0.025417574437182282,0.5,7.6499999999999995
"Command Tower, Evolving Wilds, Sol Ring, Terramorphic Expanse",Exotic Orchard,0.029774872912127815,0.6212121212121212,7.637581168831169
Myriad Landscape,Exotic Orchard,0.029774872912127815,0.6212121212121212,7.637581168831169
"Myriad Landscape, Sol Ring",Exotic Orchard,0.029774872912127815,0.6212121212121212,7.637581168831169
Command Tower,Exotic Orchard,0.0784313725490196,0.6206896551724138,7.631157635467981
Exotic Orchard,Command Tower,0.0784313725490196,0.9642857142857143,7.63115763546798
"Commander's Sphere, Terramorphic Expanse","Command Tower, Sol Ring",0.020334059549745823,0.9032258064516129,7.630318622600435
"Arcane Signet, Commander's Sphere",Command Tower,0.03631082062454612,0.9615384615384616,7.609416445623342
Commander's Sphere,"Arcane Signet, Exotic Orchard, Sol Ring",0.026870007262164125,0.5138888888888888,7.608870967741934
Commander's Sphere,"Arcane Signet, Command Tower, Exotic Orchard, Sol Ring",0.026870007262164125,0.5138888888888888,7.608870967741934
"Command Tower, Sol Ring, Terramorphic Expanse",Path of Ancestry,0.023965141612200435,0.4583333333333333,7.603915662650603
"Arcane Signet, Commander's Sphere, Sol Ring",Command Tower,0.03558460421205519,0.9607843137254902,7.6034482758620685
"Command Tower, Exotic Orchard, Path of Ancestry","Sol Ring, Terramorphic Expanse",0.021060275962236745,0.40845070422535207,7.60049486105824
"Exotic Orchard, Path of Ancestry","Sol Ring, Terramorphic Expanse",0.021060275962236745,0.40845070422535207,7.60049486105824
Command Tower,"Evolving Wilds, Terramorphic Expanse",0.05228758169934641,0.41379310344827586,7.597241379310344
"Evolving Wilds, Terramorphic Expanse",Command Tower,0.05228758169934641,0.96,7.597241379310344
"Mind Stone, Sol Ring","Arcane Signet, Command Tower",0.023238925199709513,0.7272727272727273,7.586776859504132
"Evolving Wilds, Exotic Orchard, Terramorphic Expanse","Arcane Signet, Command Tower, Sol Ring",0.020334059549745823,0.6666666666666666,7.586776859504131
"Exotic Orchard, Terramorphic Expanse","Arcane Signet, Command Tower, Sol Ring",0.023238925199709513,0.6666666666666666,7.586776859504131
"Exotic Orchard, Terramorphic Expanse",Command Tower,0.03340595497458242,0.9583333333333331,7.58405172413793
Rogue's Passage,"Arcane Signet, Sol Ring",0.020334059549745823,0.6829268292682926,7.583792289535798
Temple of the False God,"Command Tower, Exotic Orchard",0.03195352214960058,0.5945945945945946,7.581081081081082
"Command Tower, Exotic Orchard",Temple of the False God,0.03195352214960058,0.4074074074074074,7.581081081081081
"Command Tower, Evolving Wilds","Path of Ancestry, Sol Ring",0.03340595497458242,0.45098039215686275,7.573170731707317
"Path of Ancestry, Sol Ring","Command Tower, Evolving Wilds",0.03340595497458242,0.5609756097560975,7.573170731707317
Arcane Signet,"Command Tower, Sol Ring",0.0878721859114016,0.8962962962962964,7.571779141104296
"Command Tower, Sol Ring",Arcane Signet,0.0878721859114016,0.7423312883435583,7.571779141104295
"Command Tower, Commander's Sphere, Exotic Orchard, Path of Ancestry",Sol Ring,0.02251270878721859,1.0,7.565934065934066
"Command Tower, Evolving Wilds, Path of Ancestry, Terramorphic Expanse",Sol Ring,0.02178649237472767,1.0,7.565934065934066
"Evolving Wilds, Exotic Orchard, Path of Ancestry",Sol Ring,0.030501089324618737,1.0,7.565934065934066
"Arcane Signet, Evolving Wilds, Path of Ancestry",Sol Ring,0.029774872912127815,1.0,7.565934065934066
"Exotic Orchard, Path of Ancestry, Terramorphic Expanse",Sol Ring,0.021060275962236745,1.0,7.565934065934066
"Arcane Signet, Command Tower, Swords to Plowshares",Sol Ring,0.023965141612200435,1.0,7.565934065934066
"Arcane Signet, Temple of the False God",Sol Ring,0.029774872912127815,1.0,7.565934065934066
"Commander's Sphere, Myriad Landscape",Sol Ring,0.02178649237472767,1.0,7.565934065934066
"Arcane Signet, Command Tower, Evolving Wilds, Exotic Orchard, Path of Ancestry",Sol Ring,0.02832244008714597,1.0,7.565934065934066
"Ash Barrens, Command Tower, Evolving Wilds",Sol Ring,0.024691358024691357,1.0,7.565934065934066
"Evolving Wilds, Path of Ancestry",Sol Ring,0.03340595497458242,1.0,7.565934065934066
"Arcane Signet, Command Tower, Rogue's Passage",Sol Ring,0.020334059549745823,1.0,7.565934065934066
"Arcane Signet, Myriad Landscape, Path of Ancestry",Sol Ring,0.02251270878721859,1.0,7.565934065934066
"Ash Barrens, Evolving Wilds, Exotic Orchard",Sol Ring,0.02251270878721859,1.0,7.565934065934066
"Arcane Signet, Ash Barrens",Sol Ring,0.03122730573710966,1.0,7.565934065934066
"Command Tower, Evolving Wilds, Exotic Orchard, Path of Ancestry",Sol Ring,0.030501089324618737,1.0,7.565934065934066
"Evolving Wilds, Path of Ancestry, Terramorphic Expanse",Sol Ring,0.02178649237472767,1.0,7.565934065934066
Myriad Landscape,Sol Ring,0.04793028322440087,1.0,7.565934065934066
"Command Tower, Temple of the False God",Sol Ring,0.04647785039941903,1.0,7.565934065934066
"Arcane Signet, Ash Barrens, Exotic Orchard",Sol Ring,0.026143790849673203,1.0,7.565934065934066
"Arcane Signet, Rogue's Passage",Sol Ring,0.020334059549745823,1.0,7.565934065934066
"Chaos Warp, Command Tower",Sol Ring,0.020334059549745823,1.0,7.565934065934066
"Exotic Orchard, Swords to Plowshares",Sol Ring,0.020334059549745823,1.0,7.565934065934066
"Command Tower, Lightning Greaves",Sol Ring,0.025417574437182282,1.0,7.565934065934066
"Path of Ancestry, Terramorphic Expanse",Sol Ring,0.023965141612200435,1.0,7.565934065934066
"Commander's Sphere, Exotic Orchard, Path of Ancestry",Sol Ring,0.02251270878721859,1.0,7.565934065934066
"Arcane Signet, Command Tower, Myriad Landscape, Path of Ancestry",Sol Ring,0.02178649237472767,1.0,7.565934065934066
"Command Tower, Evolving Wilds, Temple of the False God",Sol Ring,0.025417574437182282,1.0,7.565934065934066
"Exotic Orchard, Temple of the False God",Sol Ring,0.03195352214960058,1.0,7.565934065934066
"Command Tower, Exotic Orchard, Temple of the False God",Sol Ring,0.03195352214960058,1.0,7.565934065934066
"Path of Ancestry, Temple of the False God",Sol Ring,0.02178649237472767,1.0,7.565934065934066
"Ash Barrens, Path of Ancestry",Sol Ring,0.023965141612200435,1.0,7.565934065934066
"Arcane Signet, Evolving Wilds, Exotic Orchard, Path of Ancestry",Sol Ring,0.02832244008714597,1.0,7.565934065934066
"Arcane Signet, Ash Barrens, Exotic Orchard, Path of Ancestry",Sol Ring,0.02178649237472767,1.0,7.565934065934066
"Arcane Signet, Ash Barrens, Command Tower",Sol Ring,0.03122730573710966,1.0,7.565934065934066
"Arcane Signet, Swords to Plowshares",Sol Ring,0.024691358024691357,1.0,7.565934065934066
"Command Tower, Rogue's Passage",Sol Ring,0.023965141612200435,1.0,7.565934065934066
"Arcane Signet, Exotic Orchard, Temple of the False God",Sol Ring,0.025417574437182282,1.0,7.565934065934066
"Command Tower, Myriad Landscape, Temple of the False God",Sol Ring,0.023238925199709513,1.0,7.565934065934066
"Arcane Signet, Command Tower, Commander's Sphere, Path of Ancestry",Sol Ring,0.023238925199709513,1.0,7.565934065934066
"Ash Barrens, Exotic Orchard, Path of Ancestry",Sol Ring,0.02178649237472767,1.0,7.565934065934066
Chaos Warp,Sol Ring,0.02178649237472767,1.0,7.565934065934066
"Command Tower, Exotic Orchard, Swords to Plowshares",Sol Ring,0.020334059549745823,1.0,7.565934065934066
"Arcane Signet, Command Tower, Exotic Orchard, Temple of the False God",Sol Ring,0.025417574437182282,1.0,7.565934065934066
"Ash Barrens, Exotic Orchard",Sol Ring,0.03340595497458242,1.0,7.565934065934066
"Myriad Landscape, Path of Ancestry",Sol Ring,0.023238925199709513,1.0,7.565934065934066
"Command Tower, Myriad Landscape",Sol Ring,0.042846768336964415,1.0,7.565934065934066
"Arcane Signet, Command Tower, Commander's Sphere, Exotic Orchard, Path of Ancestry",Sol Ring,0.020334059549745823,1.0,7.565934065934066
"Ash Barrens, Command Tower, Exotic Orchard, Path of Ancestry",Sol Ring,0.02178649237472767,1.0,7.565934065934066
"Arcane Signet, Ash Barrens, Command Tower, Exotic Orchard, Path of Ancestry",Sol Ring,0.02178649237472767,1.0,7.565934065934066
"Ash Barrens, Command Tower, Exotic Orchard",Sol Ring,0.03340595497458242,1.0,7.565934065934066
"Arcane Signet, Command Tower, Exotic Orchard, Myriad Landscape",Sol Ring,0.026143790849673203,1.0,7.565934065934066
"Arcane Signet, Exotic Orchard, Myriad Landscape",Sol Ring,0.026143790849673203,1.0,7.565934065934066
"Arcane Signet, Myriad Landscape",Sol Ring,0.0392156862745098,1.0,7.565934065934066
"Arcane Signet, Path of Ancestry, Terramorphic Expanse",Sol Ring,0.020334059549745823,1.0,7.565934065934066
"Ash Barrens, Command Tower, Evolving Wilds, Exotic Orchard",Sol Ring,0.02251270878721859,1.0,7.565934065934066
"Arcane Signet, Command Tower, Myriad Landscape",Sol Ring,0.037037037037037035,1.0,7.565934065934066
"Commander's Sphere, Path of Ancestry",Sol Ring,0.026143790849673203,1.0,7.565934065934066
Ash Barrens,Sol Ring,0.03848946986201888,1.0,7.565934065934066
"Command Tower, Evolving Wilds, Path of Ancestry",Sol Ring,0.03340595497458242,1.0,7.565934065934066
"Arcane Signet, Command Tower, Evolving Wilds, Path of Ancestry",Sol Ring,0.029774872912127815,1.0,7.565934065934066
"Command Tower, Exotic Orchard, Myriad Landscape",Sol Ring,0.029774872912127815,1.0,7.565934065934066
"Command Tower, Myriad Landscape, Path of Ancestry",Sol Ring,0.02251270878721859,1.0,7.565934065934066
"Arcane Signet, Command Tower, Temple of the False God",Sol Ring,0.029774872912127815,1.0,7.565934065934066
"Arcane Signet, Commander's Sphere, Exotic Orchard, Path of Ancestry",Sol Ring,0.020334059549745823,1.0,7.565934065934066
"Command Tower, Swords to Plowshares",Sol Ring,0.026143790849673203,1.0,7.565934065934066
"Command Tower, Commander's Sphere, Path of Ancestry",Sol Ring,0.026143790849673203,1.0,7.565934065934066
"Arcane Signet, Commander's Sphere, Path of Ancestry",Sol Ring,0.023238925199709513,1.0,7.565934065934066
"Arcane Signet, Ash Barrens, Command Tower, Exotic Orchard",Sol Ring,0.026143790849673203,1.0,7.565934065934066
"Command Tower, Path of Ancestry, Temple of the False God",Sol Ring,0.02178649237472767,1.0,7.565934065934066
"Ash Barrens, Command Tower",Sol Ring,0.03848946986201888,1.0,7.565934065934066
"Arcane Signet, Command Tower, Path of Ancestry, Terramorphic Expanse",Sol Ring,0.020334059549745823,1.0,7.565934065934066
"Exotic Orchard, Myriad Landscape",Sol Ring,0.029774872912127815,1.0,7.565934065934066
"Ash Barrens, Evolving Wilds",Sol Ring,0.024691358024691357,1.0,7.565934065934066
"Ash Barrens, Command Tower, Path of Ancestry",Sol Ring,0.023965141612200435,1.0,7.565934065934066
"Arcane Signet, Ash Barrens, Path of Ancestry",Sol Ring,0.023965141612200435,1.0,7.565934065934066
"Myriad Landscape, Temple of the False God",Sol Ring,0.023238925199709513,1.0,7.565934065934066
"Command Tower, Path of Ancestry, Terramorphic Expanse",Sol Ring,0.023965141612200435,1.0,7.565934065934066
"Arcane Signet, Ash Barrens, Command Tower, Path of Ancestry",Sol Ring,0.023965141612200435,1.0,7.565934065934066
"Command Tower, Exotic Orchard, Path of Ancestry, Terramorphic Expanse",Sol Ring,0.021060275962236745,1.0,7.565934065934066
"Commander's Sphere, Sol Ring","Arcane Signet, Command Tower, Exotic Orchard",0.026870007262164125,0.5211267605633803,7.553595255744996
"Commander's Sphere, Sol Ring","Arcane Signet, Exotic Orchard",0.026870007262164125,0.5211267605633803,7.553595255744996
Myriad Landscape,"Command Tower, Sol Ring",0.042846768336964415,0.8939393939393939,7.551868377021751
"Command Tower, Evolving Wilds, Sol Ring, Terramorphic Expanse",Path of Ancestry,0.02178649237472767,0.4545454545454546,7.54107338444688
"Exotic Orchard, Sol Ring","Command Tower, Evolving Wilds",0.042846768336964415,0.5566037735849058,7.514150943396229
"Command Tower, Evolving Wilds","Exotic Orchard, Sol Ring",0.042846768336964415,0.5784313725490197,7.514150943396228
Fellwar Stone,Exotic Orchard,0.023965141612200435,0.611111111111111,7.513392857142857
"Fellwar Stone, Sol Ring",Command Tower,0.026870007262164125,0.9487179487179488,7.507957559681698
"Exotic Orchard, Sol Ring","Command Tower, Terramorphic Expanse",0.032679738562091505,0.4245283018867925,7.4945573294629915
"Command Tower, Terramorphic Expanse","Exotic Orchard, Sol Ring",0.032679738562091505,0.576923076923077,7.4945573294629915
"Fellwar Stone, Sol Ring","Arcane Signet, Command Tower",0.020334059549745823,0.717948717948718,7.48951048951049
"Sol Ring, Terramorphic Expanse","Command Tower, Path of Ancestry",0.023965141612200435,0.44594594594594594,7.488628872775214
"Command Tower, Path of Ancestry","Sol Ring, Terramorphic Expanse",0.023965141612200435,0.40243902439024387,7.488628872775213
"Lightning Greaves, Sol Ring",Command Tower,0.025417574437182282,0.9459459459459459,7.486020503261883
Path of Ancestry,"Command Tower, Evolving Wilds",0.03340595497458242,0.5542168674698795,7.481927710843374
"Command Tower, Evolving Wilds",Path of Ancestry,0.03340595497458242,0.45098039215686275,7.481927710843374
Exotic Orchard,"Sol Ring, Terramorphic Expanse",0.032679738562091505,0.4017857142857143,7.476472007722008
"Sol Ring, Terramorphic Expanse",Exotic Orchard,0.032679738562091505,0.6081081081081081,7.476472007722008
Sol Ring,Path of Ancestry,0.05954974582425563,0.45054945054945056,7.474778233814379
Path of Ancestry,Sol Ring,0.05954974582425563,0.9879518072289157,7.474778233814379
"Arcane Signet, Myriad Landscape, Sol Ring",Command Tower,0.037037037037037035,0.9444444444444444,7.474137931034482
"Arcane Signet, Myriad Landscape",Command Tower,0.037037037037037035,0.9444444444444444,7.474137931034482
Sol Ring,"Command Tower, Path of Ancestry",0.058823529411764705,0.44505494505494503,7.473666577325114
"Command Tower, Path of Ancestry",Sol Ring,0.058823529411764705,0.9878048780487805,7.473666577325114
Sol Ring,"Arcane Signet, Path of Ancestry",0.05519244734931009,0.4175824175824176,7.467675181960896
"Arcane Signet, Path of Ancestry",Sol Ring,0.05519244734931009,0.987012987012987,7.467675181960896
"Arcane Signet, Command Tower, Path of Ancestry",Sol Ring,0.054466230936819175,0.986842105263158,7.466382301908618
Sol Ring,"Arcane Signet, Command Tower, Path of Ancestry",0.054466230936819175,0.4120879120879121,7.466382301908618
"Commander's Sphere, Evolving Wilds",Command Tower,0.023965141612200435,0.9428571428571427,7.461576354679802
Commander's Sphere,Sol Ring,0.05156136528685548,0.986111111111111,7.460851648351648
"Command Tower, Exotic Orchard, Path of Ancestry",Sol Ring,0.050835148874364564,0.9859154929577466,7.459371614301193
"Exotic Orchard, Path of Ancestry",Sol Ring,0.050835148874364564,0.9859154929577466,7.459371614301193
"Arcane Signet, Exotic Orchard, Path of Ancestry",Sol Ring,0.048656499636891795,0.9852941176470589,7.45467032967033
"Arcane Signet, Command Tower, Exotic Orchard, Path of Ancestry",Sol Ring,0.048656499636891795,0.9852941176470589,7.45467032967033
"Commander's Sphere, Evolving Wilds, Sol Ring",Command Tower,0.023238925199709513,0.9411764705882354,7.448275862068966
"Command Tower, Commander's Sphere",Sol Ring,0.04502541757443718,0.9841269841269842,7.445839874411304
"Command Tower, Commander's Sphere","Evolving Wilds, Sol Ring",0.023238925199709513,0.507936507936508,7.440729483282676
"Evolving Wilds, Exotic Orchard",Sol Ring,0.042846768336964415,0.9833333333333333,7.439835164835165
"Command Tower, Evolving Wilds, Exotic Orchard",Sol Ring,0.042846768336964415,0.9833333333333333,7.439835164835165
Prairie Stream,Command Tower,0.02251270878721859,0.9393939393939394,7.434169278996865
"Command Tower, Sol Ring","Evolving Wilds, Terramorphic Expanse",0.04793028322440087,0.4049079754601227,7.434110429447852
"Evolving Wilds, Terramorphic Expanse","Command Tower, Sol Ring",0.04793028322440087,0.8799999999999999,7.434110429447852
"Command Tower, Exotic Orchard",Sol Ring,0.07697893972403776,0.9814814814814814,7.425824175824175
Sol Ring,"Command Tower, Exotic Orchard",0.07697893972403776,0.5824175824175823,7.425824175824175
"Arcane Signet, Commander's Sphere",Sol Ring,0.037037037037037035,0.9807692307692307,7.420435333896872
"Exotic Orchard, Sol Ring, Terramorphic Expanse","Arcane Signet, Command Tower",0.023238925199709513,0.711111111111111,7.418181818181817
"Arcane Signet, Command Tower, Commander's Sphere",Sol Ring,0.03558460421205519,0.9799999999999999,7.4146153846153835
"Evolving Wilds, Sol Ring, Terramorphic Expanse",Exotic Orchard,0.029774872912127815,0.6029411764705883,7.41294642857143
Llanowar Elves,Giant Growth,0.021060275962236745,0.41428571428571426,7.408719851576993
"Evolving Wilds, Sol Ring, Terramorphic Expanse","Command Tower, Path of Ancestry",0.02178649237472767,0.44117647058823534,7.408536585365854
"Commander's Sphere, Exotic Orchard",Sol Ring,0.03413217138707335,0.9791666666666666,7.408310439560439
"Command Tower, Commander's Sphere, Exotic Orchard",Sol Ring,0.03413217138707335,0.9791666666666666,7.408310439560439
Sol Ring,"Arcane Signet, Exotic Orchard",0.06753812636165578,0.5109890109890111,7.40665124349335
Sol Ring,"Arcane Signet, Command Tower, Exotic Orchard",0.06753812636165578,0.5109890109890111,7.40665124349335
"Arcane Signet, Command Tower, Exotic Orchard",Sol Ring,0.06753812636165578,0.9789473684210528,7.40665124349335
"Arcane Signet, Exotic Orchard",Sol Ring,0.06753812636165578,0.9789473684210528,7.40665124349335
"Arcane Signet, Command Tower, Evolving Wilds, Exotic Orchard",Sol Ring,0.03340595497458242,0.9787234042553191,7.404956745382277
"Arcane Signet, Evolving Wilds, Exotic Orchard",Sol Ring,0.03340595497458242,0.9787234042553191,7.404956745382277
"Commander's Sphere, Terramorphic Expanse",Command Tower,0.021060275962236745,0.9354838709677419,7.403225806451612
"Exotic Orchard, Terramorphic Expanse","Arcane Signet, Sol Ring",0.023238925199709513,0.6666666666666666,7.403225806451612
"Command Tower, Evolving Wilds, Exotic Orchard, Terramorphic Expanse","Arcane Signet, Sol Ring",0.020334059549745823,0.6666666666666666,7.403225806451612
"Evolving Wilds, Exotic Orchard, Terramorphic Expanse","Arcane Signet, Sol Ring",0.020334059549745823,0.6666666666666666,7.403225806451612
"Command Tower, Exotic Orchard, Terramorphic Expanse",Sol Ring,0.032679738562091505,0.9782608695652175,7.401457238413761
"Sol Ring, Terramorphic Expanse",Path of Ancestry,0.023965141612200435,0.44594594594594594,7.398404428524911
"Command Tower, Evolving Wilds, Terramorphic Expanse","Exotic Orchard, Sol Ring",0.029774872912127815,0.5694444444444444,7.397405660377359
Commander's Sphere,"Evolving Wilds, Terramorphic Expanse",0.021060275962236745,0.40277777777777773,7.394999999999999
Chaos Warp,Command Tower,0.020334059549745823,0.9333333333333332,7.386206896551723
"Chaos Warp, Sol Ring",Command Tower,0.020334059549745823,0.9333333333333332,7.386206896551723
"Commander's Sphere, Sol Ring, Terramorphic Expanse",Command Tower,0.020334059549745823,0.9333333333333332,7.386206896551723
"Evolving Wilds, Exotic Orchard, Terramorphic Expanse",Sol Ring,0.029774872912127815,0.9761904761904762,7.385792778649922
"Command Tower, Evolving Wilds, Exotic Orchard, Terramorphic Expanse",Sol Ring,0.029774872912127815,0.9761904761904762,7.385792778649922
"Command Tower, Fellwar Stone",Sol Ring,0.026870007262164125,0.9736842105263158,7.366830537883169
"Arcane Signet, Command Tower, Commander's Sphere, Exotic Orchard",Sol Ring,0.026870007262164125,0.9736842105263158,7.366830537883169
"Arcane Signet, Commander's Sphere, Exotic Orchard",Sol Ring,0.026870007262164125,0.9736842105263158,7.366830537883169
Commander's Sphere,Arcane Signet,0.03776325344952796,0.7222222222222222,7.366666666666666
"Evolving Wilds, Temple of the False God",Sol Ring,0.025417574437182282,0.9722222222222222,7.355769230769231
"Sol Ring, Temple of the False God","Arcane Signet, Command Tower, Exotic Orchard",0.025417574437182282,0.5072463768115942,7.352402745995424
"Sol Ring, Temple of the False God","Arcane Signet, Exotic Orchard",0.025417574437182282,0.5072463768115942,7.352402745995424
"Commander's Sphere, Evolving Wilds",Sol Ring,0.024691358024691357,0.9714285714285713,7.349764521193092
"Arcane Signet, Terramorphic Expanse","Command Tower, Sol Ring",0.029048656499636893,0.8695652173913044,7.345958922379302
"Sol Ring, Temple of the False God",Command Tower,0.04647785039941903,0.927536231884058,7.340329835082459
"Exotic Orchard, Fellwar Stone",Sol Ring,0.023238925199709513,0.9696969696969697,7.336663336663337
"Command Tower, Commander's Sphere, Evolving Wilds",Sol Ring,0.023238925199709513,0.9696969696969697,7.336663336663337
"Command Tower, Swiftfoot Boots",Sol Ring,0.023238925199709513,0.9696969696969697,7.336663336663337
"Arcane Signet, Command Tower, Exotic Orchard, Terramorphic Expanse",Sol Ring,0.023238925199709513,0.9696969696969697,7.336663336663337
"Arcane Signet, Exotic Orchard, Terramorphic Expanse",Sol Ring,0.023238925199709513,0.9696969696969697,7.336663336663337
"Command Tower, Exotic Orchard, Fellwar Stone",Sol Ring,0.023238925199709513,0.9696969696969697,7.336663336663337
"Commander's Sphere, Sol Ring",Arcane Signet,0.037037037037037035,0.7183098591549295,7.326760563380281
"Fellwar Stone, Sol Ring",Arcane Signet,0.020334059549745823,0.717948717948718,7.323076923076923
"Command Tower, Prairie Stream",Sol Ring,0.02178649237472767,0.967741935483871,7.321871676710387
"Commander's Sphere, Terramorphic Expanse",Sol Ring,0.02178649237472767,0.967741935483871,7.321871676710387
"Arcane Signet, Mind Stone",Command Tower,0.026870007262164125,0.9249999999999999,7.320258620689654
"Evolving Wilds, Sol Ring, Terramorphic Expanse",Path of Ancestry,0.02178649237472767,0.44117647058823534,7.319277108433736
"Command Tower, Exotic Orchard, Terramorphic Expanse",Arcane Signet,0.023965141612200435,0.7173913043478262,7.317391304347827
"Exotic Orchard, Path of Ancestry, Sol Ring","Command Tower, Terramorphic Expanse",0.021060275962236745,0.41428571428571426,7.3137362637362635
"Command Tower, Commander's Sphere, Evolving Wilds, Exotic Orchard",Sol Ring,0.021060275962236745,0.9666666666666666,7.313736263736263
"Commander's Sphere, Evolving Wilds, Exotic Orchard",Sol Ring,0.021060275962236745,0.9666666666666666,7.313736263736263
"Arcane Signet, Command Tower, Prairie Stream",Sol Ring,0.021060275962236745,0.9666666666666666,7.313736263736263
"Arcane Signet, Prairie Stream",Sol Ring,0.021060275962236745,0.9666666666666666,7.313736263736263
Temple of the False God,Exotic Orchard,0.03195352214960058,0.5945945945945946,7.310328185328186
Temple of the False God,"Command Tower, Sol Ring",0.04647785039941903,0.8648648648648649,7.3062510363123865
"Command Tower, Commander's Sphere, Terramorphic Expanse",Sol Ring,0.020334059549745823,0.9655172413793104,7.305039787798409
"Arcane Signet, Command Tower, Evolving Wilds, Exotic Orchard, Terramorphic Expanse",Sol Ring,0.020334059549745823,0.9655172413793104,7.305039787798409
"Arcane Signet, Command Tower, Fellwar Stone",Sol Ring,0.020334059549745823,0.9655172413793104,7.305039787798409
"Arcane Signet, Evolving Wilds, Exotic Orchard, Terramorphic Expanse",Sol Ring,0.020334059549745823,0.9655172413793104,7.305039787798409
"Arcane Signet, Fellwar Stone",Sol Ring,0.020334059549745823,0.9655172413793104,7.305039787798409
"Commander's Sphere, Evolving Wilds, Terramorphic Expanse",Sol Ring,0.020334059549745823,0.9655172413793104,7.305039787798409
"Sol Ring, Temple of the False God","Command Tower, Path of Ancestry",0.02178649237472767,0.4347826086956522,7.3011664899257696
"Arcane Signet, Path of Ancestry, Sol Ring","Command Tower, Evolving Wilds",0.029774872912127815,0.5394736842105263,7.282894736842106
"Command Tower, Evolving Wilds","Arcane Signet, Path of Ancestry, Sol Ring",0.029774872912127815,0.4019607843137255,7.282894736842105
Commander's Sphere,"Command Tower, Sol Ring",0.04502541757443718,0.8611111111111112,7.274539877300614
"Exotic Orchard, Sol Ring, Terramorphic Expanse",Arcane Signet,0.023238925199709513,0.711111111111111,7.253333333333333
"Command Tower, Exotic Orchard, Sol Ring, Terramorphic Expanse",Arcane Signet,0.023238925199709513,0.711111111111111,7.253333333333333
"Command Tower, Terramorphic Expanse",Exotic Orchard,0.03340595497458242,0.5897435897435898,7.250686813186814
Exotic Orchard,"Command Tower, Terramorphic Expanse",0.03340595497458242,0.4107142857142857,7.250686813186813
"Arcane Signet, Exotic Orchard","Command Tower, Evolving Wilds, Sol Ring",0.03340595497458242,0.4842105263157895,7.247368421052633
"Command Tower, Evolving Wilds, Sol Ring","Arcane Signet, Exotic Orchard",0.03340595497458242,0.5,7.247368421052632
Commander's Sphere,"Arcane Signet, Command Tower",0.03631082062454612,0.6944444444444444,7.244318181818182
"Arcane Signet, Evolving Wilds, Terramorphic Expanse","Command Tower, Sol Ring",0.026143790849673203,0.8571428571428572,7.2410166520595975
"Arcane Signet, Mind Stone, Sol Ring",Command Tower,0.023238925199709513,0.9142857142857143,7.235467980295566
Exotic Orchard,"Command Tower, Evolving Wilds",0.04357298474945534,0.5357142857142858,7.2321428571428585
"Command Tower, Evolving Wilds",Exotic Orchard,0.04357298474945534,0.5882352941176471,7.232142857142858
"Sol Ring, Temple of the False God",Path of Ancestry,0.02178649237472767,0.4347826086956522,7.213200628601363
"Exotic Orchard, Path of Ancestry","Command Tower, Terramorphic Expanse",0.021060275962236745,0.40845070422535207,7.210725893824485
"Evolving Wilds, Exotic Orchard, Terramorphic Expanse","Arcane Signet, Command Tower",0.021060275962236745,0.6904761904761905,7.202922077922078
"Commander's Sphere, Sol Ring","Arcane Signet, Command Tower",0.03558460421205519,0.6901408450704225,7.199423815620999
"Arcane Signet, Path of Ancestry","Command Tower, Evolving Wilds",0.029774872912127815,0.5324675324675324,7.188311688311688
"Command Tower, Evolving Wilds","Arcane Signet, Path of Ancestry",0.029774872912127815,0.4019607843137255,7.188311688311688
"Command Tower, Cultivate",Sol Ring,0.026870007262164125,0.9487179487179488,7.177937447168217
"Command Tower, Evolving Wilds, Terramorphic Expanse",Exotic Orchard,0.030501089324618737,0.5833333333333334,7.171875000000001
"Exotic Orchard, Terramorphic Expanse","Arcane Signet, Command Tower",0.023965141612200435,0.6874999999999999,7.171874999999999
Exotic Orchard,Sol Ring,0.07697893972403776,0.9464285714285714,7.160616169544741
Sol Ring,Exotic Orchard,0.07697893972403776,0.5824175824175823,7.16061616954474
"Arcane Signet, Evolving Wilds","Command Tower, Sol Ring",0.03994190268700073,0.8461538461538461,7.148183105238321
"Evolving Wilds, Terramorphic Expanse","Command Tower, Exotic Orchard",0.030501089324618737,0.5599999999999999,7.14
"Evolving Wilds, Exotic Orchard, Sol Ring, Terramorphic Expanse","Arcane Signet, Command Tower",0.020334059549745823,0.6829268292682926,7.124168514412417
Rogue's Passage,"Arcane Signet, Command Tower",0.020334059549745823,0.6829268292682926,7.124168514412417
"Sol Ring, Swords to Plowshares",Command Tower,0.026143790849673203,0.9,7.122413793103449
"Command Tower, Temple of the False God","Arcane Signet, Sol Ring",0.029774872912127815,0.640625,7.114037298387097
Commander's Sphere,"Command Tower, Terramorphic Expanse",0.021060275962236745,0.40277777777777773,7.1105769230769225
"Command Tower, Terramorphic Expanse","Path of Ancestry, Sol Ring",0.023965141612200435,0.4230769230769231,7.104596622889305
"Path of Ancestry, Sol Ring","Command Tower, Terramorphic Expanse",0.023965141612200435,0.40243902439024387,7.104596622889305
"Evolving Wilds, Terramorphic Expanse","Exotic Orchard, Sol Ring",0.029774872912127815,0.5466666666666666,7.101509433962264
"Evolving Wilds, Terramorphic Expanse","Command Tower, Exotic Orchard, Sol Ring",0.029774872912127815,0.5466666666666666,7.101509433962264
"Arcane Signet, Exotic Orchard","Evolving Wilds, Sol Ring",0.03340595497458242,0.4842105263157895,7.0931690929451285
"Evolving Wilds, Sol Ring","Arcane Signet, Exotic Orchard",0.03340595497458242,0.48936170212765956,7.0931690929451285
"Evolving Wilds, Sol Ring","Arcane Signet, Command Tower, Exotic Orchard",0.03340595497458242,0.48936170212765956,7.0931690929451285
"Arcane Signet, Command Tower, Exotic Orchard","Evolving Wilds, Sol Ring",0.03340595497458242,0.4842105263157895,7.0931690929451285
"Exotic Orchard, Terramorphic Expanse",Sol Ring,0.032679738562091505,0.9375,7.093063186813187
Command Tower,Sol Ring,0.11837327523602033,0.9367816091954022,7.087627889352027
Sol Ring,Command Tower,0.11837327523602033,0.8956043956043955,7.087627889352026
Temple of the False God,"Command Tower, Evolving Wilds, Sol Ring",0.025417574437182282,0.47297297297297297,7.079171562867216
"Myriad Landscape, Sol Ring",Command Tower,0.042846768336964415,0.8939393939393939,7.074451410658307
Myriad Landscape,Command Tower,0.042846768336964415,0.8939393939393939,7.074451410658307
"Evolving Wilds, Sol Ring",Terramorphic Expanse,0.04938271604938271,0.7234042553191489,7.064735174287007
Terramorphic Expanse,"Evolving Wilds, Sol Ring",0.04938271604938271,0.48226950354609927,7.064735174287007
Temple of the False God,Sol Ring,0.05010893246187364,0.9324324324324325,7.054722304722305
"Command Tower, Evolving Wilds, Exotic Orchard, Terramorphic Expanse",Arcane Signet,0.021060275962236745,0.6904761904761905,7.042857142857143
"Evolving Wilds, Exotic Orchard, Terramorphic Expanse",Arcane Signet,0.021060275962236745,0.6904761904761905,7.042857142857143
Mind Stone,Arcane Signet,0.029048656499636893,0.6896551724137931,7.03448275862069
"Command Tower, Terramorphic Expanse",Path of Ancestry,0.023965141612200435,0.4230769230769231,7.018999073215941
"Exotic Orchard, Terramorphic Expanse",Arcane Signet,0.023965141612200435,0.6874999999999999,7.012499999999999
"Command Tower, Evolving Wilds, Sol Ring",Terramorphic Expanse,0.04793028322440087,0.7173913043478262,7.006012950971323
Terramorphic Expanse,"Command Tower, Evolving Wilds, Sol Ring",0.04793028322440087,0.4680851063829787,7.006012950971322
Temple of the False God,"Arcane Signet, Exotic Orchard, Sol Ring",0.025417574437182282,0.47297297297297297,7.003051438535309
Temple of the False God,"Arcane Signet, Command Tower, Exotic Orchard, Sol Ring",0.025417574437182282,0.47297297297297297,7.003051438535309
"Command Tower, Evolving Wilds, Terramorphic Expanse","Path of Ancestry, Sol Ring",0.02178649237472767,0.4166666666666667,6.996951219512195
"Command Tower, Terramorphic Expanse",Sol Ring,0.05228758169934641,0.9230769230769231,6.983939137785292
"Evolving Wilds, Exotic Orchard, Sol Ring, Terramorphic Expanse",Arcane Signet,0.020334059549745823,0.6829268292682926,6.9658536585365844
Rogue's Passage,Arcane Signet,0.020334059549745823,0.6829268292682926,6.9658536585365844
"Command Tower, Evolving Wilds, Exotic Orchard, Sol Ring, Terramorphic Expanse",Arcane Signet,0.020334059549745823,0.6829268292682926,6.9658536585365844
Sol Ring,Arcane Signet,0.09005083514887437,0.6813186813186813,6.94945054945055
Arcane Signet,Sol Ring,0.09005083514887437,0.9185185185185185,6.94945054945055
"Arcane Signet, Command Tower",Sol Ring,0.0878721859114016,0.9166666666666667,6.935439560439561
Sol Ring,"Arcane Signet, Command Tower",0.0878721859114016,0.6648351648351648,6.93543956043956
"Command Tower, Evolving Wilds, Terramorphic Expanse",Sol Ring,0.04793028322440087,0.9166666666666666,6.93543956043956
Temple of the False God,"Evolving Wilds, Sol Ring",0.025417574437182282,0.47297297297297297,6.928550891316848
Commander's Sphere,Command Tower,0.0457516339869281,0.8749999999999999,6.92456896551724
Commander's Sphere,"Evolving Wilds, Sol Ring",0.024691358024691357,0.47222222222222215,6.91755319148936
"Command Tower, Evolving Wilds, Terramorphic Expanse",Path of Ancestry,0.02178649237472767,0.4166666666666667,6.912650602409639
"Commander's Sphere, Sol Ring",Command Tower,0.04502541757443718,0.8732394366197184,6.9106362311801846
"Command Tower, Evolving Wilds",Terramorphic Expanse,0.05228758169934641,0.7058823529411765,6.893617021276596
Terramorphic Expanse,"Command Tower, Evolving Wilds",0.05228758169934641,0.5106382978723404,6.8936170212765955
Temple of the False God,"Command Tower, Path of Ancestry, Sol Ring",0.02178649237472767,0.40540540540540543,6.891891891891892
"Evolving Wilds, Terramorphic Expanse",Exotic Orchard,0.030501089324618737,0.5599999999999999,6.885
Prairie Stream,Sol Ring,0.02178649237472767,0.9090909090909092,6.8781218781218785
Lightning Greaves,"Command Tower, Sol Ring",0.025417574437182282,0.813953488372093,6.876159223855044
"Evolving Wilds, Terramorphic Expanse",Sol Ring,0.04938271604938271,0.9066666666666665,6.859780219780219
Temple of the False God,"Arcane Signet, Command Tower, Exotic Orchard",0.025417574437182282,0.47297297297297297,6.855618776671409
Temple of the False God,"Arcane Signet, Exotic Orchard",0.025417574437182282,0.47297297297297297,6.855618776671409
"Sol Ring, Temple of the False God","Command Tower, Evolving Wilds",0.025417574437182282,0.5072463768115942,6.847826086956522
Temple of the False God,Command Tower,0.04647785039941903,0.8648648648648649,6.844361602982293
"Evolving Wilds, Exotic Orchard",Terramorphic Expanse,0.030501089324618737,0.7,6.836170212765957
"Command Tower, Evolving Wilds, Exotic Orchard",Terramorphic Expanse,0.030501089324618737,0.7,6.836170212765957
"Command Tower, Evolving Wilds",Sol Ring,0.06681190994916485,0.9019607843137255,6.824175824175824
Sol Ring,"Command Tower, Evolving Wilds",0.06681190994916485,0.5054945054945055,6.824175824175824
Temple of the False God,"Command Tower, Path of Ancestry",0.02178649237472767,0.40540540540540543,6.807844429795649
Temple of the False God,"Path of Ancestry, Sol Ring",0.02178649237472767,0.40540540540540543,6.807844429795649
"Evolving Wilds, Terramorphic Expanse","Command Tower, Path of Ancestry, Sol Ring",0.02178649237472767,0.4,6.800000000000001
Rogue's Passage,"Command Tower, Sol Ring",0.023965141612200435,0.8048780487804877,6.799491246446206
"Evolving Wilds, Exotic Orchard, Sol Ring",Terramorphic Expanse,0.029774872912127815,0.6949152542372882,6.786512802019474
"Command Tower, Evolving Wilds, Exotic Orchard, Sol Ring",Terramorphic Expanse,0.029774872912127815,0.6949152542372882,6.786512802019474
"Arcane Signet, Mind Stone","Command Tower, Sol Ring",0.023238925199709513,0.7999999999999999,6.758282208588957
Cultivate,Exotic Orchard,0.020334059549745823,0.5490196078431373,6.750000000000001
Temple of the False God,Path of Ancestry,0.02178649237472767,0.40540540540540543,6.7258222077499195
Swiftfoot Boots,Sol Ring,0.029048656499636893,0.8888888888888888,6.725274725274725
"Evolving Wilds, Terramorphic Expanse","Path of Ancestry, Sol Ring",0.02178649237472767,0.4,6.717073170731707
"Evolving Wilds, Terramorphic Expanse","Command Tower, Path of Ancestry",0.02178649237472767,0.4,6.717073170731707
Mind Stone,"Arcane Signet, Sol Ring",0.025417574437182282,0.6034482758620691,6.701195773081202
"Command Tower, Evolving Wilds","Arcane Signet, Exotic Orchard",0.03413217138707335,0.4607843137254902,6.678947368421054
"Arcane Signet, Exotic Orchard","Command Tower, Evolving Wilds",0.03413217138707335,0.4947368421052632,6.678947368421054
"Arcane Signet, Exotic Orchard, Sol Ring","Command Tower, Evolving Wilds",0.03340595497458242,0.49462365591397844,6.677419354838709
"Command Tower, Evolving Wilds","Arcane Signet, Exotic Orchard, Sol Ring",0.03340595497458242,0.45098039215686275,6.677419354838709
"Commander's Sphere, Terramorphic Expanse",Evolving Wilds,0.021060275962236745,0.9354838709677419,6.674410830686946
"Commander's Sphere, Sol Ring, Terramorphic Expanse",Evolving Wilds,0.020334059549745823,0.9333333333333332,6.659067357512953
Mind Stone,"Arcane Signet, Command Tower",0.026870007262164125,0.6379310344827587,6.654780564263324
Commander's Sphere,"Command Tower, Evolving Wilds, Sol Ring",0.023238925199709513,0.4444444444444444,6.6521739130434785
"Command Tower, Mind Stone",Sol Ring,0.026143790849673203,0.8780487804878049,6.643259179844546
Solemn Simulacrum,"Arcane Signet, Command Tower",0.020334059549745823,0.6363636363636364,6.6384297520661155
"Evolving Wilds, Terramorphic Expanse",Path of Ancestry,0.02178649237472767,0.4,6.636144578313254
"Arcane Signet, Mind Stone",Sol Ring,0.025417574437182282,0.875,6.6201923076923075
"Command Tower, Terramorphic Expanse",Evolving Wilds,0.05228758169934641,0.9230769230769231,6.58589079314468
"Arcane Signet, Terramorphic Expanse",Sol Ring,0.029048656499636893,0.8695652173913044,6.579073100812232
"Arcane Signet, Command Tower, Terramorphic Expanse",Sol Ring,0.029048656499636893,0.8695652173913044,6.579073100812232
"Sol Ring, Terramorphic Expanse",Evolving Wilds,0.04938271604938271,0.9189189189189189,6.556224618400784
"Arcane Signet, Command Tower, Mind Stone",Sol Ring,0.023238925199709513,0.8648648648648649,6.543510543510544
"Command Tower, Sol Ring, Terramorphic Expanse",Evolving Wilds,0.04793028322440087,0.9166666666666666,6.540155440414508
"Command Tower, Sol Ring, Temple of the False God",Arcane Signet,0.029774872912127815,0.640625,6.534375
"Command Tower, Temple of the False God",Arcane Signet,0.029774872912127815,0.640625,6.534375
"Arcane Signet, Command Tower, Terramorphic Expanse",Evolving Wilds,0.030501089324618737,0.9130434782608696,6.514305023653977
"Arcane Signet, Terramorphic Expanse",Evolving Wilds,0.030501089324618737,0.9130434782608696,6.514305023653977
"Command Tower, Exotic Orchard, Terramorphic Expanse",Evolving Wilds,0.030501089324618737,0.9130434782608696,6.514305023653977
Lightning Greaves,Sol Ring,0.026870007262164125,0.8604651162790697,6.510222335803731
"Command Tower, Exotic Orchard, Sol Ring, Terramorphic Expanse",Evolving Wilds,0.029774872912127815,0.9111111111111111,6.500518134715026
"Exotic Orchard, Sol Ring, Terramorphic Expanse",Evolving Wilds,0.029774872912127815,0.9111111111111111,6.500518134715026
Arcane Signet,"Command Tower, Evolving Wilds",0.04720406681190995,0.4814814814814815,6.500000000000001
"Command Tower, Evolving Wilds",Arcane Signet,0.04720406681190995,0.6372549019607844,6.500000000000001
Solemn Simulacrum,Arcane Signet,0.020334059549745823,0.6363636363636364,6.490909090909091
"Command Tower, Path of Ancestry, Sol Ring, Terramorphic Expanse",Evolving Wilds,0.02178649237472767,0.9090909090909092,6.486104569006124
"Path of Ancestry, Sol Ring, Terramorphic Expanse",Evolving Wilds,0.02178649237472767,0.9090909090909092,6.486104569006124
"Command Tower, Path of Ancestry, Terramorphic Expanse",Evolving Wilds,0.02178649237472767,0.9090909090909092,6.486104569006124
"Path of Ancestry, Terramorphic Expanse",Evolving Wilds,0.02178649237472767,0.9090909090909092,6.486104569006124
"Arcane Signet, Command Tower, Evolving Wilds, Terramorphic Expanse",Sol Ring,0.026143790849673203,0.8571428571428572,6.4850863422291996
"Arcane Signet, Evolving Wilds, Terramorphic Expanse",Sol Ring,0.026143790849673203,0.8571428571428572,6.4850863422291996
"Mind Stone, Sol Ring",Command Tower,0.026143790849673203,0.8181818181818182,6.474921630094044
"Command Tower, Sol Ring, Terramorphic Expanse","Arcane Signet, Exotic Orchard",0.023238925199709513,0.4444444444444444,6.442105263157894
Lightning Greaves,Command Tower,0.025417574437182282,0.813953488372093,6.441459502806736
"Arcane Signet, Sol Ring, Terramorphic Expanse",Evolving Wilds,0.026143790849673203,0.9,6.421243523316063
"Arcane Signet, Command Tower, Sol Ring, Terramorphic Expanse",Evolving Wilds,0.026143790849673203,0.9,6.421243523316063
"Arcane Signet, Evolving Wilds",Sol Ring,0.03994190268700073,0.8461538461538461,6.401944209636517
"Arcane Signet, Command Tower, Evolving Wilds",Sol Ring,0.03994190268700073,0.8461538461538461,6.401944209636517
"Arcane Signet, Command Tower, Evolving Wilds, Sol Ring",Terramorphic Expanse,0.026143790849673203,0.6545454545454545,6.392263056092843
"Arcane Signet, Evolving Wilds, Sol Ring",Terramorphic Expanse,0.026143790849673203,0.6545454545454545,6.392263056092843
Temple of the False God,"Command Tower, Evolving Wilds",0.025417574437182282,0.47297297297297297,6.385135135135135
Reliquary Tower,Sol Ring,0.023238925199709513,0.8421052631578948,6.3713128976286875
Rogue's Passage,Command Tower,0.023965141612200435,0.8048780487804877,6.3696383515559285
"Evolving Wilds, Path of Ancestry",Terramorphic Expanse,0.02178649237472767,0.6521739130434784,6.369102682701204
"Command Tower, Evolving Wilds, Path of Ancestry",Terramorphic Expanse,0.02178649237472767,0.6521739130434784,6.369102682701204
"Command Tower, Evolving Wilds, Path of Ancestry, Sol Ring",Terramorphic Expanse,0.02178649237472767,0.6521739130434784,6.369102682701204
"Evolving Wilds, Path of Ancestry, Sol Ring",Terramorphic Expanse,0.02178649237472767,0.6521739130434784,6.369102682701204
"Sol Ring, Swiftfoot Boots",Command Tower,0.023238925199709513,0.7999999999999999,6.33103448275862
"Arcane Signet, Command Tower, Evolving Wilds",Terramorphic Expanse,0.030501089324618737,0.6461538461538461,6.310310965630114
"Arcane Signet, Evolving Wilds",Terramorphic Expanse,0.030501089324618737,0.6461538461538461,6.310310965630114
Temple of the False God,"Arcane Signet, Command Tower, Sol Ring",0.029774872912127815,0.5540540540540541,6.305226714317623
Mind Stone,"Arcane Signet, Command Tower, Sol Ring",0.023238925199709513,0.5517241379310345,6.278711883727557
Rogue's Passage,Sol Ring,0.024691358024691357,0.8292682926829268,6.274189225408738
"Arcane Signet, Command Tower, Exotic Orchard, Terramorphic Expanse",Evolving Wilds,0.021060275962236745,0.8787878787878788,6.269901083372586
"Arcane Signet, Exotic Orchard, Terramorphic Expanse",Evolving Wilds,0.021060275962236745,0.8787878787878788,6.269901083372586
"Sol Ring, Terramorphic Expanse","Arcane Signet, Command Tower, Exotic Orchard",0.023238925199709513,0.43243243243243246,6.267994310099574
"Sol Ring, Terramorphic Expanse","Arcane Signet, Exotic Orchard",0.023238925199709513,0.43243243243243246,6.267994310099574
"Arcane Signet, Exotic Orchard, Sol Ring, Terramorphic Expanse",Evolving Wilds,0.020334059549745823,0.875,6.242875647668394
"Arcane Signet, Command Tower, Exotic Orchard, Sol Ring, Terramorphic Expanse",Evolving Wilds,0.020334059549745823,0.875,6.242875647668394
"Exotic Orchard, Terramorphic Expanse",Evolving Wilds,0.030501089324618737,0.8749999999999999,6.242875647668393
"Sol Ring, Temple of the False God","Arcane Signet, Command Tower",0.029774872912127815,0.5942028985507246,6.198616600790514
Swords to Plowshares,"Arcane Signet, Sol Ring",0.024691358024691357,0.5573770491803278,6.189582231623479
Commander's Sphere,"Command Tower, Evolving Wilds",0.023965141612200435,0.4583333333333333,6.1875
Swords to Plowshares,"Arcane Signet, Command Tower, Sol Ring",0.023965141612200435,0.5409836065573771,6.156482861400895
Temple of the False God,"Arcane Signet, Sol Ring",0.029774872912127815,0.5540540540540541,6.152680906713164
"Command Tower, Evolving Wilds, Sol Ring, Terramorphic Expanse","Arcane Signet, Exotic Orchard",0.020334059549745823,0.42424242424242425,6.149282296650719
"Command Tower, Terramorphic Expanse","Arcane Signet, Exotic Orchard",0.023965141612200435,0.4230769230769231,6.132388663967611
Cultivate,"Command Tower, Sol Ring",0.026870007262164125,0.7254901960784315,6.128834355828222
"Arcane Signet, Command Tower","Evolving Wilds, Sol Ring",0.03994190268700073,0.4166666666666667,6.1037234042553195
"Evolving Wilds, Sol Ring","Arcane Signet, Command Tower",0.03994190268700073,0.5851063829787234,6.1037234042553195
"Command Tower, Evolving Wilds, Sol Ring",Arcane Signet,0.03994190268700073,0.5978260869565218,6.097826086956523
Arcane Signet,"Command Tower, Evolving Wilds, Sol Ring",0.03994190268700073,0.40740740740740744,6.097826086956522
"Commander's Sphere, Sol Ring","Command Tower, Evolving Wilds",0.023238925199709513,0.4507042253521127,6.084507042253522
"Command Tower, Terramorphic Expanse","Arcane Signet, Exotic Orchard, Sol Ring",0.023238925199709513,0.4102564102564103,6.074441687344914
"Sol Ring, Temple of the False God",Arcane Signet,0.029774872912127815,0.5942028985507246,6.060869565217391
Cultivate,Command Tower,0.02832244008714597,0.7647058823529412,6.051724137931035
"Arcane Signet, Command Tower, Evolving Wilds, Exotic Orchard",Terramorphic Expanse,0.021060275962236745,0.6170212765957446,6.0258035310095055
"Arcane Signet, Evolving Wilds, Exotic Orchard",Terramorphic Expanse,0.021060275962236745,0.6170212765957446,6.0258035310095055
"Command Tower, Terramorphic Expanse",Arcane Signet,0.03340595497458242,0.5897435897435898,6.015384615384615
Swiftfoot Boots,"Command Tower, Sol Ring",0.023238925199709513,0.711111111111111,6.007361963190184
"Command Tower, Evolving Wilds","Arcane Signet, Sol Ring",0.03994190268700073,0.5392156862745099,5.987903225806452
"Arcane Signet, Sol Ring","Command Tower, Evolving Wilds",0.03994190268700073,0.4435483870967742,5.987903225806452
"Evolving Wilds, Sol Ring, Terramorphic Expanse","Arcane Signet, Command Tower, Exotic Orchard",0.020334059549745823,0.4117647058823529,5.968421052631579
"Evolving Wilds, Sol Ring, Terramorphic Expanse","Arcane Signet, Exotic Orchard",0.020334059549745823,0.4117647058823529,5.968421052631579
"Evolving Wilds, Sol Ring",Arcane Signet,0.03994190268700073,0.5851063829787234,5.968085106382979
Arcane Signet,"Evolving Wilds, Sol Ring",0.03994190268700073,0.40740740740740744,5.968085106382979
Swords to Plowshares,"Exotic Orchard, Sol Ring",0.020334059549745823,0.45901639344262296,5.962882771419735
Swords to Plowshares,"Command Tower, Exotic Orchard, Sol Ring",0.020334059549745823,0.45901639344262296,5.962882771419735
"Command Tower, Evolving Wilds, Terramorphic Expanse",Arcane Signet,0.030501089324618737,0.5833333333333334,5.95
"Arcane Signet, Command Tower, Evolving Wilds, Exotic Orchard, Sol Ring",Terramorphic Expanse,0.020334059549745823,0.6086956521739131,5.944495837187789
"Arcane Signet, Evolving Wilds, Exotic Orchard, Sol Ring",Terramorphic Expanse,0.020334059549745823,0.6086956521739131,5.944495837187789
Solemn Simulacrum,Command Tower,0.023965141612200435,0.75,5.935344827586206
Wayfarer's Bauble,Command Tower,0.02178649237472767,0.75,5.935344827586206
Fellwar Stone,"Arcane Signet, Command Tower, Sol Ring",0.020334059549745823,0.5185185185185185,5.900826446280991
Swords to Plowshares,"Command Tower, Exotic Orchard",0.020334059549745823,0.45901639344262296,5.852459016393443
"Evolving Wilds, Terramorphic Expanse","Arcane Signet, Command Tower",0.030501089324618737,0.5599999999999999,5.841818181818182
"Command Tower, Evolving Wilds, Terramorphic Expanse","Arcane Signet, Exotic Orchard",0.021060275962236745,0.40277777777777773,5.838157894736842
Swiftfoot Boots,Command Tower,0.023965141612200435,0.7333333333333333,5.803448275862069
Fellwar Stone,"Command Tower, Sol Ring",0.026870007262164125,0.6851851851851852,5.788343558282209
Temple of the False God,"Arcane Signet, Command Tower",0.029774872912127815,0.5540540540540541,5.779791154791155
Fellwar Stone,"Arcane Signet, Sol Ring",0.020334059549745823,0.5185185185185185,5.758064516129032
Mind Stone,Sol Ring,0.03195352214960058,0.7586206896551725,5.739674118984464
"Evolving Wilds, Terramorphic Expanse",Arcane Signet,0.030501089324618737,0.5599999999999999,5.712
"Command Tower, Terramorphic Expanse","Arcane Signet, Sol Ring",0.029048656499636893,0.5128205128205129,5.694789081885856
Swords to Plowshares,Arcane Signet,0.024691358024691357,0.5573770491803278,5.685245901639344
"Command Tower, Sol Ring, Terramorphic Expanse",Arcane Signet,0.029048656499636893,0.5555555555555556,5.666666666666667
Temple of the False God,Arcane Signet,0.029774872912127815,0.5540540540540541,5.651351351351352
Swords to Plowshares,"Arcane Signet, Command Tower",0.023965141612200435,0.5409836065573771,5.64344262295082
Swords to Plowshares,Exotic Orchard,0.020334059549745823,0.45901639344262296,5.64344262295082
"Sol Ring, Terramorphic Expanse","Arcane Signet, Command Tower",0.029048656499636893,0.5405405405405406,5.638820638820639
Fellwar Stone,"Arcane Signet, Command Tower",0.021060275962236745,0.537037037037037,5.602272727272727
Mind Stone,Command Tower,0.029774872912127815,0.706896551724138,5.594233055885851
Fellwar Stone,Command Tower,0.027596223674655047,0.7037037037037037,5.568965517241379
"Command Tower, Evolving Wilds, Sol Ring, Terramorphic Expanse",Arcane Signet,0.026143790849673203,0.5454545454545455,5.563636363636364
"Command Tower, Evolving Wilds, Terramorphic Expanse","Arcane Signet, Sol Ring",0.026143790849673203,0.5,5.55241935483871
"Evolving Wilds, Sol Ring, Terramorphic Expanse","Arcane Signet, Command Tower",0.026143790849673203,0.5294117647058824,5.522727272727273
"Sol Ring, Terramorphic Expanse",Arcane Signet,0.029048656499636893,0.5405405405405406,5.513513513513514
Cultivate,Sol Ring,0.026870007262164125,0.7254901960784315,5.48901098901099
Wayfarer's Bauble,Sol Ring,0.021060275962236745,0.7249999999999999,5.485302197802197
Fellwar Stone,Arcane Signet,0.021060275962236745,0.537037037037037,5.477777777777777
Fellwar Stone,Sol Ring,0.02832244008714597,0.7222222222222222,5.464285714285714
"Evolving Wilds, Terramorphic Expanse","Arcane Signet, Command Tower, Sol Ring",0.026143790849673203,0.48,5.462479338842975
"Evolving Wilds, Sol Ring, Terramorphic Expanse",Arcane Signet,0.026143790849673203,0.5294117647058824,5.4
"Evolving Wilds, Terramorphic Expanse","Arcane Signet, Sol Ring",0.026143790849673203,0.48,5.330322580645161
Mind Stone,"Command Tower, Sol Ring",0.026143790849673203,0.6206896551724138,5.243494817008674
Solemn Simulacrum,Sol Ring,0.02178649237472767,0.6818181818181819,5.158591408591409
Swords to Plowshares,"Command Tower, Sol Ring",0.026143790849673203,0.5901639344262295,4.985618022729558
Swords to Plowshares,Sol Ring,0.029048656499636893,0.6557377049180328,4.961268239956765
"Ash Barrens, Exotic Orchard, Sol Ring",Evolving Wilds,0.02251270878721859,0.673913043478261,4.808177517458888
"Ash Barrens, Command Tower, Exotic Orchard, Sol Ring",Evolving Wilds,0.02251270878721859,0.673913043478261,4.808177517458888
"Ash Barrens, Exotic Orchard",Evolving Wilds,0.02251270878721859,0.673913043478261,4.808177517458888
"Ash Barrens, Command Tower, Exotic Orchard",Evolving Wilds,0.02251270878721859,0.673913043478261,4.808177517458888
Swords to Plowshares,Command Tower,0.026143790849673203,0.5901639344262295,4.670435274166195
"Ash Barrens, Command Tower",Evolving Wilds,0.024691358024691357,0.6415094339622641,4.576986997751491
"Ash Barrens, Command Tower, Sol Ring",Evolving Wilds,0.024691358024691357,0.6415094339622641,4.576986997751491
"Ash Barrens, Sol Ring",Evolving Wilds,0.024691358024691357,0.6415094339622641,4.576986997751491
Ash Barrens,Evolving Wilds,0.024691358024691357,0.6415094339622641,4.576986997751491
"Command Tower, Commander's Sphere",Terramorphic Expanse,0.021060275962236745,0.4603174603174603,4.495440729483282
"Command Tower, Commander's Sphere, Exotic Orchard",Evolving Wilds,0.02178649237472767,0.625,4.45919689119171
"Commander's Sphere, Exotic Orchard",Evolving Wilds,0.02178649237472767,0.625,4.45919689119171
"Command Tower, Commander's Sphere, Sol Ring",Terramorphic Expanse,0.020334059549745823,0.45161290322580644,4.410432395332876
"Command Tower, Commander's Sphere, Exotic Orchard, Sol Ring",Evolving Wilds,0.021060275962236745,0.6170212765957446,4.402270973431815
"Commander's Sphere, Exotic Orchard, Sol Ring",Evolving Wilds,0.021060275962236745,0.6170212765957446,4.402270973431815
Terramorphic Expanse,Command Tower,0.05664488017429194,0.5531914893617021,4.377842993396919
Command Tower,Terramorphic Expanse,0.05664488017429194,0.44827586206896547,4.377842993396918
"Command Tower, Sol Ring",Terramorphic Expanse,0.05228758169934641,0.441717791411043,4.313797154418483
Terramorphic Expanse,"Command Tower, Sol Ring",0.05228758169934641,0.5106382978723404,4.313797154418483
"Command Tower, Exotic Orchard, Path of Ancestry, Sol Ring",Evolving Wilds,0.030501089324618737,0.6,4.280829015544041
"Exotic Orchard, Path of Ancestry, Sol Ring",Evolving Wilds,0.030501089324618737,0.6,4.280829015544041
"Command Tower, Exotic Orchard, Path of Ancestry",Evolving Wilds,0.030501089324618737,0.5915492957746479,4.220535649127928
"Exotic Orchard, Path of Ancestry",Evolving Wilds,0.030501089324618737,0.5915492957746479,4.220535649127928
Commander's Sphere,Terramorphic Expanse,0.02251270878721859,0.4305555555555556,4.204787234042553
Exotic Orchard,Terramorphic Expanse,0.034858387799564274,0.42857142857142866,4.185410334346505
Command Tower,Evolving Wilds,0.07407407407407407,0.5862068965517241,4.182419153117741
Evolving Wilds,Command Tower,0.07407407407407407,0.5284974093264249,4.182419153117741
"Command Tower, Exotic Orchard",Terramorphic Expanse,0.03340595497458242,0.42592592592592593,4.159574468085107
"Arcane Signet, Command Tower, Exotic Orchard, Path of Ancestry, Sol Ring",Evolving Wilds,0.02832244008714597,0.582089552238806,4.153043074781533
"Arcane Signet, Exotic Orchard, Path of Ancestry, Sol Ring",Evolving Wilds,0.02832244008714597,0.582089552238806,4.153043074781533
"Command Tower, Exotic Orchard, Sol Ring",Terramorphic Expanse,0.032679738562091505,0.4245283018867925,4.145925331192293
"Exotic Orchard, Sol Ring",Terramorphic Expanse,0.032679738562091505,0.4245283018867925,4.145925331192293
"Commander's Sphere, Sol Ring",Terramorphic Expanse,0.02178649237472767,0.4225352112676057,4.126460893017681
"Arcane Signet, Command Tower, Exotic Orchard, Path of Ancestry",Evolving Wilds,0.02832244008714597,0.5735294117647058,4.091968911917098
"Arcane Signet, Exotic Orchard, Path of Ancestry",Evolving Wilds,0.02832244008714597,0.5735294117647058,4.091968911917098
"Command Tower, Path of Ancestry, Sol Ring",Evolving Wilds,0.03340595497458242,0.5679012345679012,4.051813471502591
"Command Tower, Exotic Orchard, Path of Ancestry, Sol Ring",Terramorphic Expanse,0.021060275962236745,0.41428571428571426,4.045896656534954
"Exotic Orchard, Path of Ancestry, Sol Ring",Terramorphic Expanse,0.021060275962236745,0.41428571428571426,4.045896656534954
"Command Tower, Sol Ring",Evolving Wilds,0.06681190994916485,0.5644171779141104,4.026955720143679
Evolving Wilds,"Command Tower, Sol Ring",0.06681190994916485,0.47668393782383417,4.026955720143679
"Path of Ancestry, Sol Ring",Evolving Wilds,0.03340595497458242,0.5609756097560975,4.002401112094022
"Command Tower, Path of Ancestry",Evolving Wilds,0.03340595497458242,0.5609756097560975,4.002401112094022
"Command Tower, Exotic Orchard, Path of Ancestry",Terramorphic Expanse,0.021060275962236745,0.40845070422535207,3.9889121965837573
"Exotic Orchard, Path of Ancestry",Terramorphic Expanse,0.021060275962236745,0.40845070422535207,3.9889121965837573
"Command Tower, Path of Ancestry, Sol Ring",Terramorphic Expanse,0.023965141612200435,0.4074074074074074,3.978723404255319
"Command Tower, Exotic Orchard, Sol Ring",Evolving Wilds,0.042846768336964415,0.5566037735849058,3.971209306872618
"Exotic Orchard, Sol Ring",Evolving Wilds,0.042846768336964415,0.5566037735849058,3.971209306872618
Sol Ring,Terramorphic Expanse,0.05374001452432825,0.4065934065934066,3.9707739069441197
Terramorphic Expanse,Sol Ring,0.05374001452432825,0.524822695035461,3.9707739069441197
"Command Tower, Exotic Orchard",Evolving Wilds,0.04357298474945534,0.5555555555555556,3.963730569948187
Path of Ancestry,Evolving Wilds,0.03340595497458242,0.5542168674698795,3.9541794119483114
"Command Tower, Path of Ancestry",Terramorphic Expanse,0.023965141612200435,0.40243902439024387,3.930202387130254
"Path of Ancestry, Sol Ring",Terramorphic Expanse,0.023965141612200435,0.40243902439024387,3.930202387130254
"Command Tower, Sol Ring, Temple of the False God",Evolving Wilds,0.025417574437182282,0.546875,3.901797279792746
"Command Tower, Temple of the False God",Evolving Wilds,0.025417574437182282,0.546875,3.901797279792746
"Arcane Signet, Command Tower, Path of Ancestry, Sol Ring",Evolving Wilds,0.029774872912127815,0.5466666666666666,3.9003108808290152
"Arcane Signet, Path of Ancestry, Sol Ring",Evolving Wilds,0.029774872912127815,0.5394736842105263,3.8489910008181076
"Arcane Signet, Command Tower, Path of Ancestry",Evolving Wilds,0.029774872912127815,0.5394736842105263,3.8489910008181076
Exotic Orchard,Evolving Wilds,0.04357298474945534,0.5357142857142858,3.8221687638786093
"Arcane Signet, Path of Ancestry",Evolving Wilds,0.029774872912127815,0.5324675324675324,3.7990041047035863
Terramorphic Expanse,Evolving Wilds,0.054466230936819175,0.5319148936170213,3.7950611839929445
"Command Tower, Commander's Sphere",Evolving Wilds,0.023965141612200435,0.5238095238095238,3.737231680236862
Sol Ring,Evolving Wilds,0.0682643427741467,0.5164835164835165,3.6849627056880947
Evolving Wilds,Sol Ring,0.0682643427741467,0.48704663212435234,3.6849627056880943
"Command Tower, Commander's Sphere, Sol Ring",Evolving Wilds,0.023238925199709513,0.5161290322580645,3.682433561758315
"Sol Ring, Temple of the False God",Evolving Wilds,0.025417574437182282,0.5072463768115942,3.6190583464744317
"Arcane Signet, Command Tower, Exotic Orchard",Evolving Wilds,0.03413217138707335,0.4947368421052632,3.52980638123807
"Arcane Signet, Exotic Orchard",Evolving Wilds,0.03413217138707335,0.4947368421052632,3.52980638123807
"Arcane Signet, Command Tower, Exotic Orchard, Sol Ring",Evolving Wilds,0.03340595497458242,0.49462365591397844,3.528998830018385
"Arcane Signet, Exotic Orchard, Sol Ring",Evolving Wilds,0.03340595497458242,0.49462365591397844,3.528998830018385
"Arcane Signet, Command Tower",Evolving Wilds,0.04720406681190995,0.4924242424242425,3.5133066415449843
Temple of the False God,Evolving Wilds,0.026143790849673203,0.4864864864864865,3.4709424450357096
Commander's Sphere,Evolving Wilds,0.025417574437182282,0.4861111111111111,3.468264248704663
Arcane Signet,Evolving Wilds,0.04720406681190995,0.4814814814814815,3.435233160621762
"Commander's Sphere, Sol Ring",Evolving Wilds,0.024691358024691357,0.4788732394366197,3.4166240969130848
"Arcane Signet, Command Tower, Sol Ring",Evolving Wilds,0.03994190268700073,0.4545454545454546,3.243052284503062
"Arcane Signet, Sol Ring",Evolving Wilds,0.03994190268700073,0.4435483870967742,3.164591342136052
