deck_name,deck_type,releaseDate,era,color_identity,cluster,cluster_label
20 Ways to Win,Commander Deck,2024-12-04,2020-Present,5-Color (WUBRG),2,Commander/Brawl
30th Anniversary Countdown Kit,Secret Lair Drop,2022-11-01,2020-Present,5-Color (WUBRG),3,General Pool
Abzan Armor,Commander Deck,2025-04-11,2020-Present,Abzan (BGW),2,Commander/Brawl
Abzan Siege,Intro Pack,2014-09-26,Pre-2015,Abzan (BGW),3,General Pool
Adaptive Enchantment,Commander Deck,2018-08-10,2015-2019,Bant (GWU),2,Commander/Brawl
Adventures in the Forgotten Realms Foil Redemption,MTGO Redemption,2021-08-22,2020-Present,5-Color (WUBRG),3,General Pool
Adventures in the Forgotten Realms Redemption,MTGO Redemption,2021-08-22,2020-Present,5-Color (WUBRG),3,General Pool
Aeo Paquette - Affinity,World Championship Deck,2004-09-01,Pre-2015,Grixis (UBR),3,General Pool
Aerial Acrobatics,Game Night Deck,2019-11-15,2015-2019,Mono-Blue,3,General Pool
Aerial Domination,Arena Starter Deck,2020-08-13,2020-Present,Mono-Blue,3,General Pool
Aerodoom,Theme Deck,2000-10-01,Pre-2015,Dimir (UB),3,General Pool
Aetherdrift Redemption,MTGO Redemption,2025-03-13,2020-Present,5-Color (WUBRG),1,MTGO/Digital (Modern)
Aether Revolt Foil Redemption,MTGO Redemption,2017-02-19,2015-2019,5-Color (WUBRG),3,General Pool
Aether Revolt Redemption,MTGO Redemption,2017-02-19,2015-2019,5-Color (WUBRG),3,General Pool
Aga Galneer,Shandalar Enemy Deck,1997-04-01,Pre-2015,Abzan (BGW),3,General Pool
Ahoy Mateys,Commander Deck,2023-11-17,2020-Present,Grixis (UBR),2,Commander/Brawl
Air Forces,MTGO Theme Deck,2007-12-12,Pre-2015,Azorius (WU),3,General Pool
Air Razers,Theme Deck,2002-05-27,Pre-2015,Izzet (UR),3,General Pool
Ajani Goldmane,Duel Deck,2011-09-02,Pre-2015,Naya (RGW),3,General Pool
"Ajani, Inspiring Leader",Planeswalker Deck,2019-07-29,2015-2019,Mono-White,3,General Pool
"Ajani, Valiant Protector",Planeswalker Deck,2017-01-20,2015-2019,Selesnya (GW),3,General Pool
Ajani,Planeswalker Deck,2018-07-13,2015-2019,Mono-White,3,General Pool
Alara Reborn Foil Redemption,MTGO Redemption,2009-05-30,Pre-2015,5-Color (WUBRG),3,General Pool
Alara Reborn Redemption,MTGO Redemption,2009-05-30,Pre-2015,5-Color (WUBRG),3,General Pool
Alex Borteh - Merfolk Opposition,World Championship Deck,2001-08-08,Pre-2015,Mono-Blue,3,General Pool
Allied Fires,Challenger Deck,2020-04-03,2020-Present,5-Color (WUBRG),3,General Pool
Alt-A-Kesh,Shandalar Enemy Deck,1997-04-01,Pre-2015,Sultai (GUB),3,General Pool
Amonkhet Foil Redemption,MTGO Redemption,2017-05-28,2015-2019,5-Color (WUBRG),3,General Pool
Amonkhet Redemption,MTGO Redemption,2017-05-28,2015-2019,5-Color (WUBRG),3,General Pool
Amonkhet Welcome Deck - Black,Welcome Deck,2017-04-15,2015-2019,Mono-Black,3,General Pool
Amonkhet Welcome Deck - Blue,Welcome Deck,2017-04-15,2015-2019,Mono-Blue,3,General Pool
Amonkhet Welcome Deck - Green,Welcome Deck,2017-04-15,2015-2019,Mono-Green,3,General Pool
Amonkhet Welcome Deck - Red,Welcome Deck,2017-04-15,2015-2019,Mono-Red,3,General Pool
Amonkhet Welcome Deck - White,Welcome Deck,2017-04-15,2015-2019,Mono-White,3,General Pool
Ancient Arsenal,Starter Kit,2024-07-05,2020-Present,Boros (RW),3,General Pool
Ancient Discovery,Arena Starter Deck,2024-07-08,2020-Present,Boros (RW),3,General Pool
An Encyclopedia of Magic,Secret Lair Drop,2025-11-03,2020-Present,5-Color (WUBRG),3,General Pool
Angelic Accountants,Arena Starter Deck,2022-09-09,2020-Present,Azorius (WU),3,General Pool
Angelic Army 2,Arena Starter Deck,2020-03-12,2020-Present,Mono-White,3,General Pool
Angelic Army,Arena Starter Deck,2019-09-26,2015-2019,Mono-White,3,General Pool
Angelic Fury,Intro Pack,2016-04-08,2015-2019,Boros (RW),3,General Pool
Angelic Might,Intro Pack,2012-05-04,Pre-2015,Selesnya (GW),3,General Pool
Angels: They're Just Like Us but Cooler and with Wings,Commander Deck,2023-08-14,2020-Present,Mono-White,2,Commander/Brawl
Angels,Theme Deck,2026-01-23,2020-Present,Selesnya (GW),3,General Pool
Angels,Theme Deck,2005-08-01,Pre-2015,Azorius (WU),3,General Pool
"Angrath, Minotaur Pirate",Planeswalker Deck,2018-01-19,2015-2019,Rakdos (BR),3,General Pool
Animated Army,Commander Deck,2024-08-02,2020-Present,Gruul (RG),2,Commander/Brawl
Anthousa's Army,Intro Pack,2013-09-27,Pre-2015,Selesnya (GW),3,General Pool
Antoine Ruel - Blue-Black-Red Nether-Go,World Championship Deck,2001-08-08,Pre-2015,Grixis (UBR),3,General Pool
Ape Lord,Shandalar Enemy Deck,1997-04-01,Pre-2015,Gruul (RG),3,General Pool
Apocalypse Foil Redemption,MTGO Redemption,2001-07-04,Pre-2015,5-Color (WUBRG),3,General Pool
Apocalypse Redemption,MTGO Redemption,2001-07-04,Pre-2015,5-Color (WUBRG),3,General Pool
Arcane Aggression,Arena Starter Deck,2023-06-20,2020-Present,Izzet (UR),3,General Pool
Arcane Inventions,Arena Starter Deck,2018-09-27,2015-2019,Mono-Blue,3,General Pool
Arcane Maelstrom,Commander Deck,2020-04-17,2020-Present,Temur (URG),2,Commander/Brawl
Arcane Tempo,Challenger Deck,2019-04-12,2015-2019,Izzet (UR),3,General Pool
Arcane Wizardry,Commander Deck,2017-08-25,2015-2019,Grixis (UBR),2,Commander/Brawl
Arcanis's Guile,Theme Deck,2007-07-13,Pre-2015,Mono-Blue,3,General Pool
Arch Angel,Shandalar Enemy Deck,1997-04-01,Pre-2015,Mono-White,3,General Pool
Archenemy Nicol Bolas,Archenemy Deck,2017-06-16,2015-2019,Grixis (UBR),3,General Pool
Armada,Theme Deck,2001-04-11,Pre-2015,Mono-White,3,General Pool
Armed and Dangerous,Arena Starter Deck,2021-09-24,2020-Present,Boros (RW),3,General Pool
Armed and Dangerous,Clash Pack,2015-07-17,2015-2019,Abzan (BGW),3,General Pool
Armed,Clash Pack,2015-07-17,2015-2019,Selesnya (GW),3,General Pool
Arm for Battle,Commander Deck,2020-11-20,2020-Present,Boros (RW),2,Commander/Brawl
Army of Entropy,Theme Deck,2008-05-02,Pre-2015,Rakdos (BR),3,General Pool
Army of Justice,Theme Deck,2005-07-29,Pre-2015,Mono-White,3,General Pool
Artful Destruction,Intro Pack,2011-05-13,Pre-2015,Selesnya (GW),3,General Pool
Artifacts Attack,Arena Starter Deck,2018-09-27,2015-2019,Azorius (WU),3,General Pool
Arzakon,Shandalar Enemy Deck,1997-04-01,Pre-2015,5-Color (WUBRG),3,General Pool
Ashiok,Planeswalker Deck,2020-01-24,2020-Present,Dimir (UB),3,General Pool
Assassin - Enhanced Deck,Enhanced Deck,1999-06-07,Pre-2015,Mono-Black,3,General Pool
Assassin,Theme Deck,1999-06-07,Pre-2015,Mono-Black,3,General Pool
Assemble The Doomsday Machine,Archenemy Deck,2010-06-18,Pre-2015,Esper (WUB),3,General Pool
Assemble Victory,Intro Pack,2015-07-17,2015-2019,Izzet (UR),3,General Pool
Astral Visionary,Shandalar Enemy Deck,1997-04-01,Pre-2015,Mono-Blue,3,General Pool
Aura Mastery,Theme Deck,2008-05-02,Pre-2015,Azorius (WU),3,General Pool
Aura of Courage,Commander Deck,2021-07-23,2020-Present,Bant (GWU),2,Commander/Brawl
Auras of Majesty,Arena Starter Deck,2018-09-27,2015-2019,Selesnya (GW),3,General Pool
Aurochs Stampede,Theme Deck,2006-07-21,Pre-2015,Gruul (RG),3,General Pool
Avacyn Restored Foil Redemption,MTGO Redemption,2012-06-03,Pre-2015,5-Color (WUBRG),3,General Pool
Avacyn Restored Redemption,MTGO Redemption,2012-06-03,Pre-2015,5-Color (WUBRG),3,General Pool
Avalanche!,Arena Starter Deck,2021-09-24,2020-Present,Simic (GU),3,General Pool
Awakening Earth,Challenger Deck,2019-11-08,2015-2019,Simic (GU),3,General Pool
Azaar - Lichlord,Shandalar Enemy Deck,1997-04-01,Pre-2015,Mono-Black,3,General Pool
Azorius Advance,Intro Pack,2012-10-05,Pre-2015,Azorius (WU),3,General Pool
Azorius Ascendant,Theme Deck,2006-05-05,Pre-2015,Azorius (WU),3,General Pool
Azorius Ascension,Arena Starter Deck,2018-03-22,2015-2019,Azorius (WU),3,General Pool
Azorius Authority,Intro Pack,2013-05-03,Pre-2015,Azorius (WU),3,General Pool
Azorius Control,Challenger Deck,2021-04-02,2020-Present,Azorius (WU),3,General Pool
Azorius Senate,Arena Starter Deck,2019-05-03,2015-2019,Azorius (WU),3,General Pool
Azorius Spirits,Pioneer Challenger Deck,2021-10-15,2020-Present,Azorius (WU),3,General Pool
Azorius,Guild Kit,2019-02-15,2015-2019,Azorius (WU),3,General Pool
Azure Skies 2,Arena Starter Deck,2020-03-12,2020-Present,Mono-Blue,3,General Pool
Azure Skies,Arena Starter Deck,2019-09-26,2015-2019,Mono-Blue,3,General Pool
Back for More,Arena Starter Deck,2021-07-03,2020-Present,Golgari (BG),3,General Pool
Backup Beatdown,Starter Kit,2023-09-08,2020-Present,Selesnya (GW),3,General Pool
Bait and Bludgeon,Theme Deck,2003-10-02,Pre-2015,Dimir (UB),3,General Pool
Bait & Switch,Theme Deck,2002-10-07,Pre-2015,Dimir (UB),3,General Pool
Balance in All Things,Arena Starter Deck,2022-09-09,2020-Present,Orzhov (WB),3,General Pool
Band Together,MTGO Theme Deck,2008-09-22,Pre-2015,Mono-White,3,General Pool
Bant Exalted,Intro Pack,2008-10-03,Pre-2015,Bant (GWU),3,General Pool
Bant on the March,Intro Pack,2009-02-06,Pre-2015,Bant (GWU),3,General Pool
Barrage,Theme Deck,2001-02-05,Pre-2015,Aggression (BRGW),3,General Pool
"Basri, Devoted Paladin",Planeswalker Deck,2020-07-03,2020-Present,Mono-White,3,General Pool
Battalion,Theme Deck,2008-02-01,Pre-2015,Azorius (WU),3,General Pool
Battle Blitz,Theme Deck,2008-07-25,Pre-2015,Boros (RW),3,General Pool
Battle Cries,Intro Pack,2011-02-04,Pre-2015,Boros (RW),3,General Pool
Battle for Zendikar Foil Redemption,MTGO Redemption,2015-11-01,2015-2019,5-Color (WUBRG),3,General Pool
Battle for Zendikar Redemption,MTGO Redemption,2015-11-01,2015-2019,5-Color (WUBRG),3,General Pool
Battle Surge - Enhanced Deck,Enhanced Deck,1999-06-07,Pre-2015,Izzet (UR),3,General Pool
Battle Surge,Theme Deck,1999-06-07,Pre-2015,Izzet (UR),3,General Pool
Beast Master,Shandalar Enemy Deck,1997-04-01,Pre-2015,Mono-Green,3,General Pool
Beasts,Theme Deck,2005-08-01,Pre-2015,Gruul (RG),3,General Pool
Bedecked Brokers,Commander Deck,2022-04-29,2020-Present,Bant (GWU),2,Commander/Brawl
Ben Rubin - Sligh,World Championship Deck,1998-08-12,Pre-2015,Mono-Red,3,General Pool
Berserk,Theme Deck,2005-08-01,Pre-2015,Gruul (RG),3,General Pool
"Bertrand Lestree, Finalist",Pro Tour Deck,1996-05-01,Pre-2015,Selesnya (GW),3,General Pool
Bestial Strength,Intro Pack,2013-07-19,Pre-2015,Golgari (BG),3,General Pool
Betrayers of Kamigawa Foil Redemption,MTGO Redemption,2005-03-06,Pre-2015,5-Color (WUBRG),3,General Pool
Betrayers of Kamigawa Redemption,MTGO Redemption,2005-03-06,Pre-2015,5-Color (WUBRG),3,General Pool
Beyond The Grave,Theme Deck,2006-07-21,Pre-2015,Jund (BRG),3,General Pool
Black Deck A,Sample Deck,2008-05-02,Pre-2015,Mono-Black,3,General Pool
Black Deck A,Sample Deck,2010-07-16,Pre-2015,Mono-Black,3,General Pool
Black Deck A,Sample Deck,2011-07-15,Pre-2015,Mono-Black,3,General Pool
Black Deck B,Sample Deck,2008-05-02,Pre-2015,Mono-Black,3,General Pool
Black Deck B,Sample Deck,2010-07-16,Pre-2015,Mono-Black,3,General Pool
Black Deck B,Sample Deck,2011-07-15,Pre-2015,Mono-Black,3,General Pool
Black Deck,Welcome Deck,2024-09-30,2020-Present,Mono-Black,3,General Pool
Black Deck,Sample Deck,2014-07-19,Pre-2015,Mono-Black,3,General Pool
Black Deck,Welcome Deck,2018-07-13,2015-2019,Mono-Black,3,General Pool
Black Deck,Welcome Deck,2019-07-12,2015-2019,Mono-Black,3,General Pool
Black Deck,Sample Deck,2015-07-17,2015-2019,Mono-Black,3,General Pool
Black Deck,Welcome Deck,2025-09-26,2020-Present,Mono-Black,3,General Pool
Black Deck,Welcome Deck,2016-04-08,2015-2019,Mono-Black,3,General Pool
Black-Green Deck,Spellslinger Starter Kit,2018-10-05,2015-2019,Golgari (BG),3,General Pool
Black Sample Deck,Sample Deck,2012-07-13,Pre-2015,Mono-Black,3,General Pool
Black Sample Deck,Sample Deck,2014-07-18,Pre-2015,Mono-Black,3,General Pool
Black,Game Night Deck,2018-11-16,2015-2019,Mono-Black,3,General Pool
Black,Halfdeck,2020-02-28,2020-Present,5-Color (WUBRG),3,General Pool
Blades of Victory,Intro Pack,2010-07-16,Pre-2015,Orzhov (WB),3,General Pool
Blame Game,Commander Deck,2024-02-09,2020-Present,Boros (RW),2,Commander/Brawl
Blast from the Past,Commander Deck,2023-10-13,2020-Present,Bant (GWU),2,Commander/Brawl
Blazing Beasts of Myth,Intro Pack,2013-09-27,Pre-2015,Gruul (RG),3,General Pool
Blessed,Duel Deck,2016-02-26,2015-2019,Azorius (WU),3,General Pool
Blight Curse,Commander Deck,2026-01-23,2020-Present,Jund (BRG),2,Commander/Brawl
Blinding Fury,Theme Deck,1999-07-12,Pre-2015,Mono-White,3,General Pool
Blood and Fire,Intro Pack,2011-07-15,Pre-2015,Rakdos (BR),3,General Pool
Blood Rites,Commander Deck,2023-11-17,2020-Present,Orzhov (WB),2,Commander/Brawl
Bloomburrow Bundle Land Pack,Bundle Land Pack,2024-09-04,2020-Present,5-Color (WUBRG),3,General Pool
Bloomburrow Redemption,MTGO Redemption,2024-09-04,2020-Present,5-Color (WUBRG),3,General Pool
Blossoming Growth,Arena Starter Deck,2022-09-09,2020-Present,Simic (GU),3,General Pool
Blowout,Theme Deck,2000-10-02,Pre-2015,Jund (BRG),3,General Pool
Blue-Black,Starter Kit,2025-06-13,2020-Present,Dimir (UB),3,General Pool
Blue Deck A,Sample Deck,2008-05-02,Pre-2015,Mono-Blue,3,General Pool
Blue Deck A,Sample Deck,2010-07-16,Pre-2015,Mono-Blue,3,General Pool
Blue Deck A,Sample Deck,2011-07-15,Pre-2015,Mono-Blue,3,General Pool
Blue Deck B,Sample Deck,2008-05-02,Pre-2015,Mono-Blue,3,General Pool
Blue Deck B,Sample Deck,2010-07-16,Pre-2015,Mono-Blue,3,General Pool
Blue Deck B,Sample Deck,2011-07-15,Pre-2015,Mono-Blue,3,General Pool
Blue Deck,Welcome Deck,2024-09-30,2020-Present,Mono-Blue,3,General Pool
Blue Deck,Sample Deck,2014-07-19,Pre-2015,Mono-Blue,3,General Pool
Blue Deck,Welcome Deck,2018-07-13,2015-2019,Mono-Blue,3,General Pool
Blue Deck,Welcome Deck,2019-07-12,2015-2019,Mono-Blue,3,General Pool
Blue Deck,Sample Deck,2015-07-17,2015-2019,Mono-Blue,3,General Pool
Blue Deck,Welcome Deck,2025-09-26,2020-Present,Mono-Blue,3,General Pool
Blue Deck,Welcome Deck,2016-04-08,2015-2019,Mono-Blue,3,General Pool
Blue Sample Deck,Sample Deck,2012-07-13,Pre-2015,Mono-Blue,3,General Pool
Blue Sample Deck,Sample Deck,2014-07-18,Pre-2015,Mono-Blue,3,General Pool
Blue,Game Night Deck,2018-11-16,2015-2019,Mono-Blue,3,General Pool
Blue,Halfdeck,2020-02-28,2020-Present,Izzet (UR),3,General Pool
Boggart Feast,Theme Deck,2007-10-12,Pre-2015,Rakdos (BR),3,General Pool
Boltslinger,MTGO Theme Deck,2010-11-08,Pre-2015,Mono-Red,3,General Pool
Bomber,Theme Deck,2001-04-11,Pre-2015,Mono-Blue,3,General Pool
Booster Battle Pack: Boros,Welcome Deck,2013-02-01,Pre-2015,Boros (RW),3,General Pool
Booster Battle Pack: Dimir,Welcome Deck,2013-02-01,Pre-2015,Dimir (UB),3,General Pool
Booster Battle Pack: Gruul,Welcome Deck,2013-02-01,Pre-2015,Gruul (RG),3,General Pool
Booster Battle Pack: Orzhov,Welcome Deck,2013-02-01,Pre-2015,Orzhov (WB),3,General Pool
Booster Battle Pack: Simic,Welcome Deck,2013-02-01,Pre-2015,Simic (GU),3,General Pool
Born of the Gods Foil Redemption,MTGO Redemption,2014-03-09,Pre-2015,5-Color (WUBRG),3,General Pool
Born of the Gods Redemption,MTGO Redemption,2014-03-09,Pre-2015,5-Color (WUBRG),3,General Pool
Boros Assault,Arena Starter Deck,2018-03-22,2015-2019,Boros (RW),3,General Pool
Boros Battalion,Intro Pack,2013-02-01,Pre-2015,Boros (RW),3,General Pool
Boros Legion,Arena Starter Deck,2019-05-03,2015-2019,Boros (RW),3,General Pool
Boros,Guild Kit,2018-11-02,2015-2019,Boros (RW),3,General Pool
Bound by Strength,Intro Pack,2012-05-04,Pre-2015,Simic (GU),3,General Pool
Boundless Elves,Game Night Deck,2022-10-14,2020-Present,Mono-Green,3,General Pool
Braaains,Historic Brawl Precon Deck,2024-07-08,2020-Present,Dimir (UB),2,Commander/Brawl
Brave the Battle,Intro Pack,2015-07-17,2015-2019,Selesnya (GW),3,General Pool
Brazen Coalition,Theme Deck,2017-11-24,2015-2019,Grixis (UBR),3,General Pool
Breakdown - Enhanced Deck,Enhanced Deck,2000-02-14,Pre-2015,Simic (GU),3,General Pool
Breakdown,Theme Deck,2000-02-14,Pre-2015,Simic (GU),3,General Pool
Breath of Fire,Intro Pack,2010-07-16,Pre-2015,Izzet (UR),3,General Pool
Breed Lethality,Commander Deck,2016-11-11,2015-2019,Growth (GWUB),2,Commander/Brawl
Breed Lethality,Commander Deck,2018-06-08,2015-2019,Growth (GWUB),2,Commander/Brawl
Brian Hacker - White Weenie,World Championship Deck,1998-08-12,Pre-2015,Mono-White,3,General Pool
Brian Kibler - Red Zone 2K2,World Championship Deck,2002-08-14,Pre-2015,Altruism (RGWU),3,General Pool
Brian Selden - Cali Nightmare,World Championship Deck,1998-08-12,Pre-2015,5-Color (WUBRG),3,General Pool
Bring About The Undead Apocalypse,Archenemy Deck,2010-06-18,Pre-2015,Rakdos (BR),3,General Pool
Brotherhood Agents,Starter Kit,2024-07-05,2020-Present,Dimir (UB),3,General Pool
Brute Force,Intro Pack,2010-02-05,Pre-2015,Gruul (RG),3,General Pool
Buckle Up,Commander Deck,2022-02-18,2020-Present,Azorius (WU),2,Commander/Brawl
Built From Scratch,Commander Deck,2014-11-07,Pre-2015,Mono-Red,2,Commander/Brawl
Built From Scratch,Commander Deck,2018-06-08,2015-2019,Mono-Red,2,Commander/Brawl
Burial,Theme Deck,2001-06-04,Pre-2015,Abzan (BGW),3,General Pool
Burning Sky,MTGO Theme Deck,2006-12-05,Pre-2015,Izzet (UR),3,General Pool
Cabaretti Cacophony,Commander Deck,2022-04-29,2020-Present,Naya (RGW),2,Commander/Brawl
Call for Backup,Commander Deck,2023-04-21,2020-Present,Naya (RGW),2,Commander/Brawl
Call of Blood,Intro Pack,2015-10-02,2015-2019,Orzhov (WB),3,General Pool
Call of the Kor - Advanced Deck,Advanced Deck,1998-03-02,Pre-2015,Mono-White,3,General Pool
Call of the Kor,Theme Deck,1998-03-02,Pre-2015,Orzhov (WB),3,General Pool
Call the Spirits,Commander Deck,2015-11-13,2015-2019,Orzhov (WB),2,Commander/Brawl
Carlos Romão - Psychatog,World Championship Deck,2002-08-14,Pre-2015,Dimir (UB),3,General Pool
Carnival of Blood,Intro Pack,2011-09-30,Pre-2015,Rakdos (BR),3,General Pool
Cats,Theme Deck,2005-08-01,Pre-2015,Selesnya (GW),3,General Pool
Cavalcade Charge,Challenger Deck,2020-04-03,2020-Present,Mono-Red,3,General Pool
Cavalry Charge,Commander Deck,2023-04-21,2020-Present,Esper (WUB),2,Commander/Brawl
Celestial Assault,Theme Deck,2002-10-07,Pre-2015,Azorius (WU),3,General Pool
Centaur Shaman,Shandalar Enemy Deck,1997-04-01,Pre-2015,Golgari (BG),3,General Pool
Centaur Warchief,Shandalar Enemy Deck,1997-04-01,Pre-2015,Boros (RW),3,General Pool
Champions of Kamigawa Foil Redemption,MTGO Redemption,2004-10-31,Pre-2015,5-Color (WUBRG),3,General Pool
Champions of Kamigawa Redemption,MTGO Redemption,2004-10-31,Pre-2015,5-Color (WUBRG),3,General Pool
"Chandra, Bold Pyromancer",Planeswalker Deck,2018-04-27,2015-2019,Gruul (RG),3,General Pool
"Chandra, Flame's Catalyst",Planeswalker Deck,2020-07-03,2020-Present,Mono-Red,3,General Pool
"Chandra, Flame's Fury",Planeswalker Deck,2019-07-29,2015-2019,Mono-Red,3,General Pool
Chandra Japanese,Duel Deck,2008-11-07,Pre-2015,Mono-Red,3,General Pool
"Chandra, Pyrogenius",Planeswalker Deck,2016-09-30,2015-2019,Boros (RW),3,General Pool
Chandra,Duel Deck,2008-11-07,Pre-2015,Mono-Red,3,General Pool
Chandra,Archenemy Deck,2017-06-16,2015-2019,Mono-Red,3,General Pool
Chandra,Duel Deck,2014-12-05,Pre-2015,Mono-Red,3,General Pool
Chaos and Mayhem,Arena Starter Deck,2018-09-27,2015-2019,Rakdos (BR),3,General Pool
Chaos Incarnate,Commander Deck,2022-12-02,2020-Present,Rakdos (BR),2,Commander/Brawl
Chaos Reigns,Planechase Deck,2012-06-01,Pre-2015,5-Color (WUBRG),3,General Pool
Chaos Reigns,Planechase Deck,2016-11-25,2015-2019,5-Color (WUBRG),3,General Pool
Charge of the Boros,Theme Deck,2005-10-07,Pre-2015,Boros (RW),3,General Pool
Charging Ahead,Arena Starter Deck,2023-06-20,2020-Present,Gruul (RG),3,General Pool
Chargoyf,Theme Deck,1999-11-12,Pre-2015,Gruul (RG),3,General Pool
Cho-Manno's Resolve,Theme Deck,2007-07-13,Pre-2015,Mono-White,3,General Pool
Cinder Heart,Theme Deck,1999-11-12,Pre-2015,Rakdos (BR),3,General Pool
Claws of Vengeance,Theme Deck,2011-01-01,Pre-2015,Naya (RGW),3,General Pool
Cleric,Shandalar Enemy Deck,1997-04-01,Pre-2015,Mono-White,3,General Pool
Clue Edition Core Contents,Box Set,2024-02-23,2020-Present,5-Color (WUBRG),3,General Pool
Code of the Orzhov,Theme Deck,2006-02-03,Pre-2015,Orzhov (WB),3,General Pool
Cold-Blooded Killers,Arena Starter Deck,2020-08-13,2020-Present,Mono-Black,3,General Pool
Coldsnap Foil Redemption,MTGO Redemption,2006-08-20,Pre-2015,5-Color (WUBRG),3,General Pool
Coldsnap Redemption,MTGO Redemption,2006-08-20,Pre-2015,5-Color (WUBRG),3,General Pool
Collateral Damage,Historic Brawl Precon Deck,2024-07-08,2020-Present,Rakdos (BR),2,Commander/Brawl
Collectors' Edition,Box Set,1993-12-10,Pre-2015,5-Color (WUBRG),0,MTGO/Digital (Pre-2015)
Comeback,Theme Deck,2001-02-05,Pre-2015,Esper (WUB),3,General Pool
Company of Knights,Arena Starter Deck,2021-07-03,2020-Present,Boros (RW),3,General Pool
Concerted Effort,Intro Pack,2016-01-22,2015-2019,Selesnya (GW),3,General Pool
Conflux Foil Redemption,MTGO Redemption,2009-03-08,Pre-2015,5-Color (WUBRG),3,General Pool
Conflux Redemption,MTGO Redemption,2009-03-08,Pre-2015,5-Color (WUBRG),3,General Pool
Conjurer,Shandalar Enemy Deck,1997-04-01,Pre-2015,Mono-Blue,3,General Pool
Conquering Hordes,Event Deck,2014-09-26,Pre-2015,Orzhov (WB),3,General Pool
Control Center,Arena Starter Deck,2021-09-24,2020-Present,Dimir (UB),3,General Pool
Core Set 2019 Foil Redemption,MTGO Redemption,2018-08-12,2015-2019,5-Color (WUBRG),0,MTGO/Digital (Pre-2015)
Core Set 2019 Redemption,MTGO Redemption,2018-08-12,2015-2019,5-Color (WUBRG),0,MTGO/Digital (Pre-2015)
Core Set 2020 Foil Redemption,MTGO Redemption,2019-08-11,2015-2019,5-Color (WUBRG),1,MTGO/Digital (Modern)
Core Set 2020 Redemption,MTGO Redemption,2019-08-11,2015-2019,5-Color (WUBRG),1,MTGO/Digital (Modern)
Core Set 2021 Foil Redemption,MTGO Redemption,2020-08-02,2020-Present,5-Color (WUBRG),1,MTGO/Digital (Modern)
Core Set 2021 Redemption,MTGO Redemption,2020-08-02,2020-Present,5-Color (WUBRG),1,MTGO/Digital (Modern)
Corrupting Influence,Commander Deck,2023-02-10,2020-Present,Abzan (BGW),2,Commander/Brawl
Counter Blitz Collector's Edition (FINAL FANTASY X),Commander Deck,2025-06-13,2020-Present,Bant (GWU),2,Commander/Brawl
Counter Blitz (FINAL FANTASY X),Commander Deck,2025-06-13,2020-Present,Bant (GWU),2,Commander/Brawl
Counter Intelligence,Commander Deck,2025-08-01,2020-Present,Jeskai (RWU),2,Commander/Brawl
Counterpunch,Commander Deck,2011-06-17,Pre-2015,Abzan (BGW),2,Commander/Brawl
Counter Surge,Challenger Deck,2018-04-06,2015-2019,Golgari (BG),3,General Pool
Coven Counters,Commander Deck,2021-09-24,2020-Present,Selesnya (GW),2,Commander/Brawl
Crack the Case,Arena Starter Deck,2024-07-08,2020-Present,Azorius (WU),3,General Pool
Crag Hydra,Shandalar Enemy Deck,1997-04-01,Pre-2015,Mono-Red,3,General Pool
Creative Energy Collector's Edition,Commander Deck,2024-06-14,2020-Present,Jeskai (RWU),2,Commander/Brawl
Creative Energy,Commander Deck,2024-06-14,2020-Present,Jeskai (RWU),2,Commander/Brawl
Creep and Conquer,Event Deck,2012-10-26,Pre-2015,Golgari (BG),3,General Pool
Cries of Rage,Theme Deck,2011-01-01,Pre-2015,Gruul (RG),3,General Pool
Critical Mass,Theme Deck,2005-06-03,Pre-2015,Rakdos (BR),3,General Pool
Critter Corps,Arena Promotional Deck,2021-07-03,2020-Present,Selesnya (GW),3,General Pool
Cruel Plots,Intro Pack,2015-03-27,2015-2019,Dimir (UB),3,General Pool
Crusader,Shandalar Enemy Deck,1997-04-01,Pre-2015,Mono-White,3,General Pool
Crusher - Enhanced Deck,Enhanced Deck,1999-02-15,Pre-2015,Selesnya (GW),3,General Pool
Crusher,Theme Deck,1999-02-15,Pre-2015,Selesnya (GW),3,General Pool
Cult of Rakdos,Arena Starter Deck,2019-05-03,2015-2019,Rakdos (BR),3,General Pool
Cunning Plan,Intro Pack,2015-01-23,2015-2019,Izzet (UR),3,General Pool
Cunning,Duel Deck,2014-09-05,Pre-2015,Jeskai (RWU),3,General Pool
Cursed,Duel Deck,2016-02-26,2015-2019,Dimir (UB),3,General Pool
Custom Creatures,Theme Deck,2005-07-29,Pre-2015,Mono-Green,3,General Pool
Dance of the Elements,Commander Deck,2026-01-23,2020-Present,5-Color (WUBRG),2,Commander/Brawl
Dangerous Knowledge,Intro Pack,2016-07-22,2015-2019,Izzet (UR),3,General Pool
Dangerous,Clash Pack,2015-07-17,2015-2019,Abzan (BGW),3,General Pool
Daniel Zink - White-Blue-Green Wake,World Championship Deck,2003-08-06,Pre-2015,Bant (GWU),3,General Pool
Dark Alliance,Theme Deck,1998-11-01,Pre-2015,Rakdos (BR),3,General Pool
Dark Ascension Foil Redemption,MTGO Redemption,2012-03-04,Pre-2015,5-Color (WUBRG),3,General Pool
Dark Ascension Redemption,MTGO Redemption,2012-03-04,Pre-2015,5-Color (WUBRG),3,General Pool
Dark Devotion,Theme Deck,2005-02-04,Pre-2015,Rakdos (BR),3,General Pool
Dark Sacrifice,Intro Pack,2012-02-03,Pre-2015,Orzhov (WB),3,General Pool
Dark Sacrifice,Game Night Deck,2022-10-14,2020-Present,Mono-Black,3,General Pool
Darksteel Foil Redemption,MTGO Redemption,2004-03-07,Pre-2015,5-Color (WUBRG),3,General Pool
Darksteel Redemption,MTGO Redemption,2004-03-07,Pre-2015,5-Color (WUBRG),3,General Pool
Dave Humpherys - Blue-Green Madness,World Championship Deck,2003-08-06,Pre-2015,Bant (GWU),3,General Pool
Day of the Dragon,Starter Kit,2023-09-08,2020-Present,Izzet (UR),3,General Pool
Dead Again,Theme Deck,2005-07-29,Pre-2015,Mono-Black,3,General Pool
Dead Ahead,Intro Pack,2009-04-30,Pre-2015,Rakdos (BR),3,General Pool
Dead and Alive,MTGO Theme Deck,2007-12-12,Pre-2015,Mono-Black,3,General Pool
Deadly Discovery,Challenger Deck,2019-04-12,2015-2019,Golgari (BG),3,General Pool
Deadly Disguise,Commander Deck,2024-02-09,2020-Present,Naya (RGW),2,Commander/Brawl
Deadly Instinct,Theme Deck,1999-07-12,Pre-2015,Mono-Black,3,General Pool
Deadspread,Intro Pack,2010-10-01,Pre-2015,Dimir (UB),3,General Pool
Deathbreed,MTGO Theme Deck,2008-09-22,Pre-2015,Mono-Black,3,General Pool
Deathdancer Xira,MTGO Commander Deck,2009-08-26,Pre-2015,Jund (BRG),3,General Pool
Deathfed,Event Deck,2011-10-28,Pre-2015,Sultai (GUB),3,General Pool
Deathly Dominion,Intro Pack,2011-09-30,Pre-2015,Golgari (BG),3,General Pool
Death March,Theme Deck,2008-07-25,Pre-2015,Golgari (BG),3,General Pool
Death Reaper,Intro Pack,2013-07-19,Pre-2015,Rakdos (BR),3,General Pool
Death's Beginning,Intro Pack,2014-02-07,Pre-2015,Golgari (BG),3,General Pool
Death's Encroach,Event Deck,2012-05-25,Pre-2015,Mono-Black,3,General Pool
Death's Minions,Intro Pack,2009-07-17,Pre-2015,Golgari (BG),3,General Pool
Death Toll,Commander Deck,2024-09-27,2020-Present,Golgari (BG),2,Commander/Brawl
Decay,Theme Deck,2001-04-11,Pre-2015,Mono-Black,3,General Pool
Deck A,Starter Deck,1997-04-24,Pre-2015,Naya (RGW),3,General Pool
Deck A,Starter Deck,1999-04-21,Pre-2015,Abzan (BGW),3,General Pool
Deck Builder's Toolkit,Deck Builder's Toolkit,2018-07-13,2015-2019,5-Color (WUBRG),0,MTGO/Digital (Pre-2015)
Deck Builder's Toolkit,Deck Builder's Toolkit,2019-07-12,2015-2019,5-Color (WUBRG),1,MTGO/Digital (Modern)
Deck B,Starter Deck,1997-04-24,Pre-2015,Dimir (UB),3,General Pool
Deck B,Starter Deck,1999-04-21,Pre-2015,Jeskai (RWU),3,General Pool
Deep Clue Sea,Commander Deck,2024-02-09,2020-Present,Bant (GWU),2,Commander/Brawl
Deep Freeze - Advanced Deck,Advanced Deck,1997-10-14,Pre-2015,Azorius (WU),3,General Pool
Deep Freeze,Theme Deck,1997-10-14,Pre-2015,Azorius (WU),3,General Pool
Deepwood Menace - Enhanced Deck,Enhanced Deck,1999-10-04,Pre-2015,Gruul (RG),3,General Pool
Deepwood Menace,Theme Deck,1999-10-04,Pre-2015,Gruul (RG),3,General Pool
Defenders of the Cause,Theme Deck,1998-11-01,Pre-2015,Selesnya (GW),3,General Pool
Demonic Deals,Intro Pack,2015-07-17,2015-2019,Rakdos (BR),3,General Pool
Demonic,Duel Deck,2009-04-10,Pre-2015,Mono-Black,3,General Pool
Demonic,Duel Deck,2014-12-05,Pre-2015,Mono-Black,3,General Pool
Depths of Power,Intro Pack,2012-07-13,Pre-2015,Izzet (UR),3,General Pool
Desert Bloom,Commander Deck,2024-04-19,2020-Present,Naya (RGW),2,Commander/Brawl
Desert Oasis,Arena Starter Deck,2024-07-08,2020-Present,Simic (GU),3,General Pool
Desperate Stand,Intro Pack,2016-01-22,2015-2019,Orzhov (WB),3,General Pool
Destructive Firepower,Arena Starter Deck,2020-03-12,2020-Present,Mono-Red,3,General Pool
Devastation,Theme Deck,2002-10-07,Pre-2015,Gruul (RG),3,General Pool
Devotion to Darkness,Intro Pack,2013-09-27,Pre-2015,Dimir (UB),3,General Pool
Devour for Power,Commander Deck,2018-06-08,2015-2019,Sultai (GUB),2,Commander/Brawl
Devour for Power,Commander Deck,2011-06-17,Pre-2015,Sultai (GUB),2,Commander/Brawl
Devouring Skies,Intro Pack,2011-05-13,Pre-2015,Dimir (UB),3,General Pool
Dimir Control,Challenger Deck,2022-04-01,2020-Present,Dimir (UB),3,General Pool
Dimir Control,Pioneer Challenger Deck,2022-11-04,2020-Present,Dimir (UB),3,General Pool
Dimir Dementia,Intro Pack,2013-02-01,Pre-2015,Dimir (UB),3,General Pool
Dimir Intrigues,Theme Deck,2005-10-07,Pre-2015,Dimir (UB),3,General Pool
Dimir Manipulation,Arena Starter Deck,2018-03-22,2015-2019,Dimir (UB),3,General Pool
Dimir Rogue,Challenger Deck,2021-04-02,2020-Present,Dimir (UB),3,General Pool
Dimir,Guild Kit,2018-11-02,2015-2019,Dimir (UB),3,General Pool
Dino Might,Arena Starter Deck,2024-07-08,2020-Present,Gruul (RG),3,General Pool
Dismissal,Theme Deck,2000-10-02,Pre-2015,Grixis (UBR),3,General Pool
Disrupter - Enhanced Deck,Enhanced Deck,1999-10-04,Pre-2015,Rakdos (BR),3,General Pool
Disrupter,Theme Deck,1999-10-04,Pre-2015,Rakdos (BR),3,General Pool
Dissension Foil Redemption,MTGO Redemption,2006-06-04,Pre-2015,5-Color (WUBRG),3,General Pool
Dissension Redemption,MTGO Redemption,2006-06-04,Pre-2015,5-Color (WUBRG),3,General Pool
Distress,Theme Deck,2000-06-05,Pre-2015,Orzhov (WB),3,General Pool
Divine Convocation,Commander Deck,2023-04-21,2020-Present,Jeskai (RWU),2,Commander/Brawl
Divine,Duel Deck,2009-04-10,Pre-2015,Mono-White,3,General Pool
Divine,Duel Deck,2014-12-05,Pre-2015,Mono-White,3,General Pool
Domain,Theme Deck,2001-02-05,Pre-2015,5-Color (WUBRG),3,General Pool
Dome Destruction,Arena Starter Deck,2019-09-26,2015-2019,Mono-Red,3,General Pool
Dominaria Foil Redemption,MTGO Redemption,2018-05-27,2015-2019,5-Color (WUBRG),3,General Pool
Dominaria Redemption,MTGO Redemption,2018-05-27,2015-2019,5-Color (WUBRG),3,General Pool
Dominaria United Foil Redemption,MTGO Redemption,2022-09-28,2020-Present,5-Color (WUBRG),3,General Pool
Dominaria United Redemption,MTGO Redemption,2022-09-28,2020-Present,5-Color (WUBRG),3,General Pool
Dominator - Advanced Deck,Advanced Deck,1998-06-15,Pre-2015,Mono-Blue,3,General Pool
Dominator - Basic Deck,Theme Deck,1998-06-15,Pre-2015,Mono-Blue,3,General Pool
"Domri, City Smasher",Planeswalker Deck,2019-01-25,2015-2019,Gruul (RG),3,General Pool
Doom Inevitable,Intro Pack,2011-02-04,Pre-2015,Dimir (UB),3,General Pool
"Dovin, Architect of Law",Planeswalker Deck,2019-01-25,2015-2019,Azorius (WU),3,General Pool
Draconic Destruction,Commander Deck,2022-12-02,2020-Present,Gruul (RG),2,Commander/Brawl
Draconic Dissent,Commander Deck,2022-06-10,2020-Present,Izzet (UR),2,Commander/Brawl
Draconic Domination,Commander Deck,2017-08-25,2015-2019,5-Color (WUBRG),2,Commander/Brawl
Draconic Fury,Game Night Deck,2019-11-15,2015-2019,Mono-Red,3,General Pool
Draconic Fury,Game Night Deck,2022-10-14,2020-Present,Mono-Red,3,General Pool
Draconic Rage,Commander Deck,2021-07-23,2020-Present,Gruul (RG),2,Commander/Brawl
Dracur,Shandalar Enemy Deck,1997-04-01,Pre-2015,Jund (BRG),3,General Pool
Dragon's Fire,Arena Starter Deck,2018-09-27,2015-2019,Mono-Red,3,General Pool
Dragon's Maze Foil Redemption,MTGO Redemption,2013-06-02,Pre-2015,5-Color (WUBRG),3,General Pool
Dragon's Maze Redemption,MTGO Redemption,2013-06-02,Pre-2015,5-Color (WUBRG),3,General Pool
Dragons of Tarkir Foil Redemption,MTGO Redemption,2015-04-26,2015-2019,5-Color (WUBRG),3,General Pool
Dragons of Tarkir Redemption,MTGO Redemption,2015-04-26,2015-2019,5-Color (WUBRG),3,General Pool
Dragons,Duel Deck,2011-04-01,Pre-2015,Mono-Red,3,General Pool
Druid,Shandalar Enemy Deck,1997-04-01,Pre-2015,Mono-Green,3,General Pool
Dungeon Delving,Arena Starter Deck,2021-09-24,2020-Present,Orzhov (WB),3,General Pool
Dungeons of Death,Commander Deck,2021-07-23,2020-Present,Esper (WUB),2,Commander/Brawl
Duskmourn: House of Horror Redemption,MTGO Redemption,2024-10-16,2020-Present,5-Color (WUBRG),3,General Pool
Ears of the Elves,Duel Of The Planeswalkers Deck,2010-06-04,Pre-2015,Golgari (BG),3,General Pool
Ears of the Elves,Theme Deck,2011-01-01,Pre-2015,Golgari (BG),3,General Pool
Earth Shakers,Starter Kit,2022-06-03,2020-Present,Gruul (RG),3,General Pool
Edge of Eternities Redemption,MTGO Redemption,2025-08-27,2020-Present,5-Color (WUBRG),3,General Pool
Eighth Edition Foil Redemption,MTGO Redemption,2003-08-27,Pre-2015,5-Color (WUBRG),0,MTGO/Digital (Pre-2015)
Eighth Edition Redemption,MTGO Redemption,2003-08-27,Pre-2015,5-Color (WUBRG),0,MTGO/Digital (Pre-2015)
Eldrazi Arisen,Intro Pack,2010-04-23,Pre-2015,Gruul (RG),3,General Pool
Eldrazi Assault,Intro Pack,2015-10-02,2015-2019,Rakdos (BR),3,General Pool
Eldrazi Incursion Collector's Edition,Commander Deck,2024-06-14,2020-Present,5-Color (WUBRG),2,Commander/Brawl
Eldrazi Incursion,Commander Deck,2024-06-14,2020-Present,5-Color (WUBRG),2,Commander/Brawl
Eldrazi Unbound,Commander Deck,2023-08-04,2020-Present,Colorless,3,General Pool
Eldrazi,Duel Deck,2015-08-28,2015-2019,Rakdos (BR),3,General Pool
Eldritch Moon Foil Redemption,MTGO Redemption,2016-08-21,2015-2019,5-Color (WUBRG),3,General Pool
Eldritch Moon Redemption,MTGO Redemption,2016-08-21,2015-2019,5-Color (WUBRG),3,General Pool
Eldritch Onslaught,Intro Pack,2011-09-30,Pre-2015,Izzet (UR),3,General Pool
Elementalist,Shandalar Enemy Deck,1997-04-01,Pre-2015,Izzet (UR),3,General Pool
Elementals' Path,Theme Deck,2007-10-12,Pre-2015,5-Color (WUBRG),3,General Pool
Elemental Thunder,Planechase Deck,2009-09-04,Pre-2015,Gruul (RG),3,General Pool
Elspeth,Duel Deck,2010-09-03,Pre-2015,Mono-White,3,General Pool
Elspeth,Duel Deck,2015-02-27,2015-2019,Mono-White,3,General Pool
Elspeth,Planeswalker Deck,2020-01-24,2020-Present,Mono-White,3,General Pool
Elven Council,Commander Deck,2023-06-23,2020-Present,Simic (GU),2,Commander/Brawl
Elven Empire,Commander Deck,2021-02-05,2020-Present,Golgari (BG),2,Commander/Brawl
Elves,Duel Deck,2007-11-16,Pre-2015,Mono-Green,3,General Pool
Elves,Duel Deck,2014-12-05,Pre-2015,Mono-Green,3,General Pool
Elves,Theme Deck,2005-08-01,Pre-2015,Abzan (BGW),3,General Pool
Elvish Magi,Shandalar Enemy Deck,1997-04-01,Pre-2015,Mono-Green,3,General Pool
Elvish Predation,Theme Deck,2007-10-12,Pre-2015,Golgari (BG),3,General Pool
Elvish Rage,Theme Deck,2003-02-03,Pre-2015,Mono-Green,3,General Pool
Enchanter - Enhanced Deck,Enhanced Deck,1999-06-07,Pre-2015,Azorius (WU),3,General Pool
Enchanter,Theme Deck,1999-06-07,Pre-2015,Azorius (WU),3,General Pool
Enchantress Rubinia,MTGO Commander Deck,2009-08-26,Pre-2015,Bant (GWU),3,General Pool
Enchantress,Shandalar Enemy Deck,1997-04-01,Pre-2015,Mono-Green,3,General Pool
Endless Hordes,Game Night Deck,2019-11-15,2015-2019,Mono-Black,3,General Pool
Endless March,Theme Deck,2007-02-02,Pre-2015,Boros (RW),3,General Pool
Endless Punishment,Commander Deck,2024-09-27,2020-Present,Rakdos (BR),2,Commander/Brawl
Enduring Enchantments,Commander Deck,2023-08-04,2020-Present,Abzan (BGW),2,Commander/Brawl
Enhanced Evolution,Commander Deck,2020-04-17,2020-Present,Sultai (GUB),2,Commander/Brawl
Enlightened Mastery,Intro Pack,2015-03-27,2015-2019,Azorius (WU),3,General Pool
Entangling Webs,Intro Pack,2011-07-15,Pre-2015,Gruul (RG),3,General Pool
Entropic Uprising,Commander Deck,2016-11-11,2015-2019,Chaos (UBRG),2,Commander/Brawl
Eons of Evil,Theme Deck,2011-01-01,Pre-2015,Grixis (UBR),3,General Pool
"Eric Tam, Quarterfinalist",Pro Tour Deck,1996-05-01,Pre-2015,Altruism (RGWU),3,General Pool
Eruption - Enhanced Deck,Enhanced Deck,2000-02-14,Pre-2015,Boros (RW),3,General Pool
Eruption,Theme Deck,2000-02-14,Pre-2015,Boros (RW),3,General Pool
Esper Air Assault,Intro Pack,2009-02-06,Pre-2015,Esper (WUB),3,General Pool
Esper Artifice,Intro Pack,2008-10-03,Pre-2015,Esper (WUB),3,General Pool
Eternal Bargain,Commander Deck,2013-11-01,Pre-2015,Esper (WUB),2,Commander/Brawl
Eternal Might,Commander Deck,2025-02-14,2020-Present,Esper (WUB),2,Commander/Brawl
Eternal Siege,Intro Pack,2009-04-30,Pre-2015,Selesnya (GW),3,General Pool
Eternal Thirst,Arena Starter Deck,2018-09-27,2015-2019,Orzhov (WB),3,General Pool
Evasive Maneuvers,Commander Deck,2013-11-01,Pre-2015,Bant (GWU),2,Commander/Brawl
Evasive Maneuvers,Commander Deck,2017-06-09,2015-2019,Bant (GWU),2,Commander/Brawl
Eventide Foil Redemption,MTGO Redemption,2008-08-24,Pre-2015,5-Color (WUBRG),3,General Pool
Eventide Redemption,MTGO Redemption,2008-08-24,Pre-2015,5-Color (WUBRG),3,General Pool
Everyone's Invited!,Commander Deck,2025-05-12,2020-Present,5-Color (WUBRG),2,Commander/Brawl
Evincar's Tyranny,Theme Deck,2007-07-13,Pre-2015,Mono-Black,3,General Pool
Exiler,MTGO Theme Deck,2010-11-08,Pre-2015,Mono-White,3,General Pool
Exit from Exile,Commander Deck,2022-06-10,2020-Present,Gruul (RG),2,Commander/Brawl
Explorers of the Deep,Commander Deck,2023-11-17,2020-Present,Simic (GU),2,Commander/Brawl
Expulsion,Theme Deck,2003-07-28,Pre-2015,Mono-Black,3,General Pool
Exquisite Invention,Commander Deck,2018-08-10,2015-2019,Izzet (UR),2,Commander/Brawl
Eyes of Shadow,Duel Of The Planeswalkers Deck,2010-06-04,Pre-2015,Mono-Black,3,General Pool
Eyes of Shadow,Theme Deck,2011-01-01,Pre-2015,Mono-Black,3,General Pool
Faceless Menace,Commander Deck,2019-08-23,2015-2019,Sultai (GUB),2,Commander/Brawl
Fae Dominion,Commander Deck,2023-09-08,2020-Present,Dimir (UB),2,Commander/Brawl
Faerie Pranks,Arena Starter Deck,2024-07-08,2020-Present,Dimir (UB),3,General Pool
Faerie Schemes,Brawl Deck,2019-10-04,2015-2019,Esper (WUB),2,Commander/Brawl
Family Matters,Commander Deck,2024-08-02,2020-Present,Jeskai (RWU),2,Commander/Brawl
Fangs of the Bloodchief,Intro Pack,2010-02-05,Pre-2015,Mono-Black,3,General Pool
Fangs of the Predator,Theme Deck,2011-01-01,Pre-2015,Mono-Green,3,General Pool
Fate and Fury,Clash Pack,2014-07-18,Pre-2015,Simic (GU),3,General Pool
Fate Blaster,Theme Deck,2007-05-04,Pre-2015,Izzet (UR),3,General Pool
Fate Reforged Foil Redemption,MTGO Redemption,2015-02-22,2015-2019,5-Color (WUBRG),1,MTGO/Digital (Modern)
Fate Reforged Redemption,MTGO Redemption,2015-02-22,2015-2019,5-Color (WUBRG),1,MTGO/Digital (Modern)
Fates Foreseen,Intro Pack,2014-05-02,Pre-2015,Izzet (UR),3,General Pool
Fate,Clash Pack,2014-07-18,Pre-2015,Simic (GU),3,General Pool
Favors From Nyx,Intro Pack,2013-09-27,Pre-2015,Orzhov (WB),3,General Pool
Feast of Flesh,Intro Pack,2011-05-13,Pre-2015,Rakdos (BR),3,General Pool
Feline Ferocity,Commander Deck,2017-08-25,2015-2019,Selesnya (GW),2,Commander/Brawl
Fiendish Nature - Enhanced Deck,Enhanced Deck,1999-06-07,Pre-2015,Golgari (BG),3,General Pool
Fiendish Nature,Theme Deck,1999-06-07,Pre-2015,Golgari (BG),3,General Pool
Fiery Dawn,Intro Pack,2012-05-04,Pre-2015,Boros (RW),3,General Pool
Fiery Fury,MTGO Theme Deck,2007-12-12,Pre-2015,Mono-Red,3,General Pool
Fifth Dawn Foil Redemption,MTGO Redemption,2004-07-04,Pre-2015,5-Color (WUBRG),3,General Pool
Fifth Dawn Redemption,MTGO Redemption,2004-07-04,Pre-2015,5-Color (WUBRG),3,General Pool
Final Adventure,Challenger Deck,2020-04-03,2020-Present,Golgari (BG),3,General Pool
Finkel,Theme Deck,2001-12-01,Pre-2015,Grixis (UBR),3,General Pool
Fire and Lightning,Premium Deck,2010-11-19,Pre-2015,Naya (RGW),3,General Pool
Firebomber,Intro Pack,2009-07-17,Pre-2015,Izzet (UR),3,General Pool
Fire Surge,Intro Pack,2013-07-19,Pre-2015,Izzet (UR),3,General Pool
Fireworks,Arena Starter Deck,2021-09-24,2020-Present,Izzet (UR),3,General Pool
First Flight,Commander Deck,2022-12-02,2020-Present,Azorius (WU),2,Commander/Brawl
Fixed Content,Deck Builder's Toolkit,2017-04-28,2015-2019,5-Color (WUBRG),3,General Pool
Fixed Content,Deck Builder's Toolkit,2016-09-30,2015-2019,5-Color (WUBRG),3,General Pool
Fixed Content,Deck Builder's Toolkit,2014-07-18,Pre-2015,5-Color (WUBRG),3,General Pool
Fixed Content,Deck Builder's Toolkit,2011-03-11,Pre-2015,5-Color (WUBRG),0,MTGO/Digital (Pre-2015)
Fixed Content,Deck Builder's Toolkit,2010-05-21,Pre-2015,5-Color (WUBRG),0,MTGO/Digital (Pre-2015)
Fixed Content,Deck Builder's Toolkit,2017-09-29,2015-2019,5-Color (WUBRG),3,General Pool
Flames of Rath - Advanced Deck,Advanced Deck,1997-10-14,Pre-2015,Boros (RW),3,General Pool
Flames Of The Dragon,Intro Pack,2014-07-18,Pre-2015,Izzet (UR),3,General Pool
Flash of Ferocity,Challenger Deck,2020-04-03,2020-Present,Simic (GU),3,General Pool
Flashy Fliers,Historic Brawl Precon Deck,2024-07-08,2020-Present,Azorius (WU),2,Commander/Brawl
Flyover,Intro Pack,2010-02-05,Pre-2015,Azorius (WU),3,General Pool
Food and Fellowship,Commander Deck,2023-06-23,2020-Present,Abzan (BGW),2,Commander/Brawl
Forces of the Imperium Collector's Edition,Commander Deck,2022-10-07,2020-Present,Esper (WUB),2,Commander/Brawl
Forces of the Imperium,Commander Deck,2022-10-07,2020-Present,Esper (WUB),2,Commander/Brawl
Forest Dragon,Shandalar Enemy Deck,1997-04-01,Pre-2015,Mono-Green,3,General Pool
Forest's Might 2,Arena Starter Deck,2020-03-12,2020-Present,Mono-Green,3,General Pool
Forest's Might,Arena Starter Deck,2019-09-26,2015-2019,Mono-Green,3,General Pool
Forest's Might,Arena Starter Deck,2018-09-27,2015-2019,Mono-Green,3,General Pool
Forged in Battle,Intro Pack,2014-02-07,Pre-2015,Boros (RW),3,General Pool
Forged In Stone,Commander Deck,2014-11-07,Pre-2015,Mono-White,3,General Pool
From Cute to Brute,Commander Deck,2023-05-08,2020-Present,5-Color (WUBRG),2,Commander/Brawl
Fungus Master,Shandalar Enemy Deck,1997-04-01,Pre-2015,Simic (GU),3,General Pool
Fun With Fungus,Theme Deck,2006-10-06,Pre-2015,Golgari (BG),3,General Pool
Furious Forces,Intro Pack,2015-03-27,2015-2019,Gruul (RG),3,General Pool
Fury,Clash Pack,2014-07-18,Pre-2015,Gruul (RG),3,General Pool
Future Shock,Theme Deck,2007-05-04,Pre-2015,Gruul (RG),3,General Pool
Future Sight Foil Redemption,MTGO Redemption,2007-06-03,Pre-2015,5-Color (WUBRG),3,General Pool
Future Sight Redemption,MTGO Redemption,2007-06-03,Pre-2015,5-Color (WUBRG),3,General Pool
Gabriel Nassif - Blue-White Anti-Affinity Control,World Championship Deck,2004-09-01,Pre-2015,Azorius (WU),3,General Pool
Garfield,Theme Deck,2001-12-01,Pre-2015,Gruul (RG),3,General Pool
"Garruk, Savage Herald",Planeswalker Deck,2020-07-03,2020-Present,Mono-Green,3,General Pool
Garruk,Duel Deck,2009-10-30,Pre-2015,Mono-Green,3,General Pool
Garruk,Duel Deck,2014-12-05,Pre-2015,Mono-Green,3,General Pool
Gatecrasher,MTGO Theme Deck,2007-12-12,Pre-2015,Naya (RGW),3,General Pool
Gatecrash Foil Redemption,MTGO Redemption,2013-03-03,Pre-2015,5-Color (WUBRG),3,General Pool
Gatecrash Redemption,MTGO Redemption,2013-03-03,Pre-2015,5-Color (WUBRG),3,General Pool
"George Baxter, Quarterfinalist",Pro Tour Deck,1996-05-01,Pre-2015,Jund (BRG),3,General Pool
Ghostly Tide,Intro Pack,2016-04-08,2015-2019,Azorius (WU),3,General Pool
"Gideon, Martial Paragon",Planeswalker Deck,2017-04-28,2015-2019,Boros (RW),3,General Pool
"Gideon, the Oathsworn",Planeswalker Deck,2019-05-03,2015-2019,Orzhov (WB),3,General Pool
Gideon,Archenemy Deck,2017-06-16,2015-2019,Mono-White,3,General Pool
Gifts of the Gods,Intro Pack,2014-02-07,Pre-2015,Azorius (WU),3,General Pool
Gleeful Flames,Event Deck,2012-02-24,Pre-2015,Mono-Red,3,General Pool
Glorious Combat,Game Night Deck,2019-11-15,2015-2019,Mono-White,3,General Pool
Glorious Combat,Game Night Deck,2022-10-14,2020-Present,Mono-White,3,General Pool
Goblin Assault,Theme Deck,1999-07-12,Pre-2015,Mono-Red,3,General Pool
Goblin Fire,Theme Deck,1998-06-24,Pre-2015,Mono-Red,3,General Pool
Goblin Mob,Theme Deck,2003-05-26,Pre-2015,Mono-Red,3,General Pool
Goblins Everywhere!,Arena Starter Deck,2020-08-13,2020-Present,Mono-Red,3,General Pool
Goblins,Duel Deck,2007-11-16,Pre-2015,Mono-Red,3,General Pool
Goblins,Duel Deck,2017-11-10,2015-2019,Mono-Red,3,General Pool
Goblins,Duel Deck,2014-12-05,Pre-2015,Mono-Red,3,General Pool
Goblin Warlord,Shandalar Enemy Deck,1997-04-01,Pre-2015,Mono-Red,3,General Pool
Going Rogue,Theme Deck,2008-02-01,Pre-2015,Dimir (UB),3,General Pool
Gold Deck,Starter Deck,2001-04-11,Pre-2015,Gruul (RG),3,General Pool
Gold Deck,Starter Deck,2003-07-28,Pre-2015,Gruul (RG),3,General Pool
Gold Deck,Starter Deck,2005-08-09,Pre-2015,Gruul (RG),3,General Pool
Golgari Deathcreep,Theme Deck,2005-10-07,Pre-2015,Golgari (BG),3,General Pool
Golgari Exploration,Arena Starter Deck,2018-03-22,2015-2019,Golgari (BG),3,General Pool
Golgari Growth,Intro Pack,2012-10-05,Pre-2015,Golgari (BG),3,General Pool
Golgari Swarm,Arena Starter Deck,2019-05-03,2015-2019,Golgari (BG),3,General Pool
Golgari,Duel Deck,2012-09-07,Pre-2015,Golgari (BG),3,General Pool
Golgari,Guild Kit,2018-11-02,2015-2019,Golgari (BG),3,General Pool
Gondor: Green-White,Starter Kit,2023-06-23,2020-Present,Selesnya (GW),3,General Pool
Grab for Power,Intro Pack,2011-07-15,Pre-2015,Dimir (UB),3,General Pool
Grand Larceny,Commander Deck,2024-04-19,2020-Present,Sultai (GUB),2,Commander/Brawl
Grave Advantage,Intro Pack,2015-01-23,2015-2019,Golgari (BG),3,General Pool
Graveborn,Premium Deck,2011-11-18,Pre-2015,5-Color (WUBRG),3,General Pool
Grave Danger,Commander Deck,2022-12-02,2020-Present,Dimir (UB),2,Commander/Brawl
Grave Danger,Theme Deck,2002-02-08,Pre-2015,Dimir (UB),3,General Pool
Grave Matters,Arena Starter Deck,2022-09-09,2020-Present,Golgari (BG),3,General Pool
Grave Power,Intro Pack,2012-02-03,Pre-2015,Simic (GU),3,General Pool
Grave Secrets,Arena Starter Deck,2023-06-20,2020-Present,Dimir (UB),3,General Pool
Graveyard Bash,Arena Starter Deck,2018-09-27,2015-2019,Mono-Black,3,General Pool
Graveyard Overdrive Collector's Edition,Commander Deck,2024-06-14,2020-Present,Jund (BRG),2,Commander/Brawl
Graveyard Overdrive,Commander Deck,2024-06-14,2020-Present,Jund (BRG),2,Commander/Brawl
Great Druid,Shandalar Enemy Deck,1997-04-01,Pre-2015,Mono-Green,3,General Pool
Green Deck A,Sample Deck,2008-05-02,Pre-2015,Mono-Green,3,General Pool
Green Deck A,Sample Deck,2010-07-16,Pre-2015,Mono-Green,3,General Pool
Green Deck A,Sample Deck,2011-07-15,Pre-2015,Mono-Green,3,General Pool
Green Deck B,Sample Deck,2008-05-02,Pre-2015,Mono-Green,3,General Pool
Green Deck B,Sample Deck,2010-07-16,Pre-2015,Mono-Green,3,General Pool
Green Deck B,Sample Deck,2011-07-15,Pre-2015,Mono-Green,3,General Pool
Green Deck,Welcome Deck,2024-09-30,2020-Present,Mono-Green,3,General Pool
Green Deck,Sample Deck,2014-07-19,Pre-2015,Mono-Green,3,General Pool
Green Deck,Welcome Deck,2018-07-13,2015-2019,Mono-Green,3,General Pool
Green Deck,Welcome Deck,2019-07-12,2015-2019,Mono-Green,3,General Pool
Green Deck,Sample Deck,2015-07-17,2015-2019,Mono-Green,3,General Pool
Green Deck,Welcome Deck,2025-09-26,2020-Present,Mono-Green,3,General Pool
Green Deck,Welcome Deck,2016-04-08,2015-2019,Mono-Green,3,General Pool
Green Sample Deck,Sample Deck,2012-07-13,Pre-2015,Mono-Green,3,General Pool
Green Sample Deck,Sample Deck,2014-07-18,Pre-2015,Mono-Green,3,General Pool
Green,Game Night Deck,2018-11-16,2015-2019,Mono-Green,3,General Pool
Green,Halfdeck,2020-02-28,2020-Present,5-Color (WUBRG),3,General Pool
Grixis Shambling Army,Intro Pack,2009-02-06,Pre-2015,Grixis (UBR),3,General Pool
Grixis Undead,Intro Pack,2008-10-03,Pre-2015,Grixis (UBR),3,General Pool
Groundbreaker - Advanced Deck,Advanced Deck,1998-06-15,Pre-2015,Jund (BRG),3,General Pool
Groundbreaker - Basic Deck,Theme Deck,1998-06-15,Pre-2015,Rakdos (BR),3,General Pool
Ground Pounder,Theme Deck,2000-10-01,Pre-2015,Gruul (RG),3,General Pool
Growing Hope,Arena Starter Deck,2023-06-20,2020-Present,Selesnya (GW),3,General Pool
Growing Hunger,Arena Starter Deck,2021-09-24,2020-Present,Golgari (BG),3,General Pool
Growing Threat,Commander Deck,2023-04-21,2020-Present,Orzhov (WB),2,Commander/Brawl
Gruul Clans,Arena Starter Deck,2019-05-03,2015-2019,Gruul (RG),3,General Pool
Gruul Goliaths,Intro Pack,2013-02-01,Pre-2015,Gruul (RG),3,General Pool
Gruul Siege,Intro Pack,2013-05-03,Pre-2015,Gruul (RG),3,General Pool
Gruul Stompy,Challenger Deck,2022-04-01,2020-Present,Gruul (RG),3,General Pool
Gruul Stompy,Pioneer Challenger Deck,2022-11-04,2020-Present,Gruul (RG),3,General Pool
Gruul Wilding,Theme Deck,2006-02-03,Pre-2015,Gruul (RG),3,General Pool
Gruul,Guild Kit,2019-02-15,2015-2019,Gruul (RG),3,General Pool
Guardian of the Tusk,Shandalar Enemy Deck,1997-04-01,Pre-2015,Selesnya (GW),3,General Pool
Guided By Nature,Commander Deck,2014-11-07,Pre-2015,Mono-Green,2,Commander/Brawl
Guided by Nature,Commander Deck,2017-06-09,2015-2019,Mono-Green,2,Commander/Brawl
Guildpact Foil Redemption,MTGO Redemption,2006-03-05,Pre-2015,5-Color (WUBRG),3,General Pool
Guildpact Redemption,MTGO Redemption,2006-03-05,Pre-2015,5-Color (WUBRG),3,General Pool
Guilds of Ravnica Foil Redemption,MTGO Redemption,2018-11-04,2015-2019,5-Color (WUBRG),3,General Pool
Guilds of Ravnica Redemption,MTGO Redemption,2018-11-04,2015-2019,5-Color (WUBRG),3,General Pool
"Hail, Caesar",Commander Deck,2024-03-08,2020-Present,Mardu (WBR),2,Commander/Brawl
Hands of Fire,Theme Deck,2011-01-01,Pre-2015,Mono-Red,3,General Pool
Hands of Flame,Duel Of The Planeswalkers Deck,2010-06-04,Pre-2015,Mono-Red,3,General Pool
Hare Raising,Starter Kit,2024-08-02,2020-Present,Selesnya (GW),3,General Pool
Haze of Spores,MTGO Theme Deck,2008-09-22,Pre-2015,Mono-Green,3,General Pool
Hazoret Aggro,Challenger Deck,2018-04-06,2015-2019,Mono-Red,3,General Pool
"Heads I Win, Tails You Lose",Commander Deck,2022-04-22,2020-Present,Izzet (UR),2,Commander/Brawl
Heavenly Inferno,Commander Deck,2017-06-09,2015-2019,Mardu (WBR),2,Commander/Brawl
Heavenly Inferno,Commander Deck,2011-06-17,Pre-2015,Mardu (WBR),2,Commander/Brawl
Heavy Duty,Theme Deck,2000-10-02,Pre-2015,Selesnya (GW),3,General Pool
Heavy Hitters,Theme Deck,2003-07-28,Pre-2015,Mono-Green,3,General Pool
Heroes,Duel Deck,2013-09-06,Pre-2015,Boros (RW),3,General Pool
High-Flying Valor,Arena Starter Deck,2023-06-20,2020-Present,Azorius (WU),3,General Pool
High Priest,Shandalar Enemy Deck,1997-04-01,Pre-2015,Mono-White,3,General Pool
Hit The Ground Running,Intro Pack,2014-07-18,Pre-2015,Simic (GU),3,General Pool
Hold The Line,Event Deck,2011-10-28,Pre-2015,Mono-White,3,General Pool
Hope's Crusaders,Theme Deck,2006-10-06,Pre-2015,Mono-White,3,General Pool
Horrific Visions,Intro Pack,2016-04-08,2015-2019,Golgari (BG),3,General Pool
Hour of Devastation Foil Redemption,MTGO Redemption,2017-08-13,2015-2019,5-Color (WUBRG),3,General Pool
Hour of Devastation Redemption,MTGO Redemption,2017-08-13,2015-2019,5-Color (WUBRG),3,General Pool
House Dimir,Arena Starter Deck,2019-05-03,2015-2019,Dimir (UB),3,General Pool
"Huatli, Dinosaur Knight",Planeswalker Deck,2017-09-29,2015-2019,Boros (RW),3,General Pool
Humanity's Vengeance,Event Deck,2012-05-25,Pre-2015,Esper (WUB),3,General Pool
Hunting Pack,Intro Pack,2015-07-17,2015-2019,Golgari (BG),3,General Pool
Ignite the Forge,Arena Starter Deck,2022-09-09,2020-Present,Rakdos (BR),3,General Pool
Ikoria: Lair of Behemoths Foil Redemption,MTGO Redemption,2020-05-24,2020-Present,5-Color (WUBRG),1,MTGO/Digital (Modern)
Ikoria: Lair of Behemoths Redemption,MTGO Redemption,2020-05-24,2020-Present,5-Color (WUBRG),1,MTGO/Digital (Modern)
Illusionary Might,Event Deck,2011-08-12,Pre-2015,Azorius (WU),3,General Pool
Impaler,Theme Deck,1999-07-12,Pre-2015,Mono-Green,3,General Pool
Infect & Defile,Event Deck,2011-02-25,Pre-2015,Dimir (UB),3,General Pool
Infernal Intervention,Intro Pack,2014-07-18,Pre-2015,Rakdos (BR),3,General Pool
Infestation,Theme Deck,2001-04-11,Pre-2015,Mono-Red,3,General Pool
Ingenious Machinists,Duel Deck,2018-04-06,2015-2019,Izzet (UR),3,General Pool
Innistrad: Crimson Vow Foil Redemption,MTGO Redemption,2021-12-19,2020-Present,5-Color (WUBRG),3,General Pool
Innistrad: Crimson Vow Redemption,MTGO Redemption,2021-12-19,2020-Present,5-Color (WUBRG),3,General Pool
Innistrad Foil Redemption,MTGO Redemption,2011-10-30,Pre-2015,5-Color (WUBRG),3,General Pool
Innistrad: Midnight Hunt Foil Redemption,MTGO Redemption,2021-10-24,2020-Present,5-Color (WUBRG),3,General Pool
Innistrad: Midnight Hunt Redemption,MTGO Redemption,2021-10-24,2020-Present,5-Color (WUBRG),3,General Pool
Innistrad Redemption,MTGO Redemption,2011-10-30,Pre-2015,5-Color (WUBRG),3,General Pool
Insanity,Theme Deck,2002-02-08,Pre-2015,Golgari (BG),3,General Pool
Insatiable Hunger,Intro Pack,2014-02-07,Pre-2015,Gruul (RG),3,General Pool
Inspiration-Struck,Intro Pack,2014-02-07,Pre-2015,Dimir (UB),3,General Pool
Inspiring Heroics,Event Deck,2013-10-18,Pre-2015,Bant (GWU),3,General Pool
Intl. Collectors' Edition,Box Set,1993-12-10,Pre-2015,5-Color (WUBRG),0,MTGO/Digital (Pre-2015)
Into the Breach,Event Deck,2011-02-25,Pre-2015,Mono-Red,3,General Pool
Inundation,Theme Deck,2002-05-27,Pre-2015,Mono-White,3,General Pool
Invading Spawn,Intro Pack,2010-04-23,Pre-2015,Rakdos (BR),3,General Pool
Invasion Foil Redemption,MTGO Redemption,2000-11-01,Pre-2015,5-Color (WUBRG),3,General Pool
Invasion Redemption,MTGO Redemption,2000-11-01,Pre-2015,5-Color (WUBRG),3,General Pool
Invent Superiority,Commander Deck,2016-11-11,2015-2019,Artifice (WUBR),2,Commander/Brawl
Ivory Doom,Theme Deck,2002-10-07,Pre-2015,Orzhov (WB),3,General Pool
Ixalan Foil Redemption,MTGO Redemption,2017-10-29,2015-2019,5-Color (WUBRG),3,General Pool
Ixalan Redemption,MTGO Redemption,2017-10-29,2015-2019,5-Color (WUBRG),3,General Pool
Ixidor's Legacy,Theme Deck,2007-02-02,Pre-2015,Mono-Blue,3,General Pool
Izzet Gizmometry,Theme Deck,2006-02-03,Pre-2015,Izzet (UR),3,General Pool
Izzet Ingenuity,Intro Pack,2012-10-05,Pre-2015,Izzet (UR),3,General Pool
Izzet League,Arena Starter Deck,2019-05-03,2015-2019,Izzet (UR),3,General Pool
Izzet Phoenix,Pioneer Challenger Deck,2022-11-04,2020-Present,Izzet (UR),3,General Pool
Izzet Spellweaving,Arena Starter Deck,2018-03-22,2015-2019,Izzet (UR),3,General Pool
Izzet,Duel Deck,2012-09-07,Pre-2015,Izzet (UR),3,General Pool
Izzet,Guild Kit,2018-11-02,2015-2019,Izzet (UR),3,General Pool
"Jace, Arcane Strategist",Planeswalker Deck,2019-05-03,2015-2019,Simic (GU),3,General Pool
"Jace, Ingenious Mind Mage",Planeswalker Deck,2017-09-29,2015-2019,Simic (GU),3,General Pool
Jace Japanese,Duel Deck,2008-11-07,Pre-2015,Mono-Blue,3,General Pool
Jace,Duel Deck,2008-11-07,Pre-2015,Mono-Blue,3,General Pool
Jace,Duel Deck,2014-03-14,Pre-2015,Mono-Blue,3,General Pool
Jace,Duel Deck,2014-12-05,Pre-2015,Mono-Blue,3,General Pool
Jakub Šlemr - Mono-Black Control,World Championship Deck,1999-08-04,Pre-2015,Mono-Black,3,General Pool
Jakub Šlemr - Prismatic Black Aggro,World Championship Deck,1997-08-13,Pre-2015,Chaos (UBRG),3,General Pool
Janosch Kühn - Angry Non-Hermit,World Championship Deck,2000-08-02,Pre-2015,Gruul (RG),3,General Pool
Janosch Kühn - Red-White-Blue Speed Control,World Championship Deck,1997-08-13,Pre-2015,Jeskai (RWU),3,General Pool
Jan Tomcani - Dark Fires,World Championship Deck,2001-08-08,Pre-2015,5-Color (WUBRG),3,General Pool
Jeskai Monks,Intro Pack,2014-09-26,Pre-2015,Jeskai (RWU),3,General Pool
Jeskai Striker,Commander Deck,2025-04-11,2020-Present,Jeskai (RWU),2,Commander/Brawl
Jiang Yanggu,Planeswalker Deck,2018-06-22,2015-2019,Gruul (RG),3,General Pool
Jon Finkel - Mono-Blue Tinker,World Championship Deck,2000-08-02,Pre-2015,Mono-Blue,3,General Pool
Journey into Nyx Foil Redemption,MTGO Redemption,2014-06-01,Pre-2015,5-Color (WUBRG),3,General Pool
Journey into Nyx Redemption,MTGO Redemption,2014-06-01,Pre-2015,5-Color (WUBRG),3,General Pool
Judgment Foil Redemption,MTGO Redemption,2002-06-26,Pre-2015,5-Color (WUBRG),3,General Pool
Judgment Redemption,MTGO Redemption,2002-06-26,Pre-2015,5-Color (WUBRG),3,General Pool
Julien Nuijten - Green-White Astral Slide,World Championship Deck,2004-09-01,Pre-2015,Selesnya (GW),3,General Pool
Jump Scare!,Commander Deck,2024-09-27,2020-Present,Simic (GU),2,Commander/Brawl
Jund Appetite for War,Intro Pack,2009-02-06,Pre-2015,Jund (BRG),3,General Pool
Jungle Jam,MTGO Theme Deck,2006-12-05,Pre-2015,Naya (RGW),3,General Pool
Jungle Secrets,Arena Starter Deck,2018-09-27,2015-2019,Simic (GU),3,General Pool
Kai Budde - Red-Artifact Wildfire,World Championship Deck,1999-08-04,Pre-2015,Mono-Red,3,General Pool
Kaladesh Foil Redemption,MTGO Redemption,2016-10-30,2015-2019,5-Color (WUBRG),3,General Pool
Kaladesh Redemption,MTGO Redemption,2016-10-30,2015-2019,5-Color (WUBRG),3,General Pool
Kaldheim Foil Redemption,MTGO Redemption,2021-03-07,2020-Present,5-Color (WUBRG),3,General Pool
Kaldheim Redemption,MTGO Redemption,2021-03-07,2020-Present,5-Color (WUBRG),3,General Pool
Kamahl's Temper,Theme Deck,2007-07-13,Pre-2015,Mono-Red,3,General Pool
Kamigawa: Neon Dynasty Foil Redemption,MTGO Redemption,2022-03-20,2020-Present,5-Color (WUBRG),1,MTGO/Digital (Modern)
Kamigawa: Neon Dynasty Redemption,MTGO Redemption,2022-03-20,2020-Present,5-Color (WUBRG),1,MTGO/Digital (Modern)
Kami Reborn,Theme Deck,2004-10-01,Pre-2015,Golgari (BG),3,General Pool
Kazz's First Deck,Intro Pack,1996-12-31,Pre-2015,Grixis (UBR),3,General Pool
Kazz's First Deck,Intro Pack,1996-06-10,Pre-2015,Grixis (UBR),3,General Pool
Kazz's Second Deck,Intro Pack,1996-12-31,Pre-2015,Grixis (UBR),3,General Pool
Kazz's Second Deck,Intro Pack,1996-06-10,Pre-2015,Grixis (UBR),3,General Pool
Keep the Peace,Arena Starter Deck,2020-08-13,2020-Present,Mono-White,3,General Pool
Khans of Tarkir Foil Redemption,MTGO Redemption,2014-10-26,Pre-2015,5-Color (WUBRG),1,MTGO/Digital (Modern)
Khans of Tarkir Redemption,MTGO Redemption,2014-10-26,Pre-2015,5-Color (WUBRG),1,MTGO/Digital (Modern)
Kiora,Duel Deck,2015-02-27,2015-2019,Simic (GU),3,General Pool
Kiska-Ra,Shandalar Enemy Deck,1997-04-01,Pre-2015,Bant (GWU),3,General Pool
Kithkin Militia,Theme Deck,2007-10-12,Pre-2015,Mono-White,3,General Pool
Kjeldoran Cunning,Theme Deck,2006-07-21,Pre-2015,Azorius (WU),3,General Pool
Knights' Charge,Brawl Deck,2019-10-04,2015-2019,Mardu (WBR),2,Commander/Brawl
Knights,Duel Deck,2011-04-01,Pre-2015,Selesnya (GW),3,General Pool
Kor Armory,Intro Pack,2009-10-02,Pre-2015,Mono-White,3,General Pool
Koth,Duel Deck,2012-03-30,Pre-2015,Mono-Red,3,General Pool
Kzzy'n - The Dragon Lord,Shandalar Enemy Deck,1997-04-01,Pre-2015,Naya (RGW),3,General Pool
Landslide Charge,Event Deck,2015-03-27,2015-2019,Temur (URG),3,General Pool
Land's Wrath,Commander Deck,2020-09-25,2020-Present,Naya (RGW),2,Commander/Brawl
Large and in Charge,Arena Starter Deck,2020-08-13,2020-Present,Mono-Green,3,General Pool
Legends' Legacy,Commander Deck,2022-09-09,2020-Present,Mardu (WBR),2,Commander/Brawl
Legion Aloft,Intro Pack,2009-04-30,Pre-2015,Esper (WUB),3,General Pool
Legion of Dusk,Theme Deck,2017-11-24,2015-2019,Orzhov (WB),3,General Pool
Legion of Glory,MTGO Theme Deck,2006-04-10,Pre-2015,Mono-White,3,General Pool
Legions Foil Redemption,MTGO Redemption,2003-03-05,Pre-2015,5-Color (WUBRG),3,General Pool
Legions of Phyrexia,Arena Starter Deck,2023-06-20,2020-Present,Orzhov (WB),3,General Pool
Legions Redemption,MTGO Redemption,2003-03-05,Pre-2015,5-Color (WUBRG),3,General Pool
"Leon Lindback, Semifinalist",Pro Tour Deck,1996-05-01,Pre-2015,Mono-Black,3,General Pool
Levelers' Glory,Intro Pack,2010-04-23,Pre-2015,Azorius (WU),3,General Pool
Levelers Scorn,Intro Pack,2010-04-23,Pre-2015,Dimir (UB),3,General Pool
Life Boost,Theme Deck,2003-07-28,Pre-2015,Mono-White,3,General Pool
Life Drain,Theme Deck,2008-07-25,Pre-2015,Orzhov (WB),3,General Pool
Life for Death,Intro Pack,2011-05-13,Pre-2015,Boros (RW),3,General Pool
Lifeline,Arena Starter Deck,2021-09-24,2020-Present,Selesnya (GW),3,General Pool
Life Skills,Arena Starter Deck,2021-07-03,2020-Present,Orzhov (WB),3,General Pool
Liftoff,Theme Deck,2001-10-01,Pre-2015,Azorius (WU),3,General Pool
Lightforce,Intro Pack,2013-07-19,Pre-2015,Selesnya (GW),3,General Pool
Lightly Armored,Historic Brawl Precon Deck,2024-07-08,2020-Present,Selesnya (GW),2,Commander/Brawl
Lightning Aggro,Challenger Deck,2019-04-12,2015-2019,Mono-Red,3,General Pool
"Liliana, Death Mage",Planeswalker Deck,2020-07-03,2020-Present,Mono-Black,3,General Pool
"Liliana, Death Wielder",Planeswalker Deck,2017-04-28,2015-2019,Golgari (BG),3,General Pool
Liliana,Duel Deck,2009-10-30,Pre-2015,Mono-Black,3,General Pool
Liliana,Duel Deck,2014-12-05,Pre-2015,Mono-Black,3,General Pool
Liliana,Planeswalker Deck,2018-07-13,2015-2019,Mono-Black,3,General Pool
Limit Break Collector's Edition (FINAL FANTASY VII),Commander Deck,2025-06-13,2020-Present,Naya (RGW),2,Commander/Brawl
Limit Break (FINAL FANTASY VII),Commander Deck,2025-06-13,2020-Present,Naya (RGW),2,Commander/Brawl
Line of Fire,Arena Starter Deck,2021-07-03,2020-Present,Rakdos (BR),3,General Pool
Little Bashers,Theme Deck,2003-10-02,Pre-2015,Mono-White,3,General Pool
Living Energy,Commander Deck,2025-02-14,2020-Present,Temur (URG),2,Commander/Brawl
Lofty Heights,Theme Deck,2005-07-29,Pre-2015,Mono-Blue,3,General Pool
Lord of Fate,Shandalar Enemy Deck,1997-04-01,Pre-2015,Orzhov (WB),3,General Pool
Lorehold Legacies,Commander Deck,2021-04-23,2020-Present,Boros (RW),2,Commander/Brawl
Lorwyn Foil Redemption,MTGO Redemption,2007-11-11,Pre-2015,5-Color (WUBRG),3,General Pool
Lorwyn Redemption,MTGO Redemption,2007-11-11,Pre-2015,5-Color (WUBRG),3,General Pool
Lotus Field Combo,Pioneer Challenger Deck,2021-10-15,2020-Present,Sultai (GUB),3,General Pool
Maestros Massacre,Commander Deck,2022-04-29,2020-Present,Grixis (UBR),2,Commander/Brawl
Magic 2010 Foil Redemption,MTGO Redemption,2009-08-16,Pre-2015,5-Color (WUBRG),0,MTGO/Digital (Pre-2015)
Magic 2010 Redemption,MTGO Redemption,2009-08-16,Pre-2015,5-Color (WUBRG),0,MTGO/Digital (Pre-2015)
Magic 2011 Foil Redemption,MTGO Redemption,2010-08-15,Pre-2015,5-Color (WUBRG),0,MTGO/Digital (Pre-2015)
Magic 2011 Redemption,MTGO Redemption,2010-08-15,Pre-2015,5-Color (WUBRG),0,MTGO/Digital (Pre-2015)
Magic 2012 Foil Redemption,MTGO Redemption,2011-08-14,Pre-2015,5-Color (WUBRG),0,MTGO/Digital (Pre-2015)
Magic 2012 Redemption,MTGO Redemption,2011-08-14,Pre-2015,5-Color (WUBRG),0,MTGO/Digital (Pre-2015)
Magic 2013 Foil Redemption,MTGO Redemption,2012-08-12,Pre-2015,5-Color (WUBRG),0,MTGO/Digital (Pre-2015)
Magic 2013 Redemption,MTGO Redemption,2012-08-12,Pre-2015,5-Color (WUBRG),0,MTGO/Digital (Pre-2015)
Magic 2014 Foil Redemption,MTGO Redemption,2013-08-18,Pre-2015,5-Color (WUBRG),0,MTGO/Digital (Pre-2015)
Magic 2014 Redemption,MTGO Redemption,2013-08-18,Pre-2015,5-Color (WUBRG),0,MTGO/Digital (Pre-2015)
Magic 2015 Foil Redemption,MTGO Redemption,2014-08-17,Pre-2015,5-Color (WUBRG),3,General Pool
Magic 2015 Redemption,MTGO Redemption,2014-08-17,Pre-2015,5-Color (WUBRG),3,General Pool
Magic Origins Foil Redemption,MTGO Redemption,2015-08-16,2015-2019,5-Color (WUBRG),3,General Pool
Magic Origins Redemption,MTGO Redemption,2015-08-16,2015-2019,5-Color (WUBRG),3,General Pool
Mandurang,Shandalar Enemy Deck,1997-04-01,Pre-2015,Grixis (UBR),3,General Pool
Manipulative Monstrosities,Intro Pack,2013-09-27,Pre-2015,Izzet (UR),3,General Pool
Manuel Bevand - Myr Incubator Combo,World Championship Deck,2004-09-01,Pre-2015,5-Color (WUBRG),3,General Pool
March of the Machine Foil Redemption,MTGO Redemption,2023-05-17,2020-Present,5-Color (WUBRG),1,MTGO/Digital (Modern)
March of the Machine Redemption,MTGO Redemption,2023-05-17,2020-Present,5-Color (WUBRG),1,MTGO/Digital (Modern)
March of the Multitudes,Modern Event Deck,2014-05-30,Pre-2015,Orzhov (WB),3,General Pool
Mardu Raiders,Intro Pack,2014-09-26,Pre-2015,Mardu (WBR),3,General Pool
Mardu Surge,Commander Deck,2025-04-11,2020-Present,Mardu (WBR),2,Commander/Brawl
"Mark Justice, Quarterfinalist",Pro Tour Deck,1996-05-01,Pre-2015,Naya (RGW),3,General Pool
Mark Le Pine - Sped Red,World Championship Deck,1999-08-04,Pre-2015,Mono-Red,3,General Pool
Martial Law,Theme Deck,1998-06-24,Pre-2015,Mono-White,3,General Pool
Massed Ranks,Intro Pack,2015-03-27,2015-2019,Selesnya (GW),3,General Pool
Massive Menagerie,Arena Starter Deck,2021-07-03,2020-Present,Simic (GU),3,General Pool
Massive Might,Game Night Deck,2019-11-15,2015-2019,Mono-Green,3,General Pool
Master Blaster,Theme Deck,2004-02-06,Pre-2015,Mono-Red,3,General Pool
Masters of Evil,Commander Deck,2023-10-13,2020-Present,Grixis (UBR),2,Commander/Brawl
Matt Linde - Mono-Green Stompy,World Championship Deck,1999-08-04,Pre-2015,Mono-Green,3,General Pool
Max Attax,Theme Deck,2003-05-26,Pre-2015,Golgari (BG),3,General Pool
Mercenaries - Enhanced Deck,Enhanced Deck,2000-02-14,Pre-2015,Mono-Black,3,General Pool
Mercenaries,Theme Deck,2000-02-14,Pre-2015,Mono-Black,3,General Pool
Merciless Rage,Commander Deck,2019-08-23,2015-2019,Rakdos (BR),2,Commander/Brawl
Merfolk Shaman,Shandalar Enemy Deck,1997-04-01,Pre-2015,Mono-Blue,3,General Pool
Merfolk,Duel Deck,2017-11-10,2015-2019,Simic (GU),3,General Pool
Merrow Riverways,Theme Deck,2007-10-12,Pre-2015,Azorius (WU),3,General Pool
Metalcraft,Intro Pack,2010-10-01,Pre-2015,Izzet (UR),3,General Pool
Metallic Dreams,Planechase Deck,2009-09-04,Pre-2015,5-Color (WUBRG),3,General Pool
"Michael Loconto, Champion",Pro Tour Deck,1996-05-01,Pre-2015,Esper (WUB),3,General Pool
Might,Duel Deck,2017-03-31,2015-2019,Gruul (RG),3,General Pool
Migraine - Advanced Deck,Advanced Deck,1998-03-02,Pre-2015,Mono-Black,3,General Pool
Migraine,Theme Deck,1998-03-02,Pre-2015,Mono-Black,3,General Pool
Mind Flayarrrs,Commander Deck,2022-06-10,2020-Present,Dimir (UB),2,Commander/Brawl
Mind of the Void,Theme Deck,2011-01-01,Pre-2015,Azorius (WU),3,General Pool
Mind Seize,Commander Deck,2013-11-01,Pre-2015,Grixis (UBR),2,Commander/Brawl
Mind Stealer,Shandalar Enemy Deck,1997-04-01,Pre-2015,Dimir (UB),3,General Pool
Mind Swarm,Theme Deck,2004-02-06,Pre-2015,Mono-Black,3,General Pool
Mind,Duel Deck,2017-03-31,2015-2019,Izzet (UR),3,General Pool
Miracle Worker,Commander Deck,2024-09-27,2020-Present,Esper (WUB),2,Commander/Brawl
Mirrodin Besieged Foil Redemption,MTGO Redemption,2011-03-06,Pre-2015,5-Color (WUBRG),3,General Pool
Mirrodin Besieged Redemption,MTGO Redemption,2011-03-06,Pre-2015,5-Color (WUBRG),3,General Pool
Mirrodin Foil Redemption,MTGO Redemption,2003-11-01,Pre-2015,5-Color (WUBRG),3,General Pool
Mirrodin Pure,MTGO Duel Deck,2013-01-11,Pre-2015,Azorius (WU),3,General Pool
Mirrodin Redemption,MTGO Redemption,2003-11-01,Pre-2015,5-Color (WUBRG),3,General Pool
Mirromancy,Intro Pack,2011-02-04,Pre-2015,Izzet (UR),3,General Pool
Mirror Mastery,Commander Deck,2011-06-17,Pre-2015,Temur (URG),2,Commander/Brawl
Mishra's Burnished Banner,Commander Deck,2022-11-18,2020-Present,Grixis (UBR),2,Commander/Brawl
Mob Rule,Intro Pack,2012-07-13,Pre-2015,Gruul (RG),3,General Pool
Molimo's Might,Theme Deck,2007-07-13,Pre-2015,Mono-Green,3,General Pool
Mono Black Amazon,Arena Starter Kit,2020-07-03,2020-Present,Mono-Black,3,General Pool
Mono Black,Arena Starter Kit,2020-07-03,2020-Present,Mono-Black,3,General Pool
Mono Green Amazon,Arena Starter Kit,2020-07-03,2020-Present,Mono-Green,3,General Pool
Mono-Green Stompy,Challenger Deck,2021-04-02,2020-Present,Mono-Green,3,General Pool
Mono Green,Arena Starter Kit,2020-07-03,2020-Present,Mono-Green,3,General Pool
Mono-Red Aggro,Challenger Deck,2021-04-02,2020-Present,Mono-Red,3,General Pool
Mono-Red Burn,Pioneer Challenger Deck,2021-10-15,2020-Present,Mono-Red,3,General Pool
Mono White Aggro,Challenger Deck,2022-04-01,2020-Present,Mono-White,3,General Pool
Monsters,Duel Deck,2013-09-06,Pre-2015,Gruul (RG),3,General Pool
Monstrous Surprise,Intro Pack,2012-02-03,Pre-2015,Gruul (RG),3,General Pool
Mordor: Black-Red,Starter Kit,2023-06-23,2020-Present,Rakdos (BR),3,General Pool
Morningtide Foil Redemption,MTGO Redemption,2008-03-02,Pre-2015,5-Color (WUBRG),3,General Pool
Morningtide Redemption,MTGO Redemption,2008-03-02,Pre-2015,5-Color (WUBRG),3,General Pool
Morph Mayhem,Theme Deck,2003-02-03,Pre-2015,Azorius (WU),3,General Pool
Mortal Coil,Theme Deck,2008-05-02,Pre-2015,Dimir (UB),3,General Pool
Mortals of Myth,Intro Pack,2014-05-02,Pre-2015,Selesnya (GW),3,General Pool
Most Wanted,Commander Deck,2024-04-19,2020-Present,Mardu (WBR),2,Commander/Brawl
Murders at Karlov Manor Foil Redemption,MTGO Redemption,2024-03-06,2020-Present,5-Color (WUBRG),3,General Pool
Murders at Karlov Manor Redemption,MTGO Redemption,2024-03-06,2020-Present,5-Color (WUBRG),3,General Pool
Mutant Menace,Commander Deck,2024-03-08,2020-Present,Sultai (GUB),2,Commander/Brawl
Mutation Station,Arena Starter Deck,2021-07-03,2020-Present,Dimir (UB),3,General Pool
"Mu Yanling, Celestial Wind",Planeswalker Deck,2019-07-29,2015-2019,Mono-Blue,3,General Pool
Mu Yanling,Planeswalker Deck,2018-06-22,2015-2019,Azorius (WU),3,General Pool
Myr of Mirrodin,Intro Pack,2010-10-01,Pre-2015,Mono-White,3,General Pool
Mysterious Realms,Intro Pack,2010-02-05,Pre-2015,Simic (GU),3,General Pool
Mystical Might,Intro Pack,2011-07-15,Pre-2015,Azorius (WU),3,General Pool
Mystic Intellect,Commander Deck,2019-08-23,2015-2019,Jeskai (RWU),2,Commander/Brawl
Nature of the Beast,Commander Deck,2013-11-01,Pre-2015,Naya (RGW),2,Commander/Brawl
Nature's Assault,Theme Deck,1998-06-24,Pre-2015,Mono-Green,3,General Pool
Nature's Fury,Intro Pack,2009-07-17,Pre-2015,Selesnya (GW),3,General Pool
Nature's Vengeance,Commander Deck,2018-08-10,2015-2019,Jund (BRG),2,Commander/Brawl
Naya Behemoths,Intro Pack,2008-10-03,Pre-2015,Naya (RGW),3,General Pool
Naya Domain,Intro Pack,2009-02-06,Pre-2015,5-Color (WUBRG),3,General Pool
Necromancer,Shandalar Enemy Deck,1997-04-01,Pre-2015,Mono-Black,3,General Pool
Necron Dynasties Collector's Edition,Commander Deck,2022-10-07,2020-Present,Mono-Black,2,Commander/Brawl
Necron Dynasties,Commander Deck,2022-10-07,2020-Present,Mono-Black,2,Commander/Brawl
Nether Fiend,Shandalar Enemy Deck,1997-04-01,Pre-2015,Mono-Black,3,General Pool
New Phyrexia Foil Redemption,MTGO Redemption,2011-06-12,Pre-2015,5-Color (WUBRG),3,General Pool
New Phyrexia Redemption,MTGO Redemption,2011-06-12,Pre-2015,5-Color (WUBRG),3,General Pool
New Phyrexia,MTGO Duel Deck,2013-01-11,Pre-2015,Golgari (BG),3,General Pool
Nicolas Labarre - Chimera,World Championship Deck,2000-08-02,Pre-2015,Growth (GWUB),3,General Pool
"Nicol Bolas, the Deceiver",Planeswalker Deck,2017-07-14,2015-2019,Grixis (UBR),3,General Pool
Nicol Bolas,Duel Deck,2011-09-02,Pre-2015,Grixis (UBR),3,General Pool
Night Of The Ninja,Planechase Deck,2012-06-01,Pre-2015,Dimir (UB),3,General Pool
Night Of The Ninja,Planechase Deck,2016-11-25,2015-2019,Dimir (UB),3,General Pool
Night Terrors,MTGO Theme Deck,2006-12-05,Pre-2015,Mono-Black,3,General Pool
Ninjas,Theme Deck,2005-08-01,Pre-2015,Artifice (WUBR),3,General Pool
Ninjutsu,Theme Deck,2005-02-04,Pre-2015,Mono-Blue,3,General Pool
Ninth Edition Foil Redemption,MTGO Redemption,2005-08-28,Pre-2015,5-Color (WUBRG),0,MTGO/Digital (Pre-2015)
Ninth Edition Redemption,MTGO Redemption,2005-08-28,Pre-2015,5-Color (WUBRG),0,MTGO/Digital (Pre-2015)
"Nissa, Genesis Mage",Planeswalker Deck,2017-07-14,2015-2019,Simic (GU),3,General Pool
"Nissa, Nature's Artisan",Planeswalker Deck,2016-09-30,2015-2019,Simic (GU),3,General Pool
Nissa,Duel Deck,2016-09-02,2015-2019,Mono-Green,3,General Pool
Nissa,Archenemy Deck,2017-06-16,2015-2019,Simic (GU),3,General Pool
Nuts and Bolts,Theme Deck,2004-06-04,Pre-2015,Azorius (WU),3,General Pool
Oath of the Gatewatch Foil Redemption,MTGO Redemption,2016-02-21,2015-2019,5-Color (WUBRG),3,General Pool
Oath of the Gatewatch Redemption,MTGO Redemption,2016-02-21,2015-2019,5-Color (WUBRG),3,General Pool
Ob Nixilis,Duel Deck,2016-09-02,2015-2019,Mono-Black,3,General Pool
Obscura Operation,Commander Deck,2022-04-29,2020-Present,Esper (WUB),2,Commander/Brawl
Odyssey Foil Redemption,MTGO Redemption,2001-10-31,Pre-2015,5-Color (WUBRG),3,General Pool
Odyssey Redemption,MTGO Redemption,2001-10-31,Pre-2015,5-Color (WUBRG),3,General Pool
"Oko, the Trickster",Planeswalker Deck,2019-10-04,2015-2019,Simic (GU),3,General Pool
One-Two Punch,Theme Deck,2001-10-01,Pre-2015,Gruul (RG),3,General Pool
Onslaught Foil Redemption,MTGO Redemption,2002-11-06,Pre-2015,5-Color (WUBRG),3,General Pool
Onslaught Redemption,MTGO Redemption,2002-11-06,Pre-2015,5-Color (WUBRG),3,General Pool
On the Hunt,Arena Starter Deck,2022-09-09,2020-Present,Gruul (RG),3,General Pool
Open Hostility,Commander Deck,2016-11-11,2015-2019,Aggression (BRGW),2,Commander/Brawl
Orc Attack,MTGO Theme Deck,2008-09-22,Pre-2015,Mono-Red,3,General Pool
Orzhov Auras,Pioneer Challenger Deck,2021-10-15,2020-Present,Orzhov (WB),3,General Pool
Orzhov Humans,Pioneer Challenger Deck,2022-11-04,2020-Present,Orzhov (WB),3,General Pool
Orzhov Oppression,Intro Pack,2013-02-01,Pre-2015,Orzhov (WB),3,General Pool
Orzhov Power,Intro Pack,2013-05-03,Pre-2015,Orzhov (WB),3,General Pool
Orzhov Syndicate,Arena Starter Deck,2019-05-03,2015-2019,Orzhov (WB),3,General Pool
Orzhov,Guild Kit,2019-02-15,2015-2019,Orzhov (WB),3,General Pool
Otter Limits,Starter Kit,2024-08-02,2020-Present,Izzet (UR),3,General Pool
Out for Blood 2,Arena Starter Deck,2020-03-12,2020-Present,Mono-Black,3,General Pool
Out for Blood,Arena Starter Deck,2019-09-26,2015-2019,Mono-Black,3,General Pool
Outlaw Posse,Arena Starter Deck,2024-07-08,2020-Present,Rakdos (BR),3,General Pool
Outlaws of Thunder Junction Foil Redemption,MTGO Redemption,2024-05-15,2020-Present,5-Color (WUBRG),3,General Pool
Outlaws of Thunder Junction Redemption,MTGO Redemption,2024-05-15,2020-Present,5-Color (WUBRG),3,General Pool
Overkill,Theme Deck,2008-05-02,Pre-2015,Gruul (RG),3,General Pool
Painbow,Commander Deck,2022-09-09,2020-Present,5-Color (WUBRG),2,Commander/Brawl
Painflow,Theme Deck,2002-05-27,Pre-2015,Mono-Green,3,General Pool
Paladin,Shandalar Enemy Deck,1997-04-01,Pre-2015,Azorius (WU),3,General Pool
Pandemonium,Theme Deck,2001-06-04,Pre-2015,5-Color (WUBRG),3,General Pool
Pantheon's Power,Intro Pack,2014-05-02,Pre-2015,Orzhov (WB),3,General Pool
Paradox Power,Commander Deck,2023-10-13,2020-Present,Temur (URG),2,Commander/Brawl
Party Time,Commander Deck,2022-06-10,2020-Present,Orzhov (WB),2,Commander/Brawl
Path of Blight,Intro Pack,2011-02-04,Pre-2015,Selesnya (GW),3,General Pool
Path to Victory,Intro Pack,2012-07-13,Pre-2015,Azorius (WU),3,General Pool
Paul McCabe - Red-Blue Aggro Control,World Championship Deck,1997-08-13,Pre-2015,Izzet (UR),3,General Pool
Peace Offering,Commander Deck,2024-08-02,2020-Present,Bant (GWU),2,Commander/Brawl
Peer Kröger - Reanimator,World Championship Deck,2003-08-06,Pre-2015,5-Color (WUBRG),3,General Pool
Peer Through Time,Commander Deck,2014-11-07,Pre-2015,Mono-Blue,3,General Pool
Phantom Premonition,Commander Deck,2021-02-05,2020-Present,Azorius (WU),2,Commander/Brawl
Phyrexia: All Will Be One Foil Redemption,MTGO Redemption,2023-03-08,2020-Present,5-Color (WUBRG),3,General Pool
Phyrexia: All Will Be One Redemption,MTGO Redemption,2023-03-08,2020-Present,5-Color (WUBRG),3,General Pool
Phyrexian Assault - Enhanced Deck,Enhanced Deck,1999-02-15,Pre-2015,Rakdos (BR),3,General Pool
Phyrexian Assault,Theme Deck,1999-02-15,Pre-2015,Rakdos (BR),3,General Pool
Phyrexian Poison,Intro Pack,2010-10-01,Pre-2015,Golgari (BG),3,General Pool
Phyrexia,Duel Deck,2010-03-19,Pre-2015,Mono-Black,3,General Pool
Pirates,Theme Deck,2026-01-23,2020-Present,Izzet (UR),3,General Pool
Planar Chaos Foil Redemption,MTGO Redemption,2007-03-04,Pre-2015,5-Color (WUBRG),3,General Pool
Planar Chaos Redemption,MTGO Redemption,2007-03-04,Pre-2015,5-Color (WUBRG),3,General Pool
Planar Portal,Commander Deck,2021-07-23,2020-Present,Rakdos (BR),2,Commander/Brawl
Planechase Anthology Planes,Box Set,2016-11-25,2015-2019,5-Color (WUBRG),3,General Pool
Planeshift Foil Redemption,MTGO Redemption,2001-03-07,Pre-2015,5-Color (WUBRG),3,General Pool
Planeshift Redemption,MTGO Redemption,2001-03-07,Pre-2015,5-Color (WUBRG),3,General Pool
Planeswalker Party,Commander Deck,2023-08-04,2020-Present,Jeskai (RWU),2,Commander/Brawl
Player A's deck,Starter Deck,2000-04-24,Pre-2015,Jund (BRG),3,General Pool
Player B's deck,Starter Deck,2000-04-24,Pre-2015,Azorius (WU),3,General Pool
Plunder the Graves,Commander Deck,2015-11-13,2015-2019,Golgari (BG),2,Commander/Brawl
Plunder the Graves,Commander Deck,2017-06-09,2015-2019,Golgari (BG),2,Commander/Brawl
Political Puppets,Commander Deck,2011-06-17,Pre-2015,Jeskai (RWU),2,Commander/Brawl
Political Trickery,Game Night Deck,2022-10-14,2020-Present,Mono-Blue,3,General Pool
Power and Profit,Clash Pack,2015-01-23,2015-2019,Sultai (GUB),3,General Pool
Power Hungry,Commander Deck,2013-11-01,Pre-2015,Jund (BRG),2,Commander/Brawl
Power of Prophecy,Intro Pack,2010-07-16,Pre-2015,Azorius (WU),3,General Pool
Power to the People,Arena Starter Deck,2024-07-08,2020-Present,Orzhov (WB),3,General Pool
Power,Clash Pack,2015-01-23,2015-2019,Sultai (GUB),3,General Pool
Preconstructed deck 1,Starter Deck,1998-06-24,Pre-2015,Jund (BRG),3,General Pool
Preconstructed deck 1,Starter Deck,1997-05-01,Pre-2015,Naya (RGW),3,General Pool
Preconstructed deck 1,Starter Deck,1999-05-01,Pre-2015,Jund (BRG),3,General Pool
Preconstructed deck 1,Starter Deck,1999-07-12,Pre-2015,Jund (BRG),3,General Pool
Preconstructed deck 2,Starter Deck,1998-06-24,Pre-2015,Bant (GWU),3,General Pool
Preconstructed deck 2,Starter Deck,1997-05-01,Pre-2015,Sultai (GUB),3,General Pool
Preconstructed deck 2,Starter Deck,1999-05-01,Pre-2015,Bant (GWU),3,General Pool
Preconstructed deck 2,Starter Deck,1999-07-12,Pre-2015,Azorius (WU),3,General Pool
Presence of Mind,Intro Pack,2009-07-17,Pre-2015,Dimir (UB),3,General Pool
Pressure Cooker,Theme Deck,2001-10-01,Pre-2015,Rakdos (BR),3,General Pool
"Preston Poulter, Semifinalist",Pro Tour Deck,1996-05-01,Pre-2015,Selesnya (GW),3,General Pool
Price Of Glory,Intro Pack,2014-07-18,Pre-2015,Orzhov (WB),3,General Pool
Priestess,Shandalar Enemy Deck,1997-04-01,Pre-2015,Mono-White,3,General Pool
Primal Fury,Arena Starter Deck,2018-09-27,2015-2019,Gruul (RG),3,General Pool
Primal Genesis,Commander Deck,2019-08-23,2015-2019,Naya (RGW),2,Commander/Brawl
Primordial Hunger,Planechase Deck,2012-06-01,Pre-2015,Gruul (RG),3,General Pool
Primordial Hunger,Planechase Deck,2016-11-25,2015-2019,Gruul (RG),3,General Pool
Primordial Jund,Intro Pack,2008-10-03,Pre-2015,Jund (BRG),3,General Pool
Prismari Performance,Commander Deck,2021-04-23,2020-Present,Izzet (UR),2,Commander/Brawl
Prismat,Shandalar Enemy Deck,1997-04-01,Pre-2015,Naya (RGW),3,General Pool
Profit,Clash Pack,2015-01-23,2015-2019,Golgari (BG),3,General Pool
Psychic Labyrinth,Intro Pack,2013-07-19,Pre-2015,Azorius (WU),3,General Pool
Pulverize,Theme Deck,2003-05-26,Pre-2015,Izzet (UR),3,General Pool
Pummel,Theme Deck,2000-06-05,Pre-2015,Mono-Green,3,General Pool
Pumped Up,Intro Pack,2009-10-02,Pre-2015,Izzet (UR),3,General Pool
Quantum Quandrix,Commander Deck,2021-04-23,2020-Present,Simic (GU),2,Commander/Brawl
Queltosh,Shandalar Enemy Deck,1997-04-01,Pre-2015,Jeskai (RWU),3,General Pool
Quick Draw,Commander Deck,2024-04-19,2020-Present,Izzet (UR),2,Commander/Brawl
Radiant's Revenge - Enhanced Deck,Enhanced Deck,1999-02-15,Pre-2015,Azorius (WU),3,General Pool
Radiant's Revenge,Theme Deck,1999-02-15,Pre-2015,Azorius (WU),3,General Pool
Raining Cats and Dogs,Commander Deck,2024-01-22,2020-Present,Naya (RGW),2,Commander/Brawl
Rakdos Bloodsport,Theme Deck,2006-05-05,Pre-2015,Rakdos (BR),3,General Pool
Rakdos Raid,Intro Pack,2012-10-05,Pre-2015,Rakdos (BR),3,General Pool
Rakdos Revelry,Intro Pack,2013-05-03,Pre-2015,Rakdos (BR),3,General Pool
Rakdos Vampires,Challenger Deck,2022-04-01,2020-Present,Rakdos (BR),3,General Pool
Rakdos,Guild Kit,2019-02-15,2015-2019,Rakdos (BR),3,General Pool
"Ral, Caller of Storms",Planeswalker Deck,2018-10-05,2015-2019,Izzet (UR),3,General Pool
Rally and Rout,Event Deck,2013-02-22,Pre-2015,Boros (RW),3,General Pool
Rallying Cry,Intro Pack,2015-10-02,2015-2019,Boros (RW),3,General Pool
"Randy Buehler - Draw, Go",World Championship Deck,1998-08-12,Pre-2015,Mono-Blue,3,General Pool
Raphael Levy - Le Wonder Goose,World Championship Deck,2002-08-14,Pre-2015,Simic (GU),3,General Pool
Rapid Fire,Intro Pack,2010-02-05,Pre-2015,Boros (RW),3,General Pool
Rats' Nest,Theme Deck,2005-02-04,Pre-2015,Mono-Black,3,General Pool
Ravaging Swarm,Intro Pack,2011-05-13,Pre-2015,Simic (GU),3,General Pool
Ravenous Rats,Theme Deck,2005-08-01,Pre-2015,Mono-Black,3,General Pool
Ravnica Allegiance Foil Redemption,MTGO Redemption,2019-02-24,2015-2019,5-Color (WUBRG),3,General Pool
Ravnica Allegiance Redemption,MTGO Redemption,2019-02-24,2015-2019,5-Color (WUBRG),3,General Pool
Ravnica: City of Guilds Foil Redemption,MTGO Redemption,2005-11-06,Pre-2015,5-Color (WUBRG),3,General Pool
Ravnica: City of Guilds Redemption,MTGO Redemption,2005-11-06,Pre-2015,5-Color (WUBRG),3,General Pool
Reality Fracture,Theme Deck,2006-10-06,Pre-2015,Grixis (UBR),3,General Pool
Reap the Tides,Commander Deck,2020-11-20,2020-Present,Simic (GU),2,Commander/Brawl
Rebel Armory,Arena Starter Deck,2023-06-20,2020-Present,Boros (RW),3,General Pool
Rebellion Rising,Commander Deck,2023-02-10,2020-Present,Boros (RW),2,Commander/Brawl
Rebel's Call - Enhanced Deck,Enhanced Deck,1999-10-04,Pre-2015,Boros (RW),3,General Pool
Rebel's Call,Theme Deck,1999-10-04,Pre-2015,Mono-White,3,General Pool
Rebels Unite,Theme Deck,2007-05-04,Pre-2015,Orzhov (WB),3,General Pool
Red Deck A,Sample Deck,2008-05-02,Pre-2015,Mono-Red,3,General Pool
Red Deck A,Sample Deck,2010-07-16,Pre-2015,Mono-Red,3,General Pool
Red Deck A,Sample Deck,2011-07-15,Pre-2015,Mono-Red,3,General Pool
Red Deck B,Sample Deck,2008-05-02,Pre-2015,Mono-Red,3,General Pool
Red Deck B,Sample Deck,2010-07-16,Pre-2015,Mono-Red,3,General Pool
Red Deck B,Sample Deck,2011-07-15,Pre-2015,Mono-Red,3,General Pool
Red Deck,Welcome Deck,2024-09-30,2020-Present,Mono-Red,3,General Pool
Red Deck,Sample Deck,2014-07-19,Pre-2015,Mono-Red,3,General Pool
Red Deck,Welcome Deck,2018-07-13,2015-2019,Mono-Red,3,General Pool
Red Deck,Welcome Deck,2019-07-12,2015-2019,Mono-Red,3,General Pool
Red Deck,Sample Deck,2015-07-17,2015-2019,Mono-Red,3,General Pool
Red Deck,Welcome Deck,2025-09-26,2020-Present,Mono-Red,3,General Pool
Red Deck,Welcome Deck,2016-04-08,2015-2019,Mono-Red,3,General Pool
Red Sample Deck,Sample Deck,2012-07-13,Pre-2015,Mono-Red,3,General Pool
Red Sample Deck,Sample Deck,2014-07-18,Pre-2015,Mono-Red,3,General Pool
Red-White Deck,Spellslinger Starter Kit,2018-10-05,2015-2019,Boros (RW),3,General Pool
Red-White,Starter Kit,2025-06-13,2020-Present,Boros (RW),3,General Pool
Red,Game Night Deck,2018-11-16,2015-2019,Mono-Red,3,General Pool
Red,Halfdeck,2020-02-28,2020-Present,Boros (RW),3,General Pool
Reign of Vampirism,Intro Pack,2010-07-16,Pre-2015,Golgari (BG),3,General Pool
Relentless Dead,Intro Pack,2012-02-03,Pre-2015,Dimir (UB),3,General Pool
Relentless Rush,Intro Pack,2015-03-27,2015-2019,Rakdos (BR),3,General Pool
Relic Breaker,Intro Pack,2010-10-01,Pre-2015,Gruul (RG),3,General Pool
Relics of Doom,Theme Deck,2011-01-01,Pre-2015,Dimir (UB),3,General Pool
Repeat Performance,Event Deck,2012-08-03,Pre-2015,Selesnya (GW),3,General Pool
Repel the Dark,Intro Pack,2011-09-30,Pre-2015,Selesnya (GW),3,General Pool
Replicator - Enhanced Deck,Enhanced Deck,2000-02-14,Pre-2015,Gruul (RG),3,General Pool
Replicator,Theme Deck,2000-02-14,Pre-2015,Golgari (BG),3,General Pool
Return to Ravnica Foil Redemption,MTGO Redemption,2012-11-04,Pre-2015,5-Color (WUBRG),3,General Pool
Return to Ravnica Redemption,MTGO Redemption,2012-11-04,Pre-2015,5-Color (WUBRG),3,General Pool
Revenant Recon,Commander Deck,2024-02-09,2020-Present,Dimir (UB),2,Commander/Brawl
Revival Trance Collector's Edition (FINAL FANTASY VI),Commander Deck,2025-06-13,2020-Present,Mardu (WBR),2,Commander/Brawl
Revival Trance (FINAL FANTASY VI),Commander Deck,2025-06-13,2020-Present,Mardu (WBR),2,Commander/Brawl
Ride Like the Wind,MTGO Theme Deck,2006-12-05,Pre-2015,Boros (RW),3,General Pool
Riders of Rohan,Commander Deck,2023-06-23,2020-Present,Jeskai (RWU),2,Commander/Brawl
Rise of the Eldrazi Foil Redemption,MTGO Redemption,2010-05-23,Pre-2015,5-Color (WUBRG),3,General Pool
Rise of the Eldrazi Redemption,MTGO Redemption,2010-05-23,Pre-2015,5-Color (WUBRG),3,General Pool
Rise of the Vampires,Intro Pack,2009-10-02,Pre-2015,Mono-Black,3,General Pool
Rituals of Rebirth,Theme Deck,2007-02-02,Pre-2015,Abzan (BGW),3,General Pool
Rivals of Ixalan Foil Redemption,MTGO Redemption,2018-02-18,2015-2019,5-Color (WUBRG),3,General Pool
Rivals of Ixalan Redemption,MTGO Redemption,2018-02-18,2015-2019,5-Color (WUBRG),3,General Pool
River Heralds,Theme Deck,2017-11-24,2015-2019,Simic (GU),3,General Pool
Riveteers Rampage,Commander Deck,2022-04-29,2020-Present,Jund (BRG),2,Commander/Brawl
Rot from Within,Event Deck,2011-06-10,Pre-2015,Mono-Green,3,General Pool
Rough and Tumble Amazon,Arena Starter Kit,2021-08-06,2020-Present,Golgari (BG),3,General Pool
Rough and Tumble,Arena Starter Kit,2021-08-06,2020-Present,Golgari (BG),3,General Pool
"Rowan, Fearless Sparkmage",Planeswalker Deck,2019-10-04,2015-2019,Boros (RW),3,General Pool
Rumbler,Intro Pack,2009-04-30,Pre-2015,Gruul (RG),3,General Pool
Rush of the Wild,Event Deck,2013-08-09,Pre-2015,Aggression (BRGW),3,General Pool
Ruthless Regiment,Commander Deck,2020-04-17,2020-Present,Mardu (WBR),2,Commander/Brawl
Sacred Assault,Intro Pack,2011-07-15,Pre-2015,Selesnya (GW),3,General Pool
Sacrificial Bam,Theme Deck,2003-10-02,Pre-2015,Rakdos (BR),3,General Pool
Sacrilege,Theme Deck,2002-02-08,Pre-2015,Orzhov (WB),3,General Pool
Saddle Up,Arena Starter Deck,2024-07-08,2020-Present,Selesnya (GW),3,General Pool
Sainted One,Shandalar Enemy Deck,1997-04-01,Pre-2015,Mono-White,3,General Pool
Saltrem Tor,Shandalar Enemy Deck,1997-04-01,Pre-2015,Temur (URG),3,General Pool
Saproling Swarm,Arena Starter Deck,2018-09-27,2015-2019,Golgari (BG),3,General Pool
Sarkhan,Planeswalker Deck,2018-07-13,2015-2019,Mono-Red,3,General Pool
Savage Auras,Planechase Deck,2012-06-01,Pre-2015,Selesnya (GW),3,General Pool
Savage Auras,Planechase Deck,2016-11-25,2015-2019,Selesnya (GW),3,General Pool
Savage Hunter,Brawl Deck,2019-10-04,2015-2019,Jund (BRG),3,General Pool
Savage Lands,Arena Starter Deck,2021-09-24,2020-Present,Gruul (RG),3,General Pool
Savage Salvagers,Arena Starter Deck,2023-06-20,2020-Present,Golgari (BG),3,General Pool
Savage Stompdown,MTGO Theme Deck,2006-04-10,Pre-2015,Naya (RGW),3,General Pool
Saviors of Kamigawa Foil Redemption,MTGO Redemption,2005-07-03,Pre-2015,5-Color (WUBRG),3,General Pool
Saviors of Kamigawa Redemption,MTGO Redemption,2005-07-03,Pre-2015,5-Color (WUBRG),3,General Pool
Scales of Fury,Theme Deck,2011-01-01,Pre-2015,Jund (BRG),3,General Pool
Scars of Mirrodin Foil Redemption,MTGO Redemption,2010-10-31,Pre-2015,5-Color (WUBRG),3,General Pool
Scars of Mirrodin Redemption,MTGO Redemption,2010-10-31,Pre-2015,5-Color (WUBRG),3,General Pool
Science!,Commander Deck,2024-03-08,2020-Present,Jeskai (RWU),2,Commander/Brawl
Scions & Spellcraft Collector's Edition (FINAL FANTASY XIV),Commander Deck,2025-06-13,2020-Present,Esper (WUB),2,Commander/Brawl
Scions & Spellcraft (FINAL FANTASY XIV),Commander Deck,2025-06-13,2020-Present,Esper (WUB),2,Commander/Brawl
Scorch The World With Dragonfire,Archenemy Deck,2010-06-18,Pre-2015,Gruul (RG),3,General Pool
Scourge Foil Redemption,MTGO Redemption,2003-06-25,Pre-2015,5-Color (WUBRG),3,General Pool
Scourge Redemption,MTGO Redemption,2003-06-25,Pre-2015,5-Color (WUBRG),3,General Pool
Scout,Theme Deck,2001-02-05,Pre-2015,5-Color (WUBRG),3,General Pool
Scrappy Survivors,Commander Deck,2024-03-08,2020-Present,Naya (RGW),2,Commander/Brawl
Scrapyard Sacrifice,Arena Starter Deck,2023-06-20,2020-Present,Rakdos (BR),3,General Pool
Sea Drake,Shandalar Enemy Deck,1997-04-01,Pre-2015,Mono-Blue,3,General Pool
Second Chance,Arena Starter Deck,2024-07-08,2020-Present,Izzet (UR),3,General Pool
Second Sun Control,Challenger Deck,2018-04-06,2015-2019,Azorius (WU),3,General Pool
Sedge Beast,Shandalar Enemy Deck,1997-04-01,Pre-2015,Rakdos (BR),3,General Pool
Seer,Shandalar Enemy Deck,1997-04-01,Pre-2015,Mono-Blue,3,General Pool
Seize Control,Commander Deck,2015-11-13,2015-2019,Izzet (UR),2,Commander/Brawl
Selesnya Conclave,Arena Starter Deck,2019-05-03,2015-2019,Selesnya (GW),3,General Pool
Selesnya Pride,Arena Starter Deck,2018-03-22,2015-2019,Selesnya (GW),3,General Pool
Selesnya Surge,Intro Pack,2012-10-05,Pre-2015,Selesnya (GW),3,General Pool
Selesnya United,Theme Deck,2005-10-07,Pre-2015,Selesnya (GW),3,General Pool
Selesnya,Guild Kit,2018-11-02,2015-2019,Selesnya (GW),3,General Pool
Seventh Edition Foil Redemption,MTGO Redemption,2001-05-11,Pre-2015,5-Color (WUBRG),0,MTGO/Digital (Pre-2015)
Seventh Edition Redemption,MTGO Redemption,2001-05-11,Pre-2015,5-Color (WUBRG),0,MTGO/Digital (Pre-2015)
Shadowmoor Foil Redemption,MTGO Redemption,2008-06-01,Pre-2015,5-Color (WUBRG),3,General Pool
Shadowmoor Redemption,MTGO Redemption,2008-06-01,Pre-2015,5-Color (WUBRG),3,General Pool
Shadows over Innistrad Foil Redemption,MTGO Redemption,2016-05-08,2015-2019,5-Color (WUBRG),3,General Pool
Shadows over Innistrad Redemption,MTGO Redemption,2016-05-08,2015-2019,5-Color (WUBRG),3,General Pool
Shallow Graves,Intro Pack,2016-07-22,2015-2019,Dimir (UB),3,General Pool
Shamanism,Theme Deck,2008-02-01,Pre-2015,Abzan (BGW),3,General Pool
Shapeshifter,Shandalar Enemy Deck,1997-04-01,Pre-2015,Mono-Blue,3,General Pool
Shards of Alara Foil Redemption,MTGO Redemption,2008-11-02,Pre-2015,5-Color (WUBRG),3,General Pool
Shards of Alara Redemption,MTGO Redemption,2008-11-02,Pre-2015,5-Color (WUBRG),3,General Pool
"Shawn Hammer Regnier, Quarterfinalist",Pro Tour Deck,1996-05-01,Pre-2015,Azorius (WU),3,General Pool
Shu Kingdom,Theme Deck,1999-05-01,Pre-2015,Mono-White,3,General Pool
Sidestep,Theme Deck,2008-07-25,Pre-2015,Izzet (UR),3,General Pool
Silver Deck,Starter Deck,2001-04-11,Pre-2015,Azorius (WU),3,General Pool
Silver Deck,Starter Deck,2003-07-28,Pre-2015,Azorius (WU),3,General Pool
Silver Deck,Starter Deck,2005-08-09,Pre-2015,Azorius (WU),3,General Pool
Silverquill Statement,Commander Deck,2021-04-23,2020-Present,Orzhov (WB),2,Commander/Brawl
Sim Han How - Squirrel Opposition,World Championship Deck,2002-08-14,Pre-2015,Temur (URG),3,General Pool
Simic Combine,Arena Starter Deck,2019-05-03,2015-2019,Simic (GU),3,General Pool
Simic Domination,Intro Pack,2013-05-03,Pre-2015,Simic (GU),3,General Pool
Simic Mutology,Theme Deck,2006-05-05,Pre-2015,Simic (GU),3,General Pool
Simic Synthesis,Intro Pack,2013-02-01,Pre-2015,Simic (GU),3,General Pool
Simic,Guild Kit,2019-02-15,2015-2019,Simic (GU),3,General Pool
Sky Patrol,Arena Starter Deck,2021-09-24,2020-Present,Azorius (WU),3,General Pool
Sky Slam,Theme Deck,2003-07-28,Pre-2015,Mono-Blue,3,General Pool
Slaughterhouse,Intro Pack,2012-05-04,Pre-2015,Rakdos (BR),3,General Pool
Sleeper - Enhanced Deck,Enhanced Deck,1998-10-12,Pre-2015,Selesnya (GW),3,General Pool
Sleeper,Theme Deck,1998-10-12,Pre-2015,Mono-White,3,General Pool
Slither,Theme Deck,2000-06-05,Pre-2015,Gruul (RG),3,General Pool
Sliver Evolution,Theme Deck,2006-10-06,Pre-2015,Naya (RGW),3,General Pool
Sliver Shivers,Theme Deck,2003-02-03,Pre-2015,Bant (GWU),3,General Pool
Sliver Swarm,Commander Deck,2023-08-04,2020-Present,5-Color (WUBRG),2,Commander/Brawl
Slivers,Premium Deck,2009-11-20,Pre-2015,5-Color (WUBRG),3,General Pool
Slivers,Theme Deck,2005-08-01,Pre-2015,Jund (BRG),3,General Pool
Smashing Stampede,Historic Brawl Precon Deck,2024-07-08,2020-Present,Gruul (RG),2,Commander/Brawl
Snack Time,Arena Starter Deck,2024-07-08,2020-Present,Golgari (BG),3,General Pool
Snake's Path,Theme Deck,2004-10-01,Pre-2015,Mono-Green,3,General Pool
Sneak Attack Amazon,Arena Starter Kit,2021-08-06,2020-Present,Izzet (UR),3,General Pool
Sneak Attack,Arena Starter Kit,2021-08-06,2020-Present,Izzet (UR),3,General Pool
Sneak Attack,Commander Deck,2020-09-25,2020-Present,Dimir (UB),2,Commander/Brawl
Sneak Squad,Arena Promotional Deck,2022-09-09,2020-Present,Dimir (UB),3,General Pool
Snowscape,Theme Deck,2006-07-21,Pre-2015,Dimir (UB),3,General Pool
Sole Domination,Intro Pack,2012-07-13,Pre-2015,Orzhov (WB),3,General Pool
Solitary Fiends,Intro Pack,2012-05-04,Pre-2015,Dimir (UB),3,General Pool
Song Dance,Challenger Deck,2019-11-08,2015-2019,Boros (RW),3,General Pool
Soratami's Wisdom,Theme Deck,2005-06-03,Pre-2015,Azorius (WU),3,General Pool
Sorcerer,Shandalar Enemy Deck,1997-04-01,Pre-2015,Mono-Red,3,General Pool
Sorceress,Shandalar Enemy Deck,1997-04-01,Pre-2015,Mono-Red,3,General Pool
"Sorin, Vampire Lord",Planeswalker Deck,2019-07-29,2015-2019,Mono-Black,3,General Pool
Sorin,Duel Deck,2013-03-15,Pre-2015,Orzhov (WB),3,General Pool
Special Delivery - Enhanced Deck,Enhanced Deck,1998-10-12,Pre-2015,Gruul (RG),3,General Pool
Special Delivery,Theme Deck,1998-10-12,Pre-2015,Gruul (RG),3,General Pool
Special Forces,Theme Deck,2004-06-04,Pre-2015,Dimir (UB),3,General Pool
Spectral Legions,Intro Pack,2011-09-30,Pre-2015,Azorius (WU),3,General Pool
Spectral Slam,Theme Deck,2002-05-27,Pre-2015,Selesnya (GW),3,General Pool
Spectrum,Theme Deck,2000-10-02,Pre-2015,5-Color (WUBRG),3,General Pool
Speed Scorch,Theme Deck,2003-07-28,Pre-2015,Mono-Red,3,General Pool
Speed,Duel Deck,2014-09-05,Pre-2015,Mardu (WBR),3,General Pool
Spellpower,Arena Starter Deck,2021-07-03,2020-Present,Izzet (UR),3,General Pool
Spellslinger Starter Kit - Red Deck,Spellslinger Starter Kit,2019-07-12,2015-2019,Mono-Red,3,General Pool
Spellslinger Starter Kit - White Deck,Spellslinger Starter Kit,2019-07-12,2015-2019,Mono-White,3,General Pool
Spellweaver,Theme Deck,1998-06-24,Pre-2015,Mono-Blue,3,General Pool
Spellweaver,Arena Starter Deck,2022-09-09,2020-Present,Izzet (UR),3,General Pool
Spiraling Doom,Event Deck,2012-02-24,Pre-2015,Golgari (BG),3,General Pool
Spiritbane,Theme Deck,2004-10-01,Pre-2015,Mono-Red,3,General Pool
Spiritcraft,Theme Deck,2005-02-04,Pre-2015,Selesnya (GW),3,General Pool
Spirit Flames,Theme Deck,2005-06-03,Pre-2015,Gruul (RG),3,General Pool
Spirit Gale,Theme Deck,1999-11-12,Pre-2015,Azorius (WU),3,General Pool
Spirit Squadron,Commander Deck,2021-11-19,2020-Present,Azorius (WU),2,Commander/Brawl
Spirits,Theme Deck,2005-08-01,Pre-2015,Boros (RW),3,General Pool
Squirreled Away,Commander Deck,2024-08-02,2020-Present,Golgari (BG),2,Commander/Brawl
Stalwart Unity,Commander Deck,2016-11-11,2015-2019,Altruism (RGWU),2,Commander/Brawl
Stampede of Beasts,Intro Pack,2010-07-16,Pre-2015,Gruul (RG),3,General Pool
Stampede,Theme Deck,2004-06-04,Pre-2015,Gruul (RG),3,General Pool
Stampeding Hordes,Intro Pack,2015-01-23,2015-2019,Boros (RW),3,General Pool
Starry-Eyed,Arena Starter Deck,2021-07-03,2020-Present,Azorius (WU),3,General Pool
Starter Collection,Box Set,2024-11-15,2020-Present,5-Color (WUBRG),1,MTGO/Digital (Modern)
Stealthy Subterfuge,Arena Starter Deck,2022-09-09,2020-Present,Dimir (UB),3,General Pool
"Stomp, Stomp",Arena Starter Deck,2021-07-03,2020-Present,Gruul (RG),3,General Pool
Storm of Blades,Arena Starter Deck,2022-09-09,2020-Present,Boros (RW),3,General Pool
Storm Surge,Theme Deck,2003-05-26,Pre-2015,Azorius (WU),3,General Pool
Streets of New Capenna Foil Redemption,MTGO Redemption,2022-05-29,2020-Present,5-Color (WUBRG),3,General Pool
Streets of New Capenna Redemption,MTGO Redemption,2022-05-29,2020-Present,5-Color (WUBRG),3,General Pool
Strength in Numbers,Arena Starter Deck,2018-09-27,2015-2019,Boros (RW),3,General Pool
Strength in Numbers,Arena Starter Deck,2022-09-09,2020-Present,Selesnya (GW),3,General Pool
Strength Of Selesnya,Event Deck,2013-05-24,Pre-2015,Abzan (BGW),3,General Pool
Strike Force,Planechase Deck,2009-09-04,Pre-2015,Boros (RW),3,General Pool
Strixhaven: School of Mages Foil Redemption,MTGO Redemption,2021-05-23,2020-Present,5-Color (WUBRG),3,General Pool
Strixhaven: School of Mages Redemption,MTGO Redemption,2021-05-23,2020-Present,5-Color (WUBRG),3,General Pool
Subjective Reality,Commander Deck,2018-08-10,2015-2019,Esper (WUB),2,Commander/Brawl
Sultai Arisen,Commander Deck,2025-04-11,2020-Present,Sultai (GUB),2,Commander/Brawl
Sultai Schemers,Intro Pack,2014-09-26,Pre-2015,Sultai (GUB),3,General Pool
Summoner,Shandalar Enemy Deck,1997-04-01,Pre-2015,Selesnya (GW),3,General Pool
Sunburst,Theme Deck,2004-06-04,Pre-2015,5-Color (WUBRG),3,General Pool
Sun Empire,Theme Deck,2017-11-24,2015-2019,Naya (RGW),3,General Pool
Superabundance,Theme Deck,2008-07-25,Pre-2015,Simic (GU),3,General Pool
Surge of Resistance,Intro Pack,2016-01-22,2015-2019,Izzet (UR),3,General Pool
Surprise Attack,Intro Pack,2015-01-23,2015-2019,Simic (GU),3,General Pool
Suspended Sentence,Theme Deck,2007-05-04,Pre-2015,Dimir (UB),3,General Pool
Svend Geertsen - Green Stompy,World Championship Deck,1997-08-13,Pre-2015,Mono-Green,3,General Pool
Swarming Instinct,Intro Pack,2015-10-02,2015-2019,Simic (GU),3,General Pool
Swarm & Slam,Theme Deck,2004-02-06,Pre-2015,Selesnya (GW),3,General Pool
Sweet Revenge,Event Deck,2012-08-03,Pre-2015,Grixis (UBR),3,General Pool
Swell the Host,Commander Deck,2015-11-13,2015-2019,Simic (GU),2,Commander/Brawl
Swift Justice,Intro Pack,2012-02-03,Pre-2015,Boros (RW),3,General Pool
Swoop,Theme Deck,2001-06-04,Pre-2015,Sultai (GUB),3,General Pool
Sworn To Darkness,Commander Deck,2014-11-07,Pre-2015,Mono-Black,3,General Pool
Sylvan Wisdom,Arena Starter Deck,2023-06-20,2020-Present,Simic (GU),3,General Pool
Symbiotic Swarm,Commander Deck,2020-04-17,2020-Present,Abzan (BGW),2,Commander/Brawl
Tactical Assault,Arena Starter Deck,2018-09-27,2015-2019,Mono-White,3,General Pool
Take to the Sky,Intro Pack,2015-07-17,2015-2019,Azorius (WU),3,General Pool
Tarkir: Dragonstorm Redemption,MTGO Redemption,2025-05-07,2020-Present,5-Color (WUBRG),1,MTGO/Digital (Modern)
Teeth of the Predator,Duel Of The Planeswalkers Deck,2010-06-04,Pre-2015,Mono-Green,3,General Pool
"Teferi, Timebender",Planeswalker Deck,2018-04-27,2015-2019,Azorius (WU),3,General Pool
"Teferi, Timeless Voyager",Planeswalker Deck,2020-07-03,2020-Present,Mono-Blue,3,General Pool
Temur Avalanche,Intro Pack,2014-09-26,Pre-2015,Temur (URG),3,General Pool
Temur Roar,Commander Deck,2025-04-11,2020-Present,Temur (URG),2,Commander/Brawl
Tenth Edition Foil Redemption,MTGO Redemption,2007-08-12,Pre-2015,5-Color (WUBRG),0,MTGO/Digital (Pre-2015)
Tenth Edition Redemption,MTGO Redemption,2007-08-12,Pre-2015,5-Color (WUBRG),0,MTGO/Digital (Pre-2015)
"Tezzeret, Master of Metal",Planeswalker Deck,2017-01-20,2015-2019,Dimir (UB),3,General Pool
Tezzeret,Duel Deck,2010-09-03,Pre-2015,Mono-Blue,3,General Pool
Tezzeret,Planeswalker Deck,2018-07-13,2015-2019,Mono-Blue,3,General Pool
Thallids,Theme Deck,2005-08-01,Pre-2015,Bant (GWU),3,General Pool
The Adventurers,Intro Pack,2009-10-02,Pre-2015,Gruul (RG),3,General Pool
The Brazen Coalition,Arena Starter Deck,2018-03-22,2015-2019,Rakdos (BR),3,General Pool
The Brothers' War Foil Redemption,MTGO Redemption,2023-01-04,2020-Present,5-Color (WUBRG),3,General Pool
The Brothers' War Redemption,MTGO Redemption,2023-01-04,2020-Present,5-Color (WUBRG),3,General Pool
The Coalition,Duel Deck,2010-03-19,Pre-2015,5-Color (WUBRG),3,General Pool
The Deluge,Theme Deck,1999-11-12,Pre-2015,Selesnya (GW),3,General Pool
The Flames of Rath,Theme Deck,1997-10-14,Pre-2015,Boros (RW),3,General Pool
The Hosts of Mordor,Commander Deck,2023-06-23,2020-Present,Grixis (UBR),2,Commander/Brawl
The Legion of Dusk,Arena Starter Deck,2018-03-22,2015-2019,Orzhov (WB),3,General Pool
The Lost Caverns of Ixalan Bundle Land Pack,Bundle Land Pack,2023-11-17,2020-Present,5-Color (WUBRG),3,General Pool
The Lost Caverns of Ixalan Foil Redemption,MTGO Redemption,2023-12-06,2020-Present,5-Color (WUBRG),3,General Pool
The Lost Caverns of Ixalan Redemption,MTGO Redemption,2023-12-06,2020-Present,5-Color (WUBRG),3,General Pool
The Nightstalkers,Theme Deck,1998-06-24,Pre-2015,Mono-Black,3,General Pool
The Plague - Enhanced Deck,Enhanced Deck,1998-10-12,Pre-2015,Orzhov (WB),3,General Pool
The Plague,Theme Deck,1998-10-12,Pre-2015,Orzhov (WB),3,General Pool
The River Heralds,Arena Starter Deck,2018-03-22,2015-2019,Simic (GU),3,General Pool
Theros Beyond Death Foil Redemption,MTGO Redemption,2020-02-23,2020-Present,5-Color (WUBRG),3,General Pool
Theros Beyond Death Redemption,MTGO Redemption,2020-02-23,2020-Present,5-Color (WUBRG),3,General Pool
Theros Foil Redemption,MTGO Redemption,2013-10-27,Pre-2015,5-Color (WUBRG),3,General Pool
Theros Redemption,MTGO Redemption,2013-10-27,Pre-2015,5-Color (WUBRG),3,General Pool
The Ruinous Powers Collector's Edition,Commander Deck,2022-10-07,2020-Present,Grixis (UBR),2,Commander/Brawl
The Ruinous Powers,Commander Deck,2022-10-07,2020-Present,Grixis (UBR),2,Commander/Brawl
The Slivers - Advanced Deck,Advanced Deck,1997-10-14,Pre-2015,Dimir (UB),3,General Pool
The Slivers,Theme Deck,1997-10-14,Pre-2015,Dimir (UB),3,General Pool
The Sparkler - Advanced Deck,Advanced Deck,1998-03-02,Pre-2015,Izzet (UR),3,General Pool
The Sparkler,Theme Deck,1998-03-02,Pre-2015,Izzet (UR),3,General Pool
The Spikes - Advanced Deck,Advanced Deck,1998-03-02,Pre-2015,Naya (RGW),3,General Pool
The Spikes,Theme Deck,1998-03-02,Pre-2015,Naya (RGW),3,General Pool
The Sun Empire,Arena Starter Deck,2018-03-22,2015-2019,Naya (RGW),3,General Pool
The Swarm - Advanced Deck,Advanced Deck,1997-10-14,Pre-2015,Naya (RGW),3,General Pool
The Swarm,Theme Deck,1997-10-14,Pre-2015,Naya (RGW),3,General Pool
The Wilds and the Deep,Intro Pack,2014-05-02,Pre-2015,Simic (GU),3,General Pool
Thought Invoker,Shandalar Enemy Deck,1997-04-01,Pre-2015,Mono-Blue,3,General Pool
Thoughts of the Wind,Duel Of The Planeswalkers Deck,2010-06-04,Pre-2015,Mono-Blue,3,General Pool
Thoughts of the Wind,Theme Deck,2011-01-01,Pre-2015,Mono-Blue,3,General Pool
Thrive and Thrash,Event Deck,2013-02-22,Pre-2015,Temur (URG),3,General Pool
Throne of Eldraine Foil Redemption,MTGO Redemption,2019-11-03,2015-2019,5-Color (WUBRG),3,General Pool
Throne of Eldraine Redemption,MTGO Redemption,2019-11-03,2015-2019,5-Color (WUBRG),3,General Pool
Tibalt,Duel Deck,2013-03-15,Pre-2015,Rakdos (BR),3,General Pool
Tidal Mastery - Enhanced Deck,Enhanced Deck,1999-10-04,Pre-2015,Azorius (WU),3,General Pool
Tidal Mastery,Theme Deck,1999-10-04,Pre-2015,Azorius (WU),3,General Pool
Time Curse,Theme Deck,1999-07-12,Pre-2015,Mono-Blue,3,General Pool
Time Drain - Enhanced Deck,Enhanced Deck,1999-02-15,Pre-2015,Bant (GWU),3,General Pool
Time Drain,Theme Deck,1999-02-15,Pre-2015,Simic (GU),3,General Pool
Timeless Wisdom,Commander Deck,2020-04-17,2020-Present,Jeskai (RWU),2,Commander/Brawl
Time Spiral Foil Redemption,MTGO Redemption,2006-11-05,Pre-2015,5-Color (WUBRG),3,General Pool
Time Spiral Redemption,MTGO Redemption,2006-11-05,Pre-2015,5-Color (WUBRG),3,General Pool
Time Spiral Timeshifted Foil Redemption,MTGO Redemption,2006-11-05,Pre-2015,5-Color (WUBRG),3,General Pool
Time Spiral Timeshifted Redemption,MTGO Redemption,2006-11-05,Pre-2015,5-Color (WUBRG),3,General Pool
Timey-Wimey,Commander Deck,2023-10-13,2020-Present,Jeskai (RWU),2,Commander/Brawl
Tinker Time,Commander Deck,2023-04-21,2020-Present,Temur (URG),2,Commander/Brawl
To Adventure!,Arena Starter Deck,2021-07-03,2020-Present,Selesnya (GW),3,General Pool
Token Triumph,Commander Deck,2022-12-02,2020-Present,Selesnya (GW),2,Commander/Brawl
Tombstone - Enhanced Deck,Enhanced Deck,1998-10-12,Pre-2015,Growth (GWUB),3,General Pool
Tombstone,Theme Deck,1998-10-12,Pre-2015,Esper (WUB),3,General Pool
Tom van de Logt - Machine Head,World Championship Deck,2001-08-08,Pre-2015,Rakdos (BR),3,General Pool
Tom van de Logt - Replenish,World Championship Deck,2000-08-02,Pre-2015,Azorius (WU),3,General Pool
Torment Foil Redemption,MTGO Redemption,2002-03-06,Pre-2015,5-Color (WUBRG),3,General Pool
Torment Redemption,MTGO Redemption,2002-03-06,Pre-2015,5-Color (WUBRG),3,General Pool
Totem Power,Intro Pack,2010-04-23,Pre-2015,Selesnya (GW),3,General Pool
Trample Civilization Underfoot,Archenemy Deck,2010-06-18,Pre-2015,Selesnya (GW),3,General Pool
Transference,Theme Deck,2004-02-06,Pre-2015,Mono-Blue,3,General Pool
Treasure Hunt,Arena Starter Deck,2021-09-24,2020-Present,Rakdos (BR),3,General Pool
Tricky Terrain Collector's Edition,Commander Deck,2024-06-14,2020-Present,Simic (GU),2,Commander/Brawl
Tricky Terrain,Commander Deck,2024-06-14,2020-Present,Simic (GU),2,Commander/Brawl
Troll Shaman,Shandalar Enemy Deck,1997-04-01,Pre-2015,Mono-Red,3,General Pool
Trounce-O-Matic,Theme Deck,2001-10-01,Pre-2015,Simic (GU),3,General Pool
Truth Seekers,Theme Deck,2005-06-03,Pre-2015,Selesnya (GW),3,General Pool
Turnabout,Theme Deck,2008-05-02,Pre-2015,Selesnya (GW),3,General Pool
Turnaround,Theme Deck,2000-06-05,Pre-2015,Azorius (WU),3,General Pool
Twisted Reality,Intro Pack,2016-01-22,2015-2019,Mono-Blue,3,General Pool
Tyranid Swarm Collector's Edition,Commander Deck,2022-10-07,2020-Present,Temur (URG),2,Commander/Brawl
Tyranid Swarm,Commander Deck,2022-10-07,2020-Present,Temur (URG),2,Commander/Brawl
Ultimate Sacrifice,Event Deck,2015-10-02,2015-2019,Growth (GWUB),3,General Pool
Undead Knight,Shandalar Enemy Deck,1997-04-01,Pre-2015,Mono-Black,3,General Pool
Undead Unleashed,Commander Deck,2021-09-24,2020-Present,Dimir (UB),2,Commander/Brawl
Underworld Herald,Event Deck,2014-02-28,Pre-2015,Mardu (WBR),3,General Pool
Unearthed Secrets,Intro Pack,2016-04-08,2015-2019,Simic (GU),3,General Pool
Unflinching Assault,Intro Pack,2015-01-23,2015-2019,Orzhov (WB),3,General Pool
United Assault,Challenger Deck,2019-04-12,2015-2019,Mono-White,3,General Pool
Unlikely Alliances,Intro Pack,2016-07-22,2015-2019,Orzhov (WB),3,General Pool
Unnatural Forces,MTGO Theme Deck,2006-04-10,Pre-2015,Dimir (UB),3,General Pool
Unnatural Schemes,Intro Pack,2009-04-30,Pre-2015,Dimir (UB),3,General Pool
Unraveling Mind,Theme Deck,2007-02-02,Pre-2015,Rakdos (BR),3,General Pool
Unstable Terrain,Intro Pack,2009-10-02,Pre-2015,Simic (GU),3,General Pool
Untamed Wild,Intro Pack,2016-07-22,2015-2019,Gruul (RG),3,General Pool
Up and Away,Starter Kit,2022-06-03,2020-Present,Azorius (WU),3,General Pool
Upgrades Unleashed,Commander Deck,2022-02-18,2020-Present,Gruul (RG),2,Commander/Brawl
Urza's Iron Alliance,Commander Deck,2022-11-18,2020-Present,Esper (WUB),2,Commander/Brawl
Vampire Lord,Shandalar Enemy Deck,1997-04-01,Pre-2015,Mono-Black,3,General Pool
Vampire Onslaught,Event Deck,2011-08-12,Pre-2015,Mono-Black,3,General Pool
Vampiric Bloodline,Commander Deck,2021-11-19,2020-Present,Rakdos (BR),2,Commander/Brawl
Vampiric Bloodlust,Commander Deck,2017-08-25,2015-2019,Mardu (WBR),2,Commander/Brawl
Vampiric Thirst,Intro Pack,2016-04-08,2015-2019,Rakdos (BR),3,General Pool
Vehicle Rush,Challenger Deck,2018-04-06,2015-2019,Mardu (WBR),3,General Pool
Veloci-Ramp-Tor,Commander Deck,2023-11-17,2020-Present,Naya (RGW),2,Commander/Brawl
Venser,Duel Deck,2012-03-30,Pre-2015,Azorius (WU),3,General Pool
Vicious Cycle,Intro Pack,2016-01-22,2015-2019,Golgari (BG),3,General Pool
Virtue and Valor,Commander Deck,2023-09-08,2020-Present,Selesnya (GW),2,Commander/Brawl
"Vivien, Nature's Avenger",Planeswalker Deck,2019-07-29,2015-2019,Mono-Green,3,General Pool
Vivien's Hunt,Arena Promotional Deck,2023-02-10,2020-Present,Mono-Green,3,General Pool
Vivien,Planeswalker Deck,2018-07-13,2015-2019,Mono-Green,3,General Pool
Voracious Rage,Intro Pack,2014-05-02,Pre-2015,Rakdos (BR),3,General Pool
"Vraska, Regal Gorgon",Planeswalker Deck,2018-10-05,2015-2019,Golgari (BG),3,General Pool
"Vraska, Scheming Gorgon",Planeswalker Deck,2018-01-19,2015-2019,Orzhov (WB),3,General Pool
Vraska,Duel Deck,2014-03-14,Pre-2015,Golgari (BG),3,General Pool
Wade into Battle,Commander Deck,2015-11-13,2015-2019,Boros (RW),2,Commander/Brawl
Wade into Battle,Commander Deck,2018-06-08,2015-2019,Boros (RW),2,Commander/Brawl
Waking Nightmares,Theme Deck,2002-02-08,Pre-2015,Rakdos (BR),3,General Pool
Walk the Plank,Arena Starter Deck,2018-09-27,2015-2019,Dimir (UB),3,General Pool
Warlock,Shandalar Enemy Deck,1997-04-01,Pre-2015,Mono-Black,3,General Pool
War Mage,Shandalar Enemy Deck,1997-04-01,Pre-2015,Mono-Red,3,General Pool
War of Attrition,Event Deck,2011-06-10,Pre-2015,Mono-White,3,General Pool
War of the Spark Foil Redemption,MTGO Redemption,2019-06-02,2015-2019,5-Color (WUBRG),3,General Pool
War of the Spark Redemption,MTGO Redemption,2019-06-02,2015-2019,5-Color (WUBRG),3,General Pool
Warrior's Code,Theme Deck,2008-02-01,Pre-2015,Gruul (RG),3,General Pool
Way of the Warrior,Theme Deck,2004-10-01,Pre-2015,Mono-White,3,General Pool
Way Wild,Theme Deck,2001-04-11,Pre-2015,Mono-Green,3,General Pool
Weapons and Wards,Intro Pack,2016-07-22,2015-2019,Selesnya (GW),3,General Pool
We Are Legion,Intro Pack,2009-07-17,Pre-2015,Boros (RW),3,General Pool
Wei Kingdom,Theme Deck,1999-05-01,Pre-2015,Mono-Black,3,General Pool
Whim,Shandalar Enemy Deck,1997-04-01,Pre-2015,Esper (WUB),3,General Pool
Whirlpool,Theme Deck,2001-06-04,Pre-2015,Izzet (UR),3,General Pool
White Deck A,Sample Deck,2008-05-02,Pre-2015,Mono-White,3,General Pool
White Deck A,Sample Deck,2010-07-16,Pre-2015,Mono-White,3,General Pool
White Deck A,Sample Deck,2011-07-15,Pre-2015,Mono-White,3,General Pool
White Deck B,Sample Deck,2008-05-02,Pre-2015,Mono-White,3,General Pool
White Deck B,Sample Deck,2010-07-16,Pre-2015,Mono-White,3,General Pool
White Deck B,Sample Deck,2011-07-15,Pre-2015,Mono-White,3,General Pool
White Deck,Welcome Deck,2024-09-30,2020-Present,Mono-White,3,General Pool
White Deck,Sample Deck,2014-07-19,Pre-2015,Mono-White,3,General Pool
White Deck,Welcome Deck,2018-07-13,2015-2019,Mono-White,3,General Pool
White Deck,Welcome Deck,2019-07-12,2015-2019,Mono-White,3,General Pool
White Deck,Sample Deck,2015-07-17,2015-2019,Mono-White,3,General Pool
White Deck,Welcome Deck,2025-09-26,2020-Present,Mono-White,3,General Pool
White Deck,Welcome Deck,2016-04-08,2015-2019,Mono-White,3,General Pool
White Heat - Advanced Deck,Advanced Deck,1998-06-15,Pre-2015,Boros (RW),3,General Pool
White Heat - Basic Deck,Theme Deck,1998-06-15,Pre-2015,Boros (RW),3,General Pool
White Sample Deck,Sample Deck,2012-07-13,Pre-2015,Mono-White,3,General Pool
White Sample Deck,Sample Deck,2014-07-18,Pre-2015,Mono-White,3,General Pool
White,Game Night Deck,2018-11-16,2015-2019,Mono-White,3,General Pool
White,Halfdeck,2020-02-28,2020-Present,Orzhov (WB),3,General Pool
Wicked Big,Theme Deck,2003-10-02,Pre-2015,Mono-Green,3,General Pool
Widowmaker - Advanced Deck,Advanced Deck,1998-06-15,Pre-2015,Dimir (UB),3,General Pool
Widowmaker - Basic Deck,Theme Deck,1998-06-15,Pre-2015,Dimir (UB),3,General Pool
Wild Bounty,Brawl Deck,2019-10-04,2015-2019,Bant (GWU),2,Commander/Brawl
Wild-Eyed Frenzy,MTGO Theme Deck,2006-04-10,Pre-2015,Mono-Red,3,General Pool
Wild Rush,Intro Pack,2012-07-13,Pre-2015,Golgari (BG),3,General Pool
Wilds of Eldraine Foil Redemption,MTGO Redemption,2023-10-04,2020-Present,5-Color (WUBRG),3,General Pool
Wilds of Eldraine Redemption,MTGO Redemption,2023-10-04,2020-Present,5-Color (WUBRG),3,General Pool
Wild Wizardry,Arena Promotional Deck,2021-09-24,2020-Present,Izzet (UR),3,General Pool
Will Of The Masses,Intro Pack,2014-07-18,Pre-2015,Selesnya (GW),3,General Pool
Wing and Claw,Arena Starter Deck,2018-11-17,2015-2019,Azorius (WU),3,General Pool
Winged Stallion,Shandalar Enemy Deck,1997-04-01,Pre-2015,Azorius (WU),3,General Pool
Wings of Light,Theme Deck,2011-01-01,Pre-2015,Mono-White,3,General Pool
Witch,Shandalar Enemy Deck,1997-04-01,Pre-2015,Mono-Black,3,General Pool
Witherbloom Witchcraft,Commander Deck,2021-04-23,2020-Present,Golgari (BG),2,Commander/Brawl
Wizards,Theme Deck,2005-08-01,Pre-2015,Dimir (UB),3,General Pool
Wolfgang Eder - Goblin Bidding,World Championship Deck,2003-08-06,Pre-2015,Rakdos (BR),3,General Pool
Woodland Warriors,Duel Deck,2018-04-06,2015-2019,Mono-Green,3,General Pool
World Aflame,Theme Deck,2005-07-29,Pre-2015,Mono-Red,3,General Pool
World Shaper,Commander Deck,2025-08-01,2020-Present,Jund (BRG),2,Commander/Brawl
Worldwake Foil Redemption,MTGO Redemption,2010-03-07,Pre-2015,5-Color (WUBRG),3,General Pool
Worldwake Redemption,MTGO Redemption,2010-03-07,Pre-2015,5-Color (WUBRG),3,General Pool
Wrack and Rage,Event Deck,2012-10-26,Pre-2015,Rakdos (BR),3,General Pool
Wrath of Mages,Arena Starter Deck,2018-09-27,2015-2019,Izzet (UR),3,General Pool
Wrath of the Mortals,Event Deck,2014-05-23,Pre-2015,Izzet (UR),3,General Pool
Wu Kingdom,Theme Deck,1999-05-01,Pre-2015,Mono-Blue,3,General Pool
Zakk's First Deck,Intro Pack,1996-12-31,Pre-2015,Abzan (BGW),3,General Pool
Zakk's First Deck,Intro Pack,1996-06-10,Pre-2015,Abzan (BGW),3,General Pool
Zakk's Second Deck,Intro Pack,1996-12-31,Pre-2015,Abzan (BGW),3,General Pool
Zakk's Second Deck,Intro Pack,1996-06-10,Pre-2015,Abzan (BGW),3,General Pool
Zendikar Foil Redemption,MTGO Redemption,2009-11-01,Pre-2015,5-Color (WUBRG),3,General Pool
Zendikar Redemption,MTGO Redemption,2009-11-01,Pre-2015,5-Color (WUBRG),3,General Pool
Zendikar Rising Foil Redemption,MTGO Redemption,2020-10-25,2020-Present,5-Color (WUBRG),3,General Pool
Zendikar Rising Redemption,MTGO Redemption,2020-10-25,2020-Present,5-Color (WUBRG),3,General Pool
Zendikar's Rage,Intro Pack,2015-10-02,2015-2019,Gruul (RG),3,General Pool
Zendikar,Duel Deck,2015-08-28,2015-2019,Selesnya (GW),3,General Pool
Zombie Empire,Planechase Deck,2009-09-04,Pre-2015,Mono-Black,3,General Pool
Zombies Unleashed,Theme Deck,2003-02-03,Pre-2015,Mono-Black,3,General Pool
Zombies,Theme Deck,2005-08-01,Pre-2015,Golgari (BG),3,General Pool
