pca_x,pca_y,cluster_label,deck_type,era
1.5030202054428248,-0.13589583355591187,Commander/Brawl,Commander Deck,2020-Present
-0.3303501315110128,-0.1129121443364523,General Pool,Secret Lair Drop,2020-Present
2.0144598328329693,-0.06910599873659629,Commander/Brawl,Commander Deck,2020-Present
-0.26546691640764636,-0.05393975731036946,General Pool,Intro Pack,Pre-2015
1.068162040500305,0.06711637510146118,Commander/Brawl,Commander Deck,2015-2019
-0.07420771224978881,-0.07151484369063829,General Pool,MTGO Redemption,2020-Present
-0.07420771224978881,-0.07151484369063829,General Pool,MTGO Redemption,2020-Present
-0.306769528628315,-0.27444363433559005,General Pool,World Championship Deck,Pre-2015
-0.35048912086290235,0.055711163542665365,General Pool,Game Night Deck,2015-2019
-0.329741048822407,-0.08737999436069799,General Pool,Arena Starter Deck,2020-Present
-0.39506214183414556,0.24036780006154457,General Pool,Theme Deck,Pre-2015
-0.12243000386084879,0.05107989315605299,MTGO/Digital (Modern),MTGO Redemption,2020-Present
-0.36273283742363094,0.04788615172739663,General Pool,MTGO Redemption,2015-2019
-0.36273283742363094,0.04788615172739663,General Pool,MTGO Redemption,2015-2019
-0.009286776306630051,0.6675007310332481,General Pool,Shandalar Enemy Deck,Pre-2015
2.330987819387844,-0.004193867070395152,Commander/Brawl,Commander Deck,2020-Present
-0.34532332379823294,-0.03893728817450476,General Pool,MTGO Theme Deck,Pre-2015
-0.306769528628315,-0.27444363433559005,General Pool,Theme Deck,Pre-2015
-0.05918715434255448,-0.18855296565785495,General Pool,Duel Deck,Pre-2015
-0.34532332379823294,-0.03893728817450476,General Pool,Planeswalker Deck,2015-2019
-0.306769528628315,-0.27444363433559005,General Pool,Planeswalker Deck,2015-2019
-0.3075011429203462,-0.12280865671869245,General Pool,Planeswalker Deck,2015-2019
-0.306769528628315,-0.27444363433559005,General Pool,MTGO Redemption,Pre-2015
-0.306769528628315,-0.27444363433559005,General Pool,MTGO Redemption,Pre-2015
-0.3162999275235022,-0.2535999943001689,General Pool,World Championship Deck,Pre-2015
-0.08307782404394493,-0.14394067344841247,General Pool,Challenger Deck,2020-Present
-0.32244469533003567,-0.13234264722997197,General Pool,Shandalar Enemy Deck,Pre-2015
-0.15088195508110055,0.5752555799291577,General Pool,MTGO Redemption,2015-2019
-0.15088195508110055,0.5752555799291577,General Pool,MTGO Redemption,2015-2019
-0.36101423861470194,0.18991775455127657,General Pool,Welcome Deck,2015-2019
-0.34182311226421513,-0.03863265295928417,General Pool,Welcome Deck,2015-2019
-0.3319416376199301,-0.045993707772446324,General Pool,Welcome Deck,2015-2019
-0.3695794762853691,0.0492765369565481,General Pool,Welcome Deck,2015-2019
-0.35781428643856,0.08113346403893151,General Pool,Welcome Deck,2015-2019
-0.306769528628315,-0.27444363433559005,General Pool,Starter Kit,2020-Present
-0.306769528628315,-0.27444363433559005,General Pool,Arena Starter Deck,2020-Present
0.25039251967620973,-0.06331965930324257,General Pool,Secret Lair Drop,2020-Present
-0.28518618267835777,-0.2447306452032921,General Pool,Arena Starter Deck,2020-Present
-0.3742963485153623,0.1938466227690152,General Pool,Arena Starter Deck,2020-Present
-0.3529562297142779,0.22268841295491115,General Pool,Arena Starter Deck,2015-2019
-0.306769528628315,-0.27444363433559005,General Pool,Intro Pack,2015-2019
-0.29281807526079834,0.11688463438355823,General Pool,Intro Pack,Pre-2015
1.2766431333416406,-0.18586226447345672,Commander/Brawl,Commander Deck,2020-Present
-0.31926407406170054,-0.05460581281996027,General Pool,Theme Deck,2020-Present
-0.34532332379823294,-0.03893728817450476,General Pool,Theme Deck,Pre-2015
-0.3235314686704053,-0.24927656439587834,General Pool,Planeswalker Deck,2015-2019
2.7180613042507624,0.3745156956622694,Commander/Brawl,Commander Deck,2020-Present
-0.3776107559791281,0.17128436320492096,General Pool,Intro Pack,Pre-2015
-0.29767187185190913,-0.02916385856587747,General Pool,World Championship Deck,Pre-2015
-0.38916708229367614,0.3163627545371299,General Pool,Shandalar Enemy Deck,Pre-2015
-0.1889401909401306,-0.05044178814085393,General Pool,MTGO Redemption,Pre-2015
-0.1889401909401306,-0.05044178814085393,General Pool,MTGO Redemption,Pre-2015
-0.2795929022970454,-0.16606457359579724,General Pool,Arena Starter Deck,2020-Present
-0.32474402416353043,0.015367745617461126,General Pool,Arena Starter Deck,2015-2019
1.9482690159463925,-0.02062676972275712,Commander/Brawl,Commander Deck,2020-Present
-0.34045957108816494,-0.1000251253622132,General Pool,Challenger Deck,2015-2019
2.0572537926259877,0.06557452203073239,Commander/Brawl,Commander Deck,2015-2019
-0.37056688946397237,0.2184371324984361,General Pool,Theme Deck,Pre-2015
-0.24960957284148017,0.06095187034761629,General Pool,Shandalar Enemy Deck,Pre-2015
-0.33689721281233936,-0.07624830358248358,General Pool,Archenemy Deck,2015-2019
-0.3635303686736334,0.005442936561375122,General Pool,Theme Deck,Pre-2015
-0.306769528628315,-0.27444363433559005,General Pool,Arena Starter Deck,2020-Present
-0.03934792321097769,0.1370725296407792,General Pool,Clash Pack,2015-2019
-0.11020399622564314,0.19828368424866694,General Pool,Clash Pack,2015-2019
1.4940110572948728,0.110333360415027,Commander/Brawl,Commander Deck,2020-Present
-0.306769528628315,-0.27444363433559005,General Pool,Theme Deck,Pre-2015
-0.34532332379823294,-0.03893728817450476,General Pool,Theme Deck,Pre-2015
-0.2548338873613192,0.037210716392025334,General Pool,Intro Pack,Pre-2015
-0.2743017913433559,-0.19253112554146085,General Pool,Arena Starter Deck,2015-2019
0.15908363706194423,0.07230311049027521,General Pool,Shandalar Enemy Deck,Pre-2015
-0.306769528628315,-0.27444363433559005,General Pool,Planeswalker Deck,2020-Present
-0.34413783391713165,0.027279874672953952,General Pool,Enhanced Deck,Pre-2015
-0.32922998341062215,-0.11913206582634556,General Pool,Theme Deck,Pre-2015
-0.03517940690261684,-0.14733362236178116,General Pool,Archenemy Deck,Pre-2015
-0.05918715434255448,-0.18855296565785495,General Pool,Intro Pack,2015-2019
-0.3162999275235022,-0.2535999943001689,General Pool,Shandalar Enemy Deck,Pre-2015
-0.306769528628315,-0.27444363433559005,General Pool,Theme Deck,Pre-2015
2.1401347695126267,0.10527263575688767,Commander/Brawl,Commander Deck,2020-Present
-0.306769528628315,-0.27444363433559005,General Pool,Arena Starter Deck,2015-2019
-0.32252527628015415,-0.22744805732235074,General Pool,Theme Deck,Pre-2015
-0.322159248857534,-0.15399240994186447,General Pool,MTGO Redemption,Pre-2015
-0.322159248857534,-0.15399240994186447,General Pool,MTGO Redemption,Pre-2015
-0.306769528628315,-0.27444363433559005,General Pool,Arena Starter Deck,2020-Present
-0.22851320899665403,-0.22014087084285183,General Pool,Challenger Deck,2015-2019
0.08485568612760219,-0.14466720647560677,General Pool,Shandalar Enemy Deck,Pre-2015
-0.306769528628315,-0.27444363433559005,General Pool,Intro Pack,Pre-2015
-0.2605428779547601,-0.27843594825115414,General Pool,Theme Deck,Pre-2015
-0.3479841226562233,0.16045486362285183,General Pool,Arena Starter Deck,2015-2019
-0.3210750402237198,-0.18172381086264752,General Pool,Intro Pack,Pre-2015
-0.24668579028477827,-0.08194031046286074,General Pool,Challenger Deck,2020-Present
-0.306769528628315,-0.27444363433559005,General Pool,Arena Starter Deck,2015-2019
-0.21906743492881678,-0.18988189557101579,General Pool,Pioneer Challenger Deck,2020-Present
-0.2605428779547601,-0.27843594825115414,General Pool,Guild Kit,2015-2019
-0.367223084883862,0.21585226831265164,General Pool,Arena Starter Deck,2020-Present
-0.3458829660827776,0.24469405849854764,General Pool,Arena Starter Deck,2015-2019
-0.2820107295349254,-0.24427031614416192,General Pool,Arena Starter Deck,2020-Present
-0.3393646197829756,0.02680141595692176,General Pool,Starter Kit,2020-Present
-0.306769528628315,-0.27444363433559005,General Pool,Theme Deck,Pre-2015
-0.2755692339159082,-0.2744946593261193,General Pool,Theme Deck,Pre-2015
-0.2847822242495662,-0.2445598523053887,General Pool,Arena Starter Deck,2020-Present
-0.22922207771161102,-0.21664017914845157,General Pool,MTGO Theme Deck,Pre-2015
-0.34532332379823294,-0.03893728817450476,General Pool,Intro Pack,Pre-2015
-0.18099223944974763,0.2710865659453232,General Pool,Intro Pack,Pre-2015
-0.306769528628315,-0.27444363433559005,General Pool,Theme Deck,Pre-2015
-0.306769528628315,-0.27444363433559005,General Pool,Planeswalker Deck,2020-Present
-0.306769528628315,-0.27444363433559005,General Pool,Theme Deck,Pre-2015
-0.306769528628315,-0.27444363433559005,General Pool,Theme Deck,Pre-2015
-0.306769528628315,-0.27444363433559005,General Pool,Intro Pack,Pre-2015
0.22581880012605965,-0.002619536978221315,General Pool,MTGO Redemption,2015-2019
0.22581880012605965,-0.002619536978221315,General Pool,MTGO Redemption,2015-2019
-0.360366285721065,-0.005620763606957624,General Pool,Enhanced Deck,Pre-2015
-0.306769528628315,-0.27444363433559005,General Pool,Theme Deck,Pre-2015
-0.3799042365025459,0.3063289307125975,General Pool,Shandalar Enemy Deck,Pre-2015
-0.26384505054366897,-0.11589927655996174,General Pool,Theme Deck,Pre-2015
2.2827470426297567,-0.1409411178354669,Commander/Brawl,Commander Deck,2020-Present
-0.36175462105451045,-0.06525937602935034,General Pool,World Championship Deck,Pre-2015
-0.360366285721065,-0.005620763606957624,General Pool,Theme Deck,Pre-2015
-0.1727051293748262,0.39006900267345657,General Pool,Pro Tour Deck,Pre-2015
-0.4196765831842374,0.6328111425896765,General Pool,Intro Pack,Pre-2015
-0.306769528628315,-0.27444363433559005,General Pool,MTGO Redemption,Pre-2015
-0.306769528628315,-0.27444363433559005,General Pool,MTGO Redemption,Pre-2015
-0.3147546961336431,-0.2761296566926243,General Pool,Theme Deck,Pre-2015
-0.33263296457053365,-0.034031250590142226,General Pool,Sample Deck,Pre-2015
-0.38549409170718757,0.44856541768641467,General Pool,Sample Deck,Pre-2015
-0.4036237576651963,0.5254356189551294,General Pool,Sample Deck,Pre-2015
-0.37145431556587294,0.27065997736448244,General Pool,Sample Deck,Pre-2015
-0.3422291666714738,0.07412913626335504,General Pool,Sample Deck,Pre-2015
-0.3207197645449391,-0.11550380801250512,General Pool,Sample Deck,Pre-2015
-0.306769528628315,-0.27444363433559005,General Pool,Welcome Deck,2020-Present
-0.3647128664451665,0.20177877700165747,General Pool,Sample Deck,Pre-2015
-0.3420807554716345,-0.026566178204643492,General Pool,Welcome Deck,2015-2019
-0.3420807554716345,-0.026566178204643492,General Pool,Welcome Deck,2015-2019
-0.36253030287085,0.21780598961328523,General Pool,Sample Deck,2015-2019
-0.306769528628315,-0.27444363433559005,General Pool,Welcome Deck,2020-Present
-0.36253030287085,0.21780598961328523,General Pool,Welcome Deck,2015-2019
-0.34286557869417844,-0.02370651173871302,General Pool,Spellslinger Starter Kit,2015-2019
-0.3462709796401946,0.08048367330290729,General Pool,Sample Deck,Pre-2015
-0.3868776745569206,0.4303301382967244,General Pool,Sample Deck,Pre-2015
-0.3420807554716345,-0.026566178204643492,General Pool,Game Night Deck,2015-2019
-0.306769528628315,-0.27444363433559005,General Pool,Halfdeck,2020-Present
-0.4512703243616347,0.825182478081776,General Pool,Intro Pack,Pre-2015
2.162162996437301,-0.0959140452649282,Commander/Brawl,Commander Deck,2020-Present
2.109381899853076,-0.06440230420286305,Commander/Brawl,Commander Deck,2020-Present
-0.3235314686704053,-0.24927656439587834,General Pool,Intro Pack,Pre-2015
-0.28518618267835777,-0.2447306452032921,General Pool,Duel Deck,2015-2019
2.1350971414748847,0.003754450496154582,Commander/Brawl,Commander Deck,2020-Present
-0.306769528628315,-0.27444363433559005,General Pool,Theme Deck,Pre-2015
-0.27764752611104965,-0.04097966013980078,General Pool,Intro Pack,Pre-2015
2.1858853175932316,-0.16086712479152393,Commander/Brawl,Commander Deck,2020-Present
-0.306769528628315,-0.27444363433559005,General Pool,Bundle Land Pack,2020-Present
-0.306769528628315,-0.27444363433559005,General Pool,MTGO Redemption,2020-Present
-0.2779047887099064,-0.2411995230880853,General Pool,Arena Starter Deck,2020-Present
-0.306769528628315,-0.27444363433559005,General Pool,Theme Deck,Pre-2015
-0.306769528628315,-0.27444363433559005,General Pool,Starter Kit,2020-Present
-0.35048912086290235,0.055711163542665365,General Pool,Sample Deck,Pre-2015
-0.32350349264927464,-0.11430252956560377,General Pool,Sample Deck,Pre-2015
-0.34981881742347704,0.07534597459507275,General Pool,Sample Deck,Pre-2015
-0.32684729722938505,-0.11171766537981931,General Pool,Sample Deck,Pre-2015
-0.329741048822407,-0.08737999436069799,General Pool,Sample Deck,Pre-2015
-0.34207003494507915,0.0035759022981880495,General Pool,Sample Deck,Pre-2015
-0.306769528628315,-0.27444363433559005,General Pool,Welcome Deck,2020-Present
-0.3696615148409793,0.19868218650922342,General Pool,Sample Deck,Pre-2015
-0.3460841429646148,-0.013474044568434873,General Pool,Welcome Deck,2015-2019
-0.35048912086290235,0.055711163542665365,General Pool,Welcome Deck,2015-2019
-0.306769528628315,-0.27444363433559005,General Pool,Sample Deck,2015-2019
-0.306769528628315,-0.27444363433559005,General Pool,Welcome Deck,2020-Present
-0.306769528628315,-0.27444363433559005,General Pool,Welcome Deck,2015-2019
-0.3725552664340013,0.22301985752834474,General Pool,Sample Deck,Pre-2015
-0.3621478035461491,0.1663018712539588,General Pool,Sample Deck,Pre-2015
-0.32751760066881036,-0.1313524764322267,General Pool,Game Night Deck,2015-2019
-0.306769528628315,-0.27444363433559005,General Pool,Halfdeck,2020-Present
-0.306769528628315,-0.27444363433559005,General Pool,Theme Deck,Pre-2015
-0.32233369327838024,-0.1873809968525163,General Pool,MTGO Theme Deck,Pre-2015
-0.3743250313534943,0.16927462705102903,General Pool,Theme Deck,Pre-2015
-0.306769528628315,-0.27444363433559005,General Pool,Welcome Deck,Pre-2015
-0.306769528628315,-0.27444363433559005,General Pool,Welcome Deck,Pre-2015
-0.306769528628315,-0.27444363433559005,General Pool,Welcome Deck,Pre-2015
-0.306769528628315,-0.27444363433559005,General Pool,Welcome Deck,Pre-2015
-0.306769528628315,-0.27444363433559005,General Pool,Welcome Deck,Pre-2015
-0.27010171450958037,-0.15391597250135314,General Pool,MTGO Redemption,Pre-2015
-0.27010171450958037,-0.15391597250135314,General Pool,MTGO Redemption,Pre-2015
-0.3235314686704053,-0.24927656439587834,General Pool,Arena Starter Deck,2015-2019
-0.3269138189576636,-0.14599495170646426,General Pool,Intro Pack,Pre-2015
-0.3269138189576636,-0.14599495170646426,General Pool,Arena Starter Deck,2015-2019
-0.306769528628315,-0.27444363433559005,General Pool,Guild Kit,2015-2019
-0.31752125286706173,0.09811624236473704,General Pool,Intro Pack,Pre-2015
-0.335614518230828,0.012859612629648298,General Pool,Game Night Deck,2020-Present
1.2542015131494837,0.025286579747217208,Commander/Brawl,Historic Brawl Precon Deck,2020-Present
-0.08329712388508145,-0.06728471082833776,General Pool,Intro Pack,2015-2019
-0.3380949882043644,-0.13814387112584559,General Pool,Theme Deck,2015-2019
-0.306769528628315,-0.27444363433559005,General Pool,Enhanced Deck,Pre-2015
-0.306769528628315,-0.27444363433559005,General Pool,Theme Deck,Pre-2015
-0.40521117144425345,0.46184058321709853,General Pool,Intro Pack,Pre-2015
1.9420183498965655,0.010281066965099395,Commander/Brawl,Commander Deck,2015-2019
1.9420183498965655,0.010281066965099395,Commander/Brawl,Commander Deck,2015-2019
-0.32497657350371545,-0.23006340959971017,General Pool,World Championship Deck,Pre-2015
-0.32861772566404995,0.23706812654139986,General Pool,World Championship Deck,Pre-2015
-0.32462432153993687,-0.024243475598084374,General Pool,World Championship Deck,Pre-2015
-0.2755692339159082,-0.2744946593261193,General Pool,Archenemy Deck,Pre-2015
-0.31773338378556387,-0.23909032688808265,General Pool,Starter Kit,2020-Present
-0.21733844157743296,0.6002269522296427,General Pool,Intro Pack,Pre-2015
1.589488258230916,-0.1453297896334815,Commander/Brawl,Commander Deck,2020-Present
1.0046714693562429,-0.1619012511724227,Commander/Brawl,Commander Deck,Pre-2015
1.0046714693562429,-0.1619012511724227,Commander/Brawl,Commander Deck,2015-2019
-0.306769528628315,-0.27444363433559005,General Pool,Theme Deck,Pre-2015
-0.32252527628015415,-0.22744805732235074,General Pool,MTGO Theme Deck,Pre-2015
2.4970907868431467,-0.11507534392471072,Commander/Brawl,Commander Deck,2020-Present
2.6581699537420986,0.07591816791811234,Commander/Brawl,Commander Deck,2020-Present
-0.05918715434255448,-0.18855296565785495,General Pool,Intro Pack,2015-2019
-0.32497657350371545,-0.23006340959971017,General Pool,Advanced Deck,Pre-2015
-0.34932394518978616,-0.017539260916271004,General Pool,Theme Deck,Pre-2015
1.463823453461735,0.009353571614090506,Commander/Brawl,Commander Deck,2015-2019
-0.3162999275235022,-0.2535999943001689,General Pool,World Championship Deck,Pre-2015
-0.37179998223777294,0.21770435874754823,General Pool,Intro Pack,Pre-2015
-0.03517940690261684,-0.14733362236178116,General Pool,Theme Deck,Pre-2015
-0.306769528628315,-0.27444363433559005,General Pool,Challenger Deck,2020-Present
3.046810576619739,0.059848689945949995,Commander/Brawl,Commander Deck,2020-Present
-0.306769528628315,-0.27444363433559005,General Pool,Theme Deck,Pre-2015
-0.3304298628353637,-0.13402866958700624,General Pool,Shandalar Enemy Deck,Pre-2015
-0.2555522222034051,0.058826144542262204,General Pool,Shandalar Enemy Deck,Pre-2015
-0.2569056679038014,-0.2699093193803887,General Pool,MTGO Redemption,Pre-2015
-0.2569056679038014,-0.2699093193803887,General Pool,MTGO Redemption,Pre-2015
-0.33091099689105674,-0.08466786173587967,General Pool,Planeswalker Deck,2015-2019
-0.3459988734026713,-0.11225495304258964,General Pool,Planeswalker Deck,2020-Present
-0.3695794762853691,0.0492765369565481,General Pool,Planeswalker Deck,2015-2019
-0.34152559209835515,-0.13004991815409706,General Pool,Duel Deck,Pre-2015
-0.306769528628315,-0.27444363433559005,General Pool,Planeswalker Deck,2015-2019
-0.34152559209835515,-0.13004991815409706,General Pool,Duel Deck,Pre-2015
-0.306769528628315,-0.27444363433559005,General Pool,Archenemy Deck,2015-2019
-0.34152559209835515,-0.13004991815409706,General Pool,Duel Deck,Pre-2015
-0.4014543905753393,0.26407118571748267,General Pool,Arena Starter Deck,2015-2019
1.5450058505324558,-0.1771055518403878,Commander/Brawl,Commander Deck,2020-Present
0.3678864155631581,-0.08639346028608169,General Pool,Planechase Deck,Pre-2015
0.3678864155631581,-0.08639346028608169,General Pool,Planechase Deck,2015-2019
-0.306769528628315,-0.27444363433559005,General Pool,Theme Deck,Pre-2015
-0.2886173872418451,-0.24317952349289162,General Pool,Arena Starter Deck,2020-Present
-0.34527840920945047,0.021966327699752375,General Pool,Theme Deck,Pre-2015
-0.34532332379823294,-0.03893728817450476,General Pool,Theme Deck,Pre-2015
-0.3404362992123924,-0.1360911465606791,General Pool,Theme Deck,Pre-2015
-0.15759262142500727,0.5118396751855266,General Pool,Theme Deck,Pre-2015
-0.22922207771161102,-0.21664017914845157,General Pool,Shandalar Enemy Deck,Pre-2015
-0.306769528628315,-0.27444363433559005,General Pool,Box Set,2020-Present
-0.2675918139160395,-0.272231737722107,General Pool,Theme Deck,Pre-2015
-0.34763072208588014,0.012746913315344832,General Pool,Arena Starter Deck,2020-Present
-0.306769528628315,-0.27444363433559005,General Pool,MTGO Redemption,Pre-2015
-0.306769528628315,-0.27444363433559005,General Pool,MTGO Redemption,Pre-2015
1.1596677408434182,0.05187502009844008,Commander/Brawl,Historic Brawl Precon Deck,2020-Present
-0.12615768342004716,2.022699142348367,MTGO/Digital (Pre-2015),Box Set,Pre-2015
-0.306769528628315,-0.27444363433559005,General Pool,Theme Deck,Pre-2015
-0.2748869827511499,0.011621216507892274,General Pool,Arena Starter Deck,2020-Present
-0.07134254208195978,-0.1282460608255044,General Pool,Intro Pack,2015-2019
0.13266305113662596,-0.03726939187525474,General Pool,MTGO Redemption,Pre-2015
0.13266305113662596,-0.03726939187525474,General Pool,MTGO Redemption,Pre-2015
-0.24016655525142666,-0.04311104887480066,General Pool,Shandalar Enemy Deck,Pre-2015
-0.26362923341885175,-0.19024520774194986,General Pool,Event Deck,Pre-2015
-0.306769528628315,-0.27444363433559005,General Pool,Arena Starter Deck,2020-Present
-0.5243407834815015,2.3027832599667515,MTGO/Digital (Pre-2015),MTGO Redemption,2015-2019
-0.5243407834815015,2.3027832599667515,MTGO/Digital (Pre-2015),MTGO Redemption,2015-2019
0.10245149737239129,2.105756185745943,MTGO/Digital (Modern),MTGO Redemption,2015-2019
0.10245149737239129,2.105756185745943,MTGO/Digital (Modern),MTGO Redemption,2015-2019
0.1854867313286006,0.9708856332779705,MTGO/Digital (Modern),MTGO Redemption,2020-Present
0.1854867313286006,0.9708856332779705,MTGO/Digital (Modern),MTGO Redemption,2020-Present
2.3183758306723288,-0.12216817397747864,Commander/Brawl,Commander Deck,2020-Present
2.3996039538705367,0.07439224099053049,Commander/Brawl,Commander Deck,2020-Present
2.3996039538705367,0.07439224099053049,Commander/Brawl,Commander Deck,2020-Present
1.891654880026414,0.12401403307462117,Commander/Brawl,Commander Deck,2020-Present
1.422477141899428,0.045220052864146154,Commander/Brawl,Commander Deck,Pre-2015
-0.306769528628315,-0.27444363433559005,General Pool,Challenger Deck,2015-2019
2.1244434855990515,-0.1783658621976798,Commander/Brawl,Commander Deck,2020-Present
-0.306769528628315,-0.27444363433559005,General Pool,Arena Starter Deck,2020-Present
-0.364914611979279,0.07154863231487513,General Pool,Shandalar Enemy Deck,Pre-2015
1.4987802020154548,-0.03679149002622459,Commander/Brawl,Commander Deck,2020-Present
1.4987802020154548,-0.03679149002622459,Commander/Brawl,Commander Deck,2020-Present
-0.05918715434255448,-0.18855296565785495,General Pool,Event Deck,Pre-2015
-0.4057250191958285,0.4096691046397858,General Pool,Theme Deck,Pre-2015
-0.306769528628315,-0.27444363433559005,General Pool,Theme Deck,Pre-2015
-0.2951226057989588,-0.24438158541967064,General Pool,Arena Promotional Deck,2020-Present
-0.10178455430573277,0.21200052285757914,General Pool,Intro Pack,2015-2019
-0.22922207771161102,-0.21664017914845157,General Pool,Shandalar Enemy Deck,Pre-2015
-0.34671753170391867,0.16747190985073312,General Pool,Enhanced Deck,Pre-2015
-0.3635303686736334,0.005442936561375122,General Pool,Theme Deck,Pre-2015
-0.3459988734026713,-0.11225495304258964,General Pool,Arena Starter Deck,2015-2019
-0.3071569429311111,-0.2212732907834334,General Pool,Intro Pack,2015-2019
-0.1194669240857377,-0.1514834201906542,General Pool,Duel Deck,Pre-2015
-0.28059566444873807,-0.24609867375863972,General Pool,Duel Deck,2015-2019
-0.3828237384848304,0.3660588792534921,General Pool,Theme Deck,Pre-2015
1.649009661510747,-0.14757247241452817,Commander/Brawl,Commander Deck,2020-Present
-0.306769528628315,-0.27444363433559005,General Pool,Intro Pack,2015-2019
-0.2483765023268203,-0.18432448519804118,General Pool,Clash Pack,2015-2019
-0.31639104391645523,-0.18525527104716227,General Pool,World Championship Deck,Pre-2015
-0.3820886007498381,0.19029096844491789,General Pool,Theme Deck,Pre-2015
-0.07775369663835893,-0.07067453379406313,General Pool,MTGO Redemption,Pre-2015
-0.07775369663835893,-0.07067453379406313,General Pool,MTGO Redemption,Pre-2015
-0.306769528628315,-0.27444363433559005,General Pool,Theme Deck,Pre-2015
-0.306769528628315,-0.27444363433559005,General Pool,Intro Pack,Pre-2015
-0.32133304816227415,-0.1633109410655573,General Pool,Game Night Deck,2020-Present
-0.2750816961384229,-0.17441854372915105,General Pool,MTGO Redemption,Pre-2015
-0.2750816961384229,-0.17441854372915105,General Pool,MTGO Redemption,Pre-2015
-0.34278508155872583,-0.04868375141526693,General Pool,World Championship Deck,Pre-2015
-0.3071569429311111,-0.2212732907834334,General Pool,Starter Kit,2020-Present
-0.36171981487081584,0.22351888111287987,General Pool,Theme Deck,Pre-2015
-0.1194669240857377,-0.1514834201906542,General Pool,Intro Pack,Pre-2015
-0.306769528628315,-0.27444363433559005,General Pool,MTGO Theme Deck,Pre-2015
-0.33091099689105674,-0.08466786173587967,General Pool,Challenger Deck,2015-2019
1.711667980008269,-0.1897353923067675,Commander/Brawl,Commander Deck,2020-Present
-0.3569803362566043,0.17849289809329694,General Pool,Theme Deck,Pre-2015
-0.32133304816227415,-0.1633109410655573,General Pool,Intro Pack,Pre-2015
-0.306769528628315,-0.27444363433559005,General Pool,MTGO Theme Deck,Pre-2015
0.22293426551364598,0.010266811137392029,General Pool,MTGO Commander Deck,Pre-2015
-0.3284928982290111,0.14268975510482718,General Pool,Event Deck,Pre-2015
-0.3051492026797867,0.21751023113629903,General Pool,Intro Pack,Pre-2015
-0.306769528628315,-0.27444363433559005,General Pool,Theme Deck,Pre-2015
-0.3589937208322964,0.08981507588533544,General Pool,Intro Pack,Pre-2015
-0.306769528628315,-0.27444363433559005,General Pool,Intro Pack,Pre-2015
-0.32133304816227415,-0.1633109410655573,General Pool,Event Deck,Pre-2015
-0.2748015623665856,1.2295976545818461,General Pool,Intro Pack,Pre-2015
2.6677565120811204,0.27112646579144806,Commander/Brawl,Commander Deck,2020-Present
-0.37145562353358336,0.3354904889595757,General Pool,Theme Deck,Pre-2015
-0.4102052543355103,0.25562583433809627,General Pool,Starter Deck,Pre-2015
-0.3561381752638635,0.5471612844101353,General Pool,Starter Deck,Pre-2015
-0.5778552320201056,1.6618273660319867,MTGO/Digital (Pre-2015),Deck Builder's Toolkit,2015-2019
-0.0878965476112159,1.610581183728647,MTGO/Digital (Modern),Deck Builder's Toolkit,2015-2019
-0.34268710685836534,-0.0799603576066204,General Pool,Starter Deck,Pre-2015
-0.36956055603480276,0.026591211812016846,General Pool,Starter Deck,Pre-2015
2.1126792715399776,-0.14541959199933327,Commander/Brawl,Commander Deck,2020-Present
-0.34412848768704285,-0.1200314062758612,General Pool,Advanced Deck,Pre-2015
-0.38736627916422534,0.11900640006973884,General Pool,Theme Deck,Pre-2015
-0.38581550836713363,0.21962180666273884,General Pool,Enhanced Deck,Pre-2015
-0.306769528628315,-0.27444363433559005,General Pool,Theme Deck,Pre-2015
-0.36290536423505293,1.0491607324037355,General Pool,Theme Deck,Pre-2015
-0.07933144467190303,-0.060104283028729166,General Pool,Intro Pack,2015-2019
-0.31372475274813594,0.019843335448856414,General Pool,Duel Deck,Pre-2015
-0.31372475274813594,0.019843335448856414,General Pool,Duel Deck,Pre-2015
-0.14170685616920037,0.46905163097606617,General Pool,Intro Pack,Pre-2015
1.438311252377603,0.007697059489323976,Commander/Brawl,Commander Deck,2020-Present
-0.306769528628315,-0.27444363433559005,General Pool,Arena Starter Deck,2020-Present
-0.05918715434255448,-0.18855296565785495,General Pool,Intro Pack,2015-2019
-0.3695794762853691,0.0492765369565481,General Pool,Arena Starter Deck,2020-Present
-0.2596933522300515,-0.04311182558859894,General Pool,Theme Deck,Pre-2015
-0.3238599427091411,-0.14405890644791833,General Pool,Intro Pack,Pre-2015
1.2313533526558156,0.3611111878141601,Commander/Brawl,Commander Deck,2015-2019
1.2313533526558156,0.3611111878141601,Commander/Brawl,Commander Deck,Pre-2015
-0.32133304816227415,-0.1633109410655573,General Pool,Intro Pack,Pre-2015
-0.05918715434255448,-0.18855296565785495,General Pool,Challenger Deck,2020-Present
-0.32350349264927464,-0.11430252956560377,General Pool,Pioneer Challenger Deck,2020-Present
-0.3094436885407271,-0.19528201789004793,General Pool,Intro Pack,Pre-2015
-0.306769528628315,-0.27444363433559005,General Pool,Theme Deck,Pre-2015
-0.1441213406050501,0.5765003301788424,General Pool,Arena Starter Deck,2015-2019
-0.28059566444873807,-0.24609867375863972,General Pool,Challenger Deck,2020-Present
-0.306769528628315,-0.27444363433559005,General Pool,Guild Kit,2015-2019
-0.306769528628315,-0.27444363433559005,General Pool,Arena Starter Deck,2020-Present
-0.30123022631380864,-0.2622138066552136,General Pool,Theme Deck,Pre-2015
-0.3684593281849784,0.043056615466654846,General Pool,Enhanced Deck,Pre-2015
-0.3147546961336431,-0.2761296566926243,General Pool,Theme Deck,Pre-2015
-0.2605428779547601,-0.27843594825115414,General Pool,MTGO Redemption,Pre-2015
-0.2605428779547601,-0.27843594825115414,General Pool,MTGO Redemption,Pre-2015
-0.3329617410090435,-0.2317494319567444,General Pool,Theme Deck,Pre-2015
2.2734125107130314,0.057014653445485064,Commander/Brawl,Commander Deck,2020-Present
-0.34066900999066096,0.19579407115985104,General Pool,Duel Deck,Pre-2015
-0.34066900999066096,0.19579407115985104,General Pool,Duel Deck,Pre-2015
-0.306769528628315,-0.27444363433559005,General Pool,Theme Deck,Pre-2015
-0.3482393574842847,0.0781183271424441,General Pool,Arena Starter Deck,2015-2019
-0.3729112615894842,0.2782243087518086,General Pool,MTGO Redemption,2015-2019
-0.3729112615894842,0.2782243087518086,General Pool,MTGO Redemption,2015-2019
-0.2647218325303499,0.24640526173267996,General Pool,MTGO Redemption,2020-Present
-0.2647218325303499,0.24640526173267996,General Pool,MTGO Redemption,2020-Present
-0.21719503505733467,-0.23017468884969272,General Pool,Advanced Deck,Pre-2015
-0.3162999275235022,-0.2535999943001689,General Pool,Theme Deck,Pre-2015
-0.306769528628315,-0.27444363433559005,General Pool,Planeswalker Deck,2015-2019
-0.32133304816227415,-0.1633109410655573,General Pool,Intro Pack,Pre-2015
-0.306769528628315,-0.27444363433559005,General Pool,Planeswalker Deck,2015-2019
1.7062636204282642,-0.11406802312022069,Commander/Brawl,Commander Deck,2020-Present
2.1650056702458325,-0.11297466981083007,Commander/Brawl,Commander Deck,2020-Present
1.2606225014341763,-0.17340987312630374,Commander/Brawl,Commander Deck,2015-2019
-0.3829051037741101,0.04136079952624783,General Pool,Game Night Deck,2015-2019
-0.345914296161078,-0.025849506853378557,General Pool,Game Night Deck,2020-Present
1.8505832172458332,-0.010671377187094877,Commander/Brawl,Commander Deck,2020-Present
-0.2422291166304137,-0.06655755223378645,General Pool,Shandalar Enemy Deck,Pre-2015
-0.3246587546015869,-0.08341316285669365,General Pool,Arena Starter Deck,2015-2019
-0.3210750402237198,-0.18172381086264752,General Pool,MTGO Redemption,Pre-2015
-0.3210750402237198,-0.18172381086264752,General Pool,MTGO Redemption,Pre-2015
-0.18155426935478833,0.8267812743111713,General Pool,MTGO Redemption,2015-2019
-0.18155426935478833,0.8267812743111713,General Pool,MTGO Redemption,2015-2019
-0.306769528628315,-0.27444363433559005,General Pool,Duel Deck,Pre-2015
-0.38837053806356703,0.3540037162066898,General Pool,Shandalar Enemy Deck,Pre-2015
-0.306769528628315,-0.27444363433559005,General Pool,Arena Starter Deck,2020-Present
2.4541053624986313,0.0801582414044863,Commander/Brawl,Commander Deck,2020-Present
-0.13043077924298652,-0.1161301127431468,General Pool,MTGO Redemption,2020-Present
-0.36579759341136875,0.15805483147006372,General Pool,Duel Of The Planeswalkers Deck,Pre-2015
-0.36579759341136875,0.15805483147006372,General Pool,Theme Deck,Pre-2015
-0.2886173872418451,-0.24317952349289162,General Pool,Starter Kit,2020-Present
-0.306769528628315,-0.27444363433559005,General Pool,MTGO Redemption,2020-Present
-0.7234405792001879,3.358938594399097,MTGO/Digital (Pre-2015),MTGO Redemption,Pre-2015
-0.7234405792001879,3.358938594399097,MTGO/Digital (Pre-2015),MTGO Redemption,Pre-2015
-0.3269138189576636,-0.14599495170646426,General Pool,Intro Pack,Pre-2015
-0.05918715434255448,-0.18855296565785495,General Pool,Intro Pack,2015-2019
1.8258714808751257,0.2069826317367699,Commander/Brawl,Commander Deck,2020-Present
1.8258714808751257,0.2069826317367699,Commander/Brawl,Commander Deck,2020-Present
0.7418913176033504,-0.1408189260077695,General Pool,Commander Deck,2020-Present
-0.19303238158873454,-0.25657183005502965,General Pool,Duel Deck,2015-2019
-0.32040754369797597,-0.15992871044254053,General Pool,MTGO Redemption,2015-2019
-0.32040754369797597,-0.15992871044254053,General Pool,MTGO Redemption,2015-2019
-0.306769528628315,-0.27444363433559005,General Pool,Intro Pack,Pre-2015
-0.3620820811370765,0.053108300219100735,General Pool,Shandalar Enemy Deck,Pre-2015
-0.306769528628315,-0.27444363433559005,General Pool,Theme Deck,Pre-2015
-0.07654244600109164,0.007060937584974114,General Pool,Planechase Deck,Pre-2015
-0.22317042057561587,-0.20071349905198088,General Pool,Duel Deck,Pre-2015
-0.28529757784301896,-0.21218928111240362,General Pool,Duel Deck,2015-2019
-0.306769528628315,-0.27444363433559005,General Pool,Planeswalker Deck,2020-Present
1.845767944405777,0.04625488761783669,Commander/Brawl,Commander Deck,2020-Present
1.2856990546145095,-0.19722624255465282,Commander/Brawl,Commander Deck,2020-Present
-0.2818356579544189,0.1374157259561652,General Pool,Duel Deck,Pre-2015
-0.2818356579544189,0.1374157259561652,General Pool,Duel Deck,Pre-2015
-0.306769528628315,-0.27444363433559005,General Pool,Theme Deck,Pre-2015
-0.3560831058826719,0.14378206482726408,General Pool,Shandalar Enemy Deck,Pre-2015
-0.306769528628315,-0.27444363433559005,General Pool,Theme Deck,Pre-2015
-0.306769528628315,-0.27444363433559005,General Pool,Theme Deck,Pre-2015
-0.34412848768704285,-0.1200314062758612,General Pool,Enhanced Deck,Pre-2015
-0.32497657350371545,-0.23006340959971017,General Pool,Theme Deck,Pre-2015
0.14651569305386264,0.036266036109360966,General Pool,MTGO Commander Deck,Pre-2015
-0.33091099689105674,-0.08466786173587967,General Pool,Shandalar Enemy Deck,Pre-2015
-0.3447549153840466,0.05259543824089863,General Pool,Game Night Deck,2015-2019
-0.1194669240857377,-0.1514834201906542,General Pool,Theme Deck,Pre-2015
2.391492701020168,0.10165445906478138,Commander/Brawl,Commander Deck,2020-Present
1.6007234373359187,-0.011729480292431038,Commander/Brawl,Commander Deck,2020-Present
1.7989774267671823,-0.12944036696098443,Commander/Brawl,Commander Deck,2020-Present
-0.05918715434255448,-0.18855296565785495,General Pool,Intro Pack,2015-2019
-0.3307237813953534,0.6434700158689295,General Pool,Intro Pack,Pre-2015
1.9866132336523146,0.21063441777894332,Commander/Brawl,Commander Deck,2015-2019
-0.13015903937068024,-0.11687020976283694,General Pool,Theme Deck,Pre-2015
-0.21673868214381162,0.6819497424758185,General Pool,Pro Tour Deck,Pre-2015
-0.3459988734026713,-0.11225495304258964,General Pool,Enhanced Deck,Pre-2015
-0.32497657350371545,-0.23006340959971017,General Pool,Theme Deck,Pre-2015
-0.1194669240857377,-0.1514834201906542,General Pool,Intro Pack,Pre-2015
-0.306769528628315,-0.27444363433559005,General Pool,Intro Pack,Pre-2015
1.131988595292869,-0.114083378486938,Commander/Brawl,Commander Deck,Pre-2015
2.530911025152176,0.17320466180532246,Commander/Brawl,Commander Deck,2020-Present
-0.06452524034953044,-0.15202553164693883,General Pool,Intro Pack,Pre-2015
-0.31773338378556387,-0.23909032688808265,General Pool,Arena Starter Deck,2015-2019
1.3398115090115073,0.0961319387744517,Commander/Brawl,Commander Deck,Pre-2015
1.3398115090115073,0.0961319387744517,Commander/Brawl,Commander Deck,2015-2019
-0.306769528628315,-0.27444363433559005,General Pool,MTGO Redemption,Pre-2015
-0.306769528628315,-0.27444363433559005,General Pool,MTGO Redemption,Pre-2015
1.6758153168445602,0.043922341653323815,Commander/Brawl,Commander Deck,2020-Present
-0.39731775150809157,0.5110723611099304,General Pool,Theme Deck,Pre-2015
-0.21101503283621056,-0.26102040388433145,General Pool,MTGO Theme Deck,Pre-2015
1.625685771537848,-0.1781408760014635,Commander/Brawl,Commander Deck,2020-Present
1.9621524698940709,-0.15747560931734028,Commander/Brawl,Commander Deck,2020-Present
-0.306769528628315,-0.27444363433559005,General Pool,Theme Deck,Pre-2015
0.9940235233712538,-0.1615161254110557,Commander/Brawl,Commander Deck,2015-2019
-0.37400963169920365,0.24503368580753415,General Pool,Duel Of The Planeswalkers Deck,Pre-2015
-0.37400963169920365,0.24503368580753415,General Pool,Theme Deck,Pre-2015
2.252197796546706,0.19232837393258156,Commander/Brawl,Commander Deck,2015-2019
2.1687854605271757,-0.17739282009984159,Commander/Brawl,Commander Deck,2020-Present
-0.306769528628315,-0.27444363433559005,General Pool,Arena Starter Deck,2020-Present
0.8585517957231341,-0.055570387527243276,Commander/Brawl,Brawl Deck,2015-2019
2.4589037437859145,0.30341919324092903,Commander/Brawl,Commander Deck,2020-Present
-0.3404843385381773,0.09404253632070869,General Pool,Intro Pack,Pre-2015
-0.32600811305595045,0.4202997757481357,General Pool,Theme Deck,Pre-2015
-0.27594449121086706,-0.13550655022656477,General Pool,Clash Pack,Pre-2015
-0.306769528628315,-0.27444363433559005,General Pool,Theme Deck,Pre-2015
-0.10566806381875857,0.025912823216341252,MTGO/Digital (Modern),MTGO Redemption,2015-2019
-0.10566806381875857,0.025912823216341252,MTGO/Digital (Modern),MTGO Redemption,2015-2019
-0.3253360709241195,-0.15656520247179823,General Pool,Intro Pack,Pre-2015
-0.29267845523182673,0.024634554543421505,General Pool,Clash Pack,Pre-2015
-0.3598868433321921,0.07219540509552802,General Pool,Intro Pack,Pre-2015
-0.306769528628315,-0.27444363433559005,General Pool,Intro Pack,Pre-2015
2.053588730986351,0.0935443492034852,Commander/Brawl,Commander Deck,2015-2019
-0.3631984290719519,0.12555378964354602,General Pool,Enhanced Deck,Pre-2015
-0.306769528628315,-0.27444363433559005,General Pool,Theme Deck,Pre-2015
-0.38007938726827306,0.10545642800698823,General Pool,Intro Pack,Pre-2015
-0.20878812924057366,-0.20957625304179034,General Pool,MTGO Theme Deck,Pre-2015
-0.22897624620682488,-0.28101885487201345,General Pool,MTGO Redemption,Pre-2015
-0.22897624620682488,-0.28101885487201345,General Pool,MTGO Redemption,Pre-2015
-0.2820107295349254,-0.24427031614416192,General Pool,Challenger Deck,2020-Present
-0.3305104437854822,-0.22913407967938504,General Pool,Theme Deck,Pre-2015
-0.3413340090965812,-0.08998285768426262,General Pool,Premium Deck,Pre-2015
-0.2514516042044801,0.783781268685704,General Pool,Intro Pack,Pre-2015
-0.3811979373849781,0.3516492531423252,General Pool,Intro Pack,Pre-2015
-0.306769528628315,-0.27444363433559005,General Pool,Arena Starter Deck,2020-Present
1.260750903889751,0.04545998300874132,Commander/Brawl,Commander Deck,2020-Present
-0.23820801015260445,1.0853084986055397,General Pool,Deck Builder's Toolkit,2015-2019
-0.4359641309816362,0.7099609806021012,General Pool,Deck Builder's Toolkit,2015-2019
-0.2786031123824989,1.417756995246428,General Pool,Deck Builder's Toolkit,Pre-2015
-0.20899539550504764,2.4275477397799947,MTGO/Digital (Pre-2015),Deck Builder's Toolkit,Pre-2015
-0.454274579666412,3.0142441901110826,MTGO/Digital (Pre-2015),Deck Builder's Toolkit,Pre-2015
-0.20105586373966433,0.7506090434667736,General Pool,Deck Builder's Toolkit,2015-2019
-0.35973263697375557,-0.08566969341821717,General Pool,Advanced Deck,Pre-2015
-0.33094120676093564,-0.06982493817910729,General Pool,Intro Pack,Pre-2015
-0.24594542687623966,-0.020847403187583324,General Pool,Challenger Deck,2020-Present
1.1877811785793824,0.04001368721763332,Commander/Brawl,Historic Brawl Precon Deck,2020-Present
-0.18099223944974763,0.2710865659453232,General Pool,Intro Pack,Pre-2015
2.558782262412211,0.2090012056043316,Commander/Brawl,Commander Deck,2020-Present
2.6983682542024647,0.12831599879784233,Commander/Brawl,Commander Deck,2020-Present
2.6983682542024647,0.12831599879784233,Commander/Brawl,Commander Deck,2020-Present
-0.33091099689105674,-0.08466786173587967,General Pool,Shandalar Enemy Deck,Pre-2015
-0.33905696080921016,-0.06422198295616433,General Pool,Arena Starter Deck,2020-Present
-0.3177168420081258,-0.035380192770268326,General Pool,Arena Starter Deck,2015-2019
-0.33654601780032833,0.12217340041439961,General Pool,Arena Starter Deck,2015-2019
-0.306769528628315,-0.27444363433559005,General Pool,Intro Pack,Pre-2015
0.6217835904211855,-0.22680230197149848,General Pool,Commander Deck,Pre-2015
2.304264777644637,0.06812143004561971,Commander/Brawl,Commander Deck,2020-Present
-0.329741048822407,-0.08737999436069799,General Pool,Shandalar Enemy Deck,Pre-2015
-0.306769528628315,-0.27444363433559005,General Pool,Theme Deck,Pre-2015
-0.05918715434255448,-0.18855296565785495,General Pool,Intro Pack,2015-2019
-0.3385520265776396,-0.13223844242866167,General Pool,Clash Pack,Pre-2015
-0.306769528628315,-0.27444363433559005,General Pool,Theme Deck,Pre-2015
-0.306769528628315,-0.27444363433559005,General Pool,MTGO Redemption,Pre-2015
-0.306769528628315,-0.27444363433559005,General Pool,MTGO Redemption,Pre-2015
-0.07189411498275064,-0.19651943966383814,General Pool,World Championship Deck,Pre-2015
-0.34394830193463166,0.05217652274353152,General Pool,Theme Deck,Pre-2015
-0.31872411043143667,-0.2134822843384234,General Pool,Planeswalker Deck,2020-Present
-0.29617277440792783,0.03782497424053438,General Pool,Duel Deck,Pre-2015
-0.29617277440792783,0.03782497424053438,General Pool,Duel Deck,Pre-2015
-0.2796007981955081,-0.06890369954672243,General Pool,MTGO Theme Deck,Pre-2015
-0.35365445155982217,0.07628186271976378,General Pool,MTGO Redemption,Pre-2015
-0.35365445155982217,0.07628186271976378,General Pool,MTGO Redemption,Pre-2015
-0.3664882906056173,0.12185559129471862,General Pool,Pro Tour Deck,Pre-2015
-0.306769528628315,-0.27444363433559005,General Pool,Intro Pack,2015-2019
-0.306769528628315,-0.27444363433559005,General Pool,Planeswalker Deck,2015-2019
-0.306769528628315,-0.27444363433559005,General Pool,Planeswalker Deck,2015-2019
-0.306769528628315,-0.27444363433559005,General Pool,Archenemy Deck,2015-2019
-0.3253360709241195,-0.15656520247179823,General Pool,Intro Pack,Pre-2015
-0.306769528628315,-0.27444363433559005,General Pool,Event Deck,Pre-2015
-0.36739505689134855,0.08385589925649684,General Pool,Game Night Deck,2015-2019
-0.18504637381713268,-0.028778604397096175,General Pool,Game Night Deck,2020-Present
-0.34530861907932936,0.03680925125652473,General Pool,Theme Deck,Pre-2015
-0.32113694094670875,-0.16780944489995803,General Pool,Theme Deck,Pre-2015
-0.26672778300437233,-0.2727310934962754,General Pool,Theme Deck,Pre-2015
-0.3459988734026713,-0.11225495304258964,General Pool,Arena Starter Deck,2020-Present
-0.28109519532276606,-0.16609690406064334,General Pool,Duel Deck,Pre-2015
-0.26672778300437233,-0.2727310934962754,General Pool,Duel Deck,2015-2019
-0.28109519532276606,-0.16609690406064334,General Pool,Duel Deck,Pre-2015
-0.306769528628315,-0.27444363433559005,General Pool,Shandalar Enemy Deck,Pre-2015
-0.306769528628315,-0.27444363433559005,General Pool,Theme Deck,Pre-2015
-0.2880167286762896,0.08871941959652102,General Pool,Starter Deck,Pre-2015
-0.2880167286762896,0.08871941959652102,General Pool,Starter Deck,Pre-2015
-0.2880167286762896,0.08871941959652102,General Pool,Starter Deck,Pre-2015
-0.306769528628315,-0.27444363433559005,General Pool,Theme Deck,Pre-2015
-0.306769528628315,-0.27444363433559005,General Pool,Arena Starter Deck,2015-2019
-0.2996401184217976,-0.15383369715299394,General Pool,Intro Pack,Pre-2015
-0.306769528628315,-0.27444363433559005,General Pool,Arena Starter Deck,2015-2019
-0.2417941705394288,-0.26715220584467086,General Pool,Duel Deck,Pre-2015
-0.306769528628315,-0.27444363433559005,General Pool,Guild Kit,2015-2019
-0.306769528628315,-0.27444363433559005,General Pool,Starter Kit,2020-Present
-0.3952876121415994,0.45641619369243036,General Pool,Intro Pack,Pre-2015
1.5344439474505978,0.06978587939177194,Commander/Brawl,Commander Deck,2020-Present
-0.30635810122099605,-0.03174616746072276,General Pool,Intro Pack,2015-2019
-0.3212448159052941,-0.11744604346931128,General Pool,Premium Deck,Pre-2015
1.212699699088082,-0.17090605565561712,Commander/Brawl,Commander Deck,2020-Present
-0.306769528628315,-0.27444363433559005,General Pool,Theme Deck,Pre-2015
-0.2820107295349254,-0.24427031614416192,General Pool,Arena Starter Deck,2020-Present
-0.28867626326454876,-0.1891870046005013,General Pool,Intro Pack,Pre-2015
-0.2915595196059869,-0.21074536631113233,General Pool,Arena Starter Deck,2020-Present
-0.32341479658296224,0.08143722842679457,General Pool,Arena Starter Deck,2015-2019
2.3230366329490204,0.17171123118716125,Commander/Brawl,Commander Deck,2020-Present
2.3230366329490204,0.17171123118716125,Commander/Brawl,Commander Deck,2020-Present
-0.3465861635927774,0.057433125369738436,General Pool,Shandalar Enemy Deck,Pre-2015
-0.3204613134772139,0.4323549387949379,General Pool,Sample Deck,Pre-2015
-0.3586822702220887,0.17628310665378166,General Pool,Sample Deck,Pre-2015
-0.3578861366014128,0.09333161022850367,General Pool,Sample Deck,Pre-2015
-0.3631984290719519,0.12555378964354602,General Pool,Sample Deck,Pre-2015
-0.2668199678846556,0.1666795841593851,General Pool,Sample Deck,Pre-2015
-0.27092389417151785,0.19780727973827072,General Pool,Sample Deck,Pre-2015
-0.33905696080921016,-0.06422198295616433,General Pool,Welcome Deck,2020-Present
-0.36422906980082526,0.1642279436069794,General Pool,Sample Deck,Pre-2015
-0.38305824559302787,0.32178153679164734,General Pool,Welcome Deck,2015-2019
-0.333744668338671,-0.09644416237120673,General Pool,Welcome Deck,2015-2019
-0.333744668338671,-0.09644416237120673,General Pool,Sample Deck,2015-2019
-0.306769528628315,-0.27444363433559005,General Pool,Welcome Deck,2020-Present
-0.32179008653554936,-0.15740551236837336,General Pool,Welcome Deck,2015-2019
-0.31872411043143667,-0.2134822843384234,General Pool,Sample Deck,Pre-2015
-0.333744668338671,-0.09644416237120673,General Pool,Sample Deck,Pre-2015
-0.3560831058826719,0.14378206482726408,General Pool,Game Night Deck,2015-2019
-0.306769528628315,-0.27444363433559005,General Pool,Halfdeck,2020-Present
-0.1693883841450365,0.04531847153016344,General Pool,Intro Pack,Pre-2015
-0.3418090155993282,-0.027306275224333654,General Pool,Intro Pack,Pre-2015
-0.32470490249005535,-0.11934888569046317,General Pool,Advanced Deck,Pre-2015
-0.3459988734026713,-0.11225495304258964,General Pool,Theme Deck,Pre-2015
-0.4561874695636404,1.1035319809547548,General Pool,Theme Deck,Pre-2015
-0.2951226057989588,-0.24438158541967064,General Pool,Arena Starter Deck,2020-Present
-0.306769528628315,-0.27444363433559005,General Pool,Arena Starter Deck,2020-Present
2.4797380684791857,0.06866657959266903,Commander/Brawl,Commander Deck,2020-Present
-0.33905696080921016,-0.06422198295616433,General Pool,Arena Starter Deck,2015-2019
-0.306769528628315,-0.27444363433559005,General Pool,Intro Pack,Pre-2015
-0.306769528628315,-0.27444363433559005,General Pool,Intro Pack,Pre-2015
-0.306769528628315,-0.27444363433559005,General Pool,Challenger Deck,2020-Present
-0.3200465903646391,-0.015264933049423113,General Pool,Pioneer Challenger Deck,2020-Present
-0.306769528628315,-0.27444363433559005,General Pool,Theme Deck,Pre-2015
-0.32244469533003567,-0.13234264722997197,General Pool,Guild Kit,2015-2019
-0.3547321275109308,0.07787900414945376,General Pool,Shandalar Enemy Deck,Pre-2015
1.0247292129150392,0.2730675938418712,Commander/Brawl,Commander Deck,Pre-2015
1.0247292129150392,0.2730675938418712,Commander/Brawl,Commander Deck,2015-2019
-0.2675918139160395,-0.272231737722107,General Pool,MTGO Redemption,Pre-2015
-0.2675918139160395,-0.272231737722107,General Pool,MTGO Redemption,Pre-2015
-0.3238599427091411,-0.14405890644791833,General Pool,MTGO Redemption,2015-2019
-0.3238599427091411,-0.14405890644791833,General Pool,MTGO Redemption,2015-2019
2.0044627405120643,0.03126654895669834,Commander/Brawl,Commander Deck,2020-Present
-0.40547951426655676,0.2247207965989132,General Pool,Theme Deck,Pre-2015
-0.40547951426655676,0.2247207965989132,General Pool,Duel Of The Planeswalkers Deck,Pre-2015
-0.32741003797985396,-0.03415993404024492,General Pool,Starter Kit,2020-Present
-0.33905696080921016,-0.06422198295616433,General Pool,MTGO Theme Deck,Pre-2015
-0.3627608134447615,-0.08708788310287793,General Pool,Challenger Deck,2015-2019
2.311793779951229,0.11364768850847834,Commander/Brawl,Commander Deck,2020-Present
1.111473060965121,0.2703922258674638,Commander/Brawl,Commander Deck,2015-2019
1.111473060965121,0.2703922258674638,Commander/Brawl,Commander Deck,Pre-2015
-0.306769528628315,-0.27444363433559005,General Pool,Theme Deck,Pre-2015
-0.3228731153267227,0.3165991892456921,General Pool,Theme Deck,Pre-2015
-0.306769528628315,-0.27444363433559005,General Pool,Duel Deck,Pre-2015
-0.28518618267835777,-0.2447306452032921,General Pool,Arena Starter Deck,2020-Present
-0.22587168103754796,-0.206638104149234,General Pool,Shandalar Enemy Deck,Pre-2015
-0.33852405055650897,0.0027355924016129185,General Pool,Intro Pack,Pre-2015
-0.306769528628315,-0.27444363433559005,General Pool,Event Deck,Pre-2015
-0.306769528628315,-0.27444363433559005,General Pool,Theme Deck,Pre-2015
-0.306769528628315,-0.27444363433559005,General Pool,Intro Pack,2015-2019
-0.329741048822407,-0.08737999436069799,General Pool,MTGO Redemption,2015-2019
-0.329741048822407,-0.08737999436069799,General Pool,MTGO Redemption,2015-2019
-0.306769528628315,-0.27444363433559005,General Pool,Arena Starter Deck,2015-2019
-0.3235314686704053,-0.24927656439587834,General Pool,Planeswalker Deck,2015-2019
-0.2743017913433559,-0.19253112554146085,General Pool,Event Deck,Pre-2015
-0.05918715434255448,-0.18855296565785495,General Pool,Intro Pack,2015-2019
-0.29099837805772544,-0.24580655458182063,General Pool,Arena Starter Deck,2020-Present
0.07839779366946464,0.5641495565746867,MTGO/Digital (Modern),MTGO Redemption,2020-Present
0.07839779366946464,0.5641495565746867,MTGO/Digital (Modern),MTGO Redemption,2020-Present
-0.2743017913433559,-0.19253112554146085,General Pool,Event Deck,Pre-2015
-0.306769528628315,-0.27444363433559005,General Pool,Theme Deck,Pre-2015
-0.32133304816227415,-0.1633109410655573,General Pool,Event Deck,Pre-2015
-0.34787884035647587,-0.036752415712439174,General Pool,Intro Pack,Pre-2015
-0.360366285721065,-0.005620763606957624,General Pool,Theme Deck,Pre-2015
-0.11830232961049333,-0.1428006979282639,General Pool,Duel Deck,2015-2019
-0.05918715434255448,-0.18855296565785495,General Pool,MTGO Redemption,2020-Present
-0.05918715434255448,-0.18855296565785495,General Pool,MTGO Redemption,2020-Present
-0.3335101612304736,-0.05216681990936203,General Pool,MTGO Redemption,Pre-2015
-0.08868299952676786,0.08548274717564047,General Pool,MTGO Redemption,2020-Present
-0.08868299952676786,0.08548274717564047,General Pool,MTGO Redemption,2020-Present
-0.3335101612304736,-0.05216681990936203,General Pool,MTGO Redemption,Pre-2015
-0.306769528628315,-0.27444363433559005,General Pool,Theme Deck,Pre-2015
-0.3235314686704053,-0.24927656439587834,General Pool,Intro Pack,Pre-2015
-0.306769528628315,-0.27444363433559005,General Pool,Intro Pack,Pre-2015
-0.34532332379823294,-0.03893728817450476,General Pool,Event Deck,Pre-2015
-0.12615768342004716,2.022699142348367,MTGO/Digital (Pre-2015),Box Set,Pre-2015
-0.32233369327838024,-0.1873809968525163,General Pool,Event Deck,Pre-2015
-0.306769528628315,-0.27444363433559005,General Pool,Theme Deck,Pre-2015
-0.3614782994259298,0.03846582494486317,General Pool,Intro Pack,Pre-2015
-0.30123022631380864,-0.2622138066552136,General Pool,MTGO Redemption,Pre-2015
-0.30123022631380864,-0.2622138066552136,General Pool,MTGO Redemption,Pre-2015
2.15331450751159,0.07906768683049459,Commander/Brawl,Commander Deck,2015-2019
-0.2804956905611248,-0.0370408647741981,General Pool,Theme Deck,Pre-2015
-0.35621527721870316,0.42813171419776574,General Pool,MTGO Redemption,2015-2019
-0.35621527721870316,0.42813171419776574,General Pool,MTGO Redemption,2015-2019
-0.306769528628315,-0.27444363433559005,General Pool,Theme Deck,Pre-2015
-0.306769528628315,-0.27444363433559005,General Pool,Theme Deck,Pre-2015
-0.306769528628315,-0.27444363433559005,General Pool,Intro Pack,Pre-2015
-0.3459988734026713,-0.11225495304258964,General Pool,Arena Starter Deck,2015-2019
-0.21360305024624632,-0.18742612597798478,General Pool,Pioneer Challenger Deck,2020-Present
-0.36474606269831356,0.1856219335625635,General Pool,Arena Starter Deck,2015-2019
-0.26672778300437233,-0.2727310934962754,General Pool,Duel Deck,Pre-2015
-0.306769528628315,-0.27444363433559005,General Pool,Guild Kit,2015-2019
-0.306769528628315,-0.27444363433559005,General Pool,Planeswalker Deck,2015-2019
-0.32751760066881036,-0.1313524764322267,General Pool,Planeswalker Deck,2015-2019
-0.22331085252441704,-0.09263703211624513,General Pool,Duel Deck,Pre-2015
-0.22331085252441704,-0.09263703211624513,General Pool,Duel Deck,Pre-2015
-0.306769528628315,-0.27444363433559005,General Pool,Duel Deck,Pre-2015
-0.22331085252441704,-0.09263703211624513,General Pool,Duel Deck,Pre-2015
-0.32922998341062215,-0.11913206582634556,General Pool,World Championship Deck,Pre-2015
-0.33556930901647297,-0.1887518143769197,General Pool,World Championship Deck,Pre-2015
-0.33572175706635976,0.1268360540561949,General Pool,World Championship Deck,Pre-2015
-0.26755225699495616,-0.11010471915436004,General Pool,World Championship Deck,Pre-2015
-0.3487657898026786,0.16553229700162597,General Pool,World Championship Deck,Pre-2015
-0.3414961713629431,0.39475152056137564,General Pool,Intro Pack,Pre-2015
2.435371688310866,0.19600193427165213,Commander/Brawl,Commander Deck,2020-Present
-0.3319416376199301,-0.045993707772446324,General Pool,Planeswalker Deck,2015-2019
-0.306769528628315,-0.27444363433559005,General Pool,World Championship Deck,Pre-2015
-0.24670639319481844,-0.2548646708459974,General Pool,MTGO Redemption,Pre-2015
-0.24670639319481844,-0.2548646708459974,General Pool,MTGO Redemption,Pre-2015
-0.306769528628315,-0.27444363433559005,General Pool,MTGO Redemption,Pre-2015
-0.306769528628315,-0.27444363433559005,General Pool,MTGO Redemption,Pre-2015
-0.20606416393062843,-0.017421011399249675,General Pool,World Championship Deck,Pre-2015
2.1980560258286923,0.34265000517185884,Commander/Brawl,Commander Deck,2020-Present
-0.13522267173757682,-0.10448784317741489,General Pool,Intro Pack,Pre-2015
-0.32060589058898736,0.16398729433700343,General Pool,MTGO Theme Deck,Pre-2015
-0.306769528628315,-0.27444363433559005,General Pool,Arena Starter Deck,2015-2019
-0.306769528628315,-0.27444363433559005,General Pool,World Championship Deck,Pre-2015
-0.3861947776654918,0.4005659061982618,General Pool,MTGO Redemption,2015-2019
-0.3861947776654918,0.4005659061982618,General Pool,MTGO Redemption,2015-2019
-0.306769528628315,-0.27444363433559005,General Pool,MTGO Redemption,2020-Present
-0.306769528628315,-0.27444363433559005,General Pool,MTGO Redemption,2020-Present
-0.3761220333729042,0.041374813406281685,General Pool,Theme Deck,Pre-2015
-0.10566806381875857,0.025912823216341252,MTGO/Digital (Modern),MTGO Redemption,2020-Present
-0.10566806381875857,0.025912823216341252,MTGO/Digital (Modern),MTGO Redemption,2020-Present
-0.306769528628315,-0.27444363433559005,General Pool,Theme Deck,Pre-2015
-0.3404331641073496,-0.052766783932880756,General Pool,Intro Pack,Pre-2015
-0.3404331641073496,-0.052766783932880756,General Pool,Intro Pack,Pre-2015
-0.325769844446516,-0.17704549516733636,General Pool,Intro Pack,Pre-2015
-0.325769844446516,-0.17704549516733636,General Pool,Intro Pack,Pre-2015
-0.3742963485153623,0.1938466227690152,General Pool,Arena Starter Deck,2020-Present
-0.17263075535133576,0.5393642892274658,MTGO/Digital (Modern),MTGO Redemption,Pre-2015
-0.17263075535133576,0.5393642892274658,MTGO/Digital (Modern),MTGO Redemption,Pre-2015
0.10751649216966003,-0.19324191373810745,General Pool,Duel Deck,2015-2019
-0.3547321275109308,0.07787900414945376,General Pool,Shandalar Enemy Deck,Pre-2015
-0.306769528628315,-0.27444363433559005,General Pool,Theme Deck,Pre-2015
-0.22922207771161102,-0.21664017914845157,General Pool,Theme Deck,Pre-2015
0.8447325098090024,-0.053746646521915575,Commander/Brawl,Brawl Deck,2015-2019
-0.31892491636772036,-0.21413672950323948,General Pool,Duel Deck,Pre-2015
-0.3742963485153623,0.1938466227690152,General Pool,Intro Pack,Pre-2015
-0.22897624620682488,-0.28101885487201345,General Pool,Duel Deck,Pre-2015
-0.28069161527203157,0.18405701043859557,General Pool,Shandalar Enemy Deck,Pre-2015
-0.0759490943846447,-0.16338589571814327,General Pool,Event Deck,2015-2019
1.5284050017312196,0.06736738047691393,Commander/Brawl,Commander Deck,2020-Present
-0.306769528628315,-0.27444363433559005,General Pool,Arena Starter Deck,2020-Present
1.9301627899164724,0.18269126412396797,Commander/Brawl,Commander Deck,2020-Present
-0.10307903551944836,0.08348081451414646,General Pool,Intro Pack,Pre-2015
-0.2846822279968655,-0.14184700983443527,General Pool,Theme Deck,2015-2019
-0.34532332379823294,-0.03893728817450476,General Pool,MTGO Theme Deck,Pre-2015
-0.306769528628315,-0.27444363433559005,General Pool,MTGO Redemption,Pre-2015
-0.26362923341885175,-0.19024520774194986,General Pool,Arena Starter Deck,2020-Present
-0.306769528628315,-0.27444363433559005,General Pool,MTGO Redemption,Pre-2015
-0.3147546961336431,-0.2761296566926243,General Pool,Pro Tour Deck,Pre-2015
-0.3464750128433667,0.07276111040928829,General Pool,Intro Pack,Pre-2015
-0.3610385323773258,0.18389380367932107,General Pool,Intro Pack,Pre-2015
-0.34532332379823294,-0.03893728817450476,General Pool,Theme Deck,Pre-2015
-0.306769528628315,-0.27444363433559005,General Pool,Theme Deck,Pre-2015
-0.36088748844829815,0.04812534930856899,General Pool,Intro Pack,Pre-2015
-0.306769528628315,-0.27444363433559005,General Pool,Arena Starter Deck,2020-Present
-0.23251265684729594,-0.22524595858379828,General Pool,Arena Starter Deck,2020-Present
-0.306769528628315,-0.27444363433559005,General Pool,Theme Deck,Pre-2015
-0.3742963485153623,0.1938466227690152,General Pool,Intro Pack,Pre-2015
1.172305453144275,0.028132919320878302,Commander/Brawl,Historic Brawl Precon Deck,2020-Present
-0.3627608134447615,-0.08708788310287793,General Pool,Challenger Deck,2015-2019
-0.306769528628315,-0.27444363433559005,General Pool,Planeswalker Deck,2020-Present
-0.35628900930600077,0.16653044091099284,General Pool,Planeswalker Deck,2015-2019
-0.3094436885407271,-0.19528201789004793,General Pool,Duel Deck,Pre-2015
-0.3094436885407271,-0.19528201789004793,General Pool,Duel Deck,Pre-2015
-0.3207406366705501,0.002275611981252479,General Pool,Planeswalker Deck,2015-2019
2.4024491759058,0.22969887797561017,Commander/Brawl,Commander Deck,2020-Present
2.4024491759058,0.22969887797561017,Commander/Brawl,Commander Deck,2020-Present
-0.29099837805772544,-0.24580655458182063,General Pool,Arena Starter Deck,2020-Present
-0.306769528628315,-0.27444363433559005,General Pool,Theme Deck,Pre-2015
2.194165274633332,0.10740485533987654,Commander/Brawl,Commander Deck,2020-Present
-0.3210750402237198,-0.18172381086264752,General Pool,Theme Deck,Pre-2015
-0.35942278490069307,0.09568068051662681,General Pool,Shandalar Enemy Deck,Pre-2015
2.1539268269614937,-0.0660425015303168,Commander/Brawl,Commander Deck,2020-Present
-0.306769528628315,-0.27444363433559005,General Pool,MTGO Redemption,Pre-2015
-0.306769528628315,-0.27444363433559005,General Pool,MTGO Redemption,Pre-2015
-0.22593432071035402,-0.18434232004124798,General Pool,Pioneer Challenger Deck,2020-Present
2.289646039497408,-0.17216181692783222,Commander/Brawl,Commander Deck,2020-Present
-0.6059699388233739,4.85697987200974,MTGO/Digital (Pre-2015),MTGO Redemption,Pre-2015
-0.6059699388233739,4.85697987200974,MTGO/Digital (Pre-2015),MTGO Redemption,Pre-2015
-0.48387629025083084,4.134247738449892,MTGO/Digital (Pre-2015),MTGO Redemption,Pre-2015
-0.48387629025083084,4.134247738449892,MTGO/Digital (Pre-2015),MTGO Redemption,Pre-2015
-0.5552573377471305,3.9174071703763733,MTGO/Digital (Pre-2015),MTGO Redemption,Pre-2015
-0.5552573377471305,3.9174071703763733,MTGO/Digital (Pre-2015),MTGO Redemption,Pre-2015
-0.12594221126672972,2.0600271755253523,MTGO/Digital (Pre-2015),MTGO Redemption,Pre-2015
-0.12594221126672972,2.0600271755253523,MTGO/Digital (Pre-2015),MTGO Redemption,Pre-2015
-0.7771933862346501,3.3393234760143025,MTGO/Digital (Pre-2015),MTGO Redemption,Pre-2015
-0.7771933862346501,3.3393234760143025,MTGO/Digital (Pre-2015),MTGO Redemption,Pre-2015
-0.13860893516747497,1.5268517299740239,General Pool,MTGO Redemption,Pre-2015
-0.13860893516747497,1.5268517299740239,General Pool,MTGO Redemption,Pre-2015
0.07064792782360002,0.5723563444093183,General Pool,MTGO Redemption,2015-2019
0.07064792782360002,0.5723563444093183,General Pool,MTGO Redemption,2015-2019
-0.3224645926782357,-0.13541720806985882,General Pool,Shandalar Enemy Deck,Pre-2015
-0.3627608134447615,-0.08708788310287793,General Pool,Intro Pack,Pre-2015
-0.325769844446516,-0.17704549516733636,General Pool,World Championship Deck,Pre-2015
-0.1323183731934285,0.24854021058497855,MTGO/Digital (Modern),MTGO Redemption,2020-Present
-0.1323183731934285,0.24854021058497855,MTGO/Digital (Modern),MTGO Redemption,2020-Present
-0.24371888679771214,-0.1819748582830048,General Pool,Modern Event Deck,Pre-2015
-0.26998434295730156,-0.15972491936319091,General Pool,Intro Pack,Pre-2015
2.3166283895500865,0.12697345852934577,Commander/Brawl,Commander Deck,2020-Present
-0.16440999470004955,0.10196042686259904,General Pool,Pro Tour Deck,Pre-2015
-0.3459988734026713,-0.11225495304258964,General Pool,World Championship Deck,Pre-2015
-0.306769528628315,-0.27444363433559005,General Pool,Theme Deck,Pre-2015
-0.09774094951247239,0.046953380503230335,General Pool,Intro Pack,2015-2019
-0.13213474780935774,-0.17901507632701277,General Pool,Arena Starter Deck,2020-Present
-0.32179008653554936,-0.15740551236837336,General Pool,Game Night Deck,2015-2019
-0.325769844446516,-0.17704549516733636,General Pool,Theme Deck,Pre-2015
2.5033997280688105,-0.0066076088245404785,Commander/Brawl,Commander Deck,2020-Present
-0.3631984290719519,0.12555378964354602,General Pool,World Championship Deck,Pre-2015
-0.07509052402721433,-0.27184115392492336,General Pool,Theme Deck,Pre-2015
-0.32922998341062215,-0.11913206582634556,General Pool,Enhanced Deck,Pre-2015
-0.3147546961336431,-0.2761296566926243,General Pool,Theme Deck,Pre-2015
2.010984765828291,0.07447275505939271,Commander/Brawl,Commander Deck,2015-2019
-0.329741048822407,-0.08737999436069799,General Pool,Shandalar Enemy Deck,Pre-2015
-0.3167116923487,-0.17464203778328163,General Pool,Duel Deck,2015-2019
-0.306769528628315,-0.27444363433559005,General Pool,Theme Deck,Pre-2015
-0.306769528628315,-0.27444363433559005,General Pool,Intro Pack,Pre-2015
-0.306769528628315,-0.27444363433559005,General Pool,Planechase Deck,Pre-2015
-0.24837399189493842,-0.10660817582460261,General Pool,Pro Tour Deck,Pre-2015
-0.19810520141614543,-0.08011568288609261,General Pool,Duel Deck,2015-2019
-0.3147546961336431,-0.2761296566926243,General Pool,Advanced Deck,Pre-2015
-0.3147546961336431,-0.2761296566926243,General Pool,Theme Deck,Pre-2015
2.2426821906220944,-0.18624882609397125,Commander/Brawl,Commander Deck,2020-Present
-0.4146578704559878,0.4845598671007296,General Pool,Theme Deck,Pre-2015
1.1997240509833853,-0.11774451135196004,Commander/Brawl,Commander Deck,Pre-2015
-0.2383491880058749,-0.006566602915254682,General Pool,Shandalar Enemy Deck,Pre-2015
-0.31746164391325754,-0.23983042390777282,General Pool,Theme Deck,Pre-2015
-0.2903950028890209,-0.24644036072314512,General Pool,Duel Deck,2015-2019
2.165331438591556,0.12104834951028476,Commander/Brawl,Commander Deck,2020-Present
-0.306769528628315,-0.27444363433559005,General Pool,MTGO Redemption,Pre-2015
-0.306769528628315,-0.27444363433559005,General Pool,MTGO Redemption,Pre-2015
-0.14870862951917146,-0.20682864396124734,General Pool,MTGO Redemption,Pre-2015
-0.1194669240857377,-0.1514834201906542,General Pool,MTGO Duel Deck,Pre-2015
-0.14870862951917146,-0.20682864396124734,General Pool,MTGO Redemption,Pre-2015
-0.34650537141100085,0.01723769930396646,General Pool,Intro Pack,Pre-2015
1.1511205333338637,-0.08904416312568211,Commander/Brawl,Commander Deck,Pre-2015
2.5810720752996295,-0.007288562814292854,Commander/Brawl,Commander Deck,2020-Present
-0.07114173614567615,-0.12759161566068833,General Pool,Intro Pack,Pre-2015
-0.30083600406433536,0.19184984918499198,General Pool,Theme Deck,Pre-2015
-0.306769528628315,-0.27444363433559005,General Pool,Arena Starter Kit,2020-Present
-0.306769528628315,-0.27444363433559005,General Pool,Arena Starter Kit,2020-Present
-0.333744668338671,-0.09644416237120673,General Pool,Arena Starter Kit,2020-Present
-0.306769528628315,-0.27444363433559005,General Pool,Challenger Deck,2020-Present
-0.333744668338671,-0.09644416237120673,General Pool,Arena Starter Kit,2020-Present
-0.3459988734026713,-0.11225495304258964,General Pool,Challenger Deck,2020-Present
-0.3235314686704053,-0.24927656439587834,General Pool,Pioneer Challenger Deck,2020-Present
-0.306769528628315,-0.27444363433559005,General Pool,Challenger Deck,2020-Present
-0.24811370555991774,-0.27516924865646514,General Pool,Duel Deck,Pre-2015
-0.2952892044855988,0.20390501223179425,General Pool,Intro Pack,Pre-2015
0.05454999269702604,-0.17068116137729455,General Pool,Starter Kit,2020-Present
-0.32350349264927464,-0.11430252956560377,General Pool,MTGO Redemption,Pre-2015
-0.32350349264927464,-0.11430252956560377,General Pool,MTGO Redemption,Pre-2015
-0.3116959852735316,-0.036989839783668876,General Pool,Theme Deck,Pre-2015
-0.306769528628315,-0.27444363433559005,General Pool,Theme Deck,Pre-2015
-0.306769528628315,-0.27444363433559005,General Pool,Intro Pack,Pre-2015
1.976606803920928,-0.055829755366909484,Commander/Brawl,Commander Deck,2020-Present
-0.3569627285599201,-0.07690164559508225,General Pool,MTGO Redemption,2020-Present
-0.3569627285599201,-0.07690164559508225,General Pool,MTGO Redemption,2020-Present
2.5292591003380323,0.2429507616704163,Commander/Brawl,Commander Deck,2020-Present
-0.28059566444873807,-0.24609867375863972,General Pool,Arena Starter Deck,2020-Present
-0.35048912086290235,0.055711163542665365,General Pool,Planeswalker Deck,2015-2019
-0.306769528628315,-0.27444363433559005,General Pool,Planeswalker Deck,2015-2019
-0.3166858739820253,-0.21195735173693903,General Pool,Intro Pack,Pre-2015
-0.306769528628315,-0.27444363433559005,General Pool,Intro Pack,Pre-2015
-0.3955258061615661,0.468270990308579,General Pool,Intro Pack,Pre-2015
2.110389438048726,0.06878470121637553,Commander/Brawl,Commander Deck,2015-2019
1.2773501352540395,0.13319418293444557,Commander/Brawl,Commander Deck,Pre-2015
-0.306769528628315,-0.27444363433559005,General Pool,Theme Deck,Pre-2015
-0.2710658826328374,1.0322745653044672,General Pool,Intro Pack,Pre-2015
1.6514861913064902,0.13599717998874516,Commander/Brawl,Commander Deck,2015-2019
-0.3228731153267227,0.3165991892456921,General Pool,Intro Pack,Pre-2015
-0.0601545574348023,0.24202517228977471,General Pool,Intro Pack,Pre-2015
-0.3304497601835637,-0.1371032304268931,General Pool,Shandalar Enemy Deck,Pre-2015
1.0874150946331886,-0.21425724843473828,Commander/Brawl,Commander Deck,2020-Present
1.0874150946331886,-0.21425724843473828,Commander/Brawl,Commander Deck,2020-Present
-0.31746164391325754,-0.23983042390777282,General Pool,Shandalar Enemy Deck,Pre-2015
-0.24811370555991774,-0.27516924865646514,General Pool,MTGO Redemption,Pre-2015
-0.24811370555991774,-0.27516924865646514,General Pool,MTGO Redemption,Pre-2015
-0.306769528628315,-0.27444363433559005,General Pool,MTGO Duel Deck,Pre-2015
-0.3394821321904676,0.16766519785494338,General Pool,World Championship Deck,Pre-2015
-0.306769528628315,-0.27444363433559005,General Pool,Planeswalker Deck,2015-2019
-0.0882537922209563,-0.13624355315716322,General Pool,Duel Deck,Pre-2015
-0.13954469268680772,0.011242548765116545,General Pool,Planechase Deck,Pre-2015
-0.13954469268680772,0.011242548765116545,General Pool,Planechase Deck,2015-2019
-0.306769528628315,-0.27444363433559005,General Pool,MTGO Theme Deck,Pre-2015
-0.306769528628315,-0.27444363433559005,General Pool,Theme Deck,Pre-2015
-0.306769528628315,-0.27444363433559005,General Pool,Theme Deck,Pre-2015
-0.4629341148052067,3.6746447065484373,MTGO/Digital (Pre-2015),MTGO Redemption,Pre-2015
-0.4629341148052067,3.6746447065484373,MTGO/Digital (Pre-2015),MTGO Redemption,Pre-2015
-0.329741048822407,-0.08737999436069799,General Pool,Planeswalker Deck,2015-2019
-0.306769528628315,-0.27444363433559005,General Pool,Planeswalker Deck,2015-2019
-0.306769528628315,-0.27444363433559005,General Pool,Duel Deck,2015-2019
-0.21039106744101874,-0.233317839819751,General Pool,Archenemy Deck,2015-2019
-0.25608138032022193,-0.27181668289740474,General Pool,Theme Deck,Pre-2015
-0.33565888038867997,-0.0539956247332532,General Pool,MTGO Redemption,2015-2019
-0.33565888038867997,-0.0539956247332532,General Pool,MTGO Redemption,2015-2019
-0.32133304816227415,-0.1633109410655573,General Pool,Duel Deck,2015-2019
2.5552558315677723,-0.13051356346663662,Commander/Brawl,Commander Deck,2020-Present
-0.3651603778,0.3149990394301876,General Pool,MTGO Redemption,Pre-2015
-0.3651603778,0.3149990394301876,General Pool,MTGO Redemption,Pre-2015
-0.2779047887099064,-0.2411995230880853,General Pool,Planeswalker Deck,2015-2019
-0.306769528628315,-0.27444363433559005,General Pool,Theme Deck,Pre-2015
-0.2726488589372176,0.35647962526579335,General Pool,MTGO Redemption,Pre-2015
-0.2726488589372176,0.35647962526579335,General Pool,MTGO Redemption,Pre-2015
-0.2886173872418451,-0.24317952349289162,General Pool,Arena Starter Deck,2020-Present
2.014971351568568,0.3276754573831724,Commander/Brawl,Commander Deck,2015-2019
-0.33808944093021936,-0.14038541983927702,General Pool,MTGO Theme Deck,Pre-2015
-0.2856165377976006,-0.22012898977215123,General Pool,Pioneer Challenger Deck,2020-Present
-0.2856165377976006,-0.22012898977215123,General Pool,Pioneer Challenger Deck,2020-Present
-0.31773338378556387,-0.23909032688808265,General Pool,Intro Pack,Pre-2015
-0.306769528628315,-0.27444363433559005,General Pool,Intro Pack,Pre-2015
-0.2675918139160395,-0.272231737722107,General Pool,Arena Starter Deck,2015-2019
-0.2675918139160395,-0.272231737722107,General Pool,Guild Kit,2015-2019
-0.2903950028890209,-0.24644036072314512,General Pool,Starter Kit,2020-Present
-0.3348237978663899,-0.10870559900041094,General Pool,Arena Starter Deck,2020-Present
-0.3134836790653055,-0.07986380881451494,General Pool,Arena Starter Deck,2015-2019
-0.31773338378556387,-0.23909032688808265,General Pool,Arena Starter Deck,2020-Present
-0.306769528628315,-0.27444363433559005,General Pool,MTGO Redemption,2020-Present
-0.306769528628315,-0.27444363433559005,General Pool,MTGO Redemption,2020-Present
-0.306769528628315,-0.27444363433559005,General Pool,Theme Deck,Pre-2015
2.1333643751884166,0.08070764164070066,Commander/Brawl,Commander Deck,2020-Present
-0.306769528628315,-0.27444363433559005,General Pool,Theme Deck,Pre-2015
-0.22922207771161102,-0.21664017914845157,General Pool,Shandalar Enemy Deck,Pre-2015
-0.306769528628315,-0.27444363433559005,General Pool,Theme Deck,Pre-2015
-0.306769528628315,-0.27444363433559005,General Pool,Intro Pack,Pre-2015
2.373280629027076,-0.08550969770140687,Commander/Brawl,Commander Deck,2020-Present
1.5822992100553963,-0.19824130653434496,Commander/Brawl,Commander Deck,2020-Present
-0.31892491636772036,-0.21413672950323948,General Pool,Intro Pack,Pre-2015
-0.08816017905968385,0.04423094528566496,General Pool,Intro Pack,Pre-2015
-0.23136256087207968,-0.15003637006093812,General Pool,World Championship Deck,Pre-2015
2.5712576804211436,0.39327841940795105,Commander/Brawl,Commander Deck,2020-Present
-0.2755692339159082,-0.2744946593261193,General Pool,World Championship Deck,Pre-2015
0.6479631590442221,-0.21518413658511137,General Pool,Commander Deck,Pre-2015
1.493660427911678,-0.137106615126393,Commander/Brawl,Commander Deck,2020-Present
-0.14589679316583842,0.06647552067279128,General Pool,MTGO Redemption,2020-Present
-0.14589679316583842,0.06647552067279128,General Pool,MTGO Redemption,2020-Present
-0.35904290613899015,-0.07355871009715859,General Pool,Enhanced Deck,Pre-2015
-0.306769528628315,-0.27444363433559005,General Pool,Theme Deck,Pre-2015
-0.34173112072162226,0.014939633489377768,General Pool,Intro Pack,Pre-2015
-0.2304671789505222,-0.2719798588637513,General Pool,Duel Deck,Pre-2015
-0.2903950028890209,-0.24644036072314512,General Pool,Theme Deck,2020-Present
-0.25918182088726144,-0.2699241515044193,General Pool,MTGO Redemption,Pre-2015
-0.25918182088726144,-0.2699241515044193,General Pool,MTGO Redemption,Pre-2015
1.7005439299069818,-0.17618323268639252,Commander/Brawl,Commander Deck,2020-Present
-0.306769528628315,-0.27444363433559005,General Pool,Box Set,2015-2019
-0.306769528628315,-0.27444363433559005,General Pool,MTGO Redemption,Pre-2015
-0.306769528628315,-0.27444363433559005,General Pool,MTGO Redemption,Pre-2015
1.9910734486525512,-0.12259767173385425,Commander/Brawl,Commander Deck,2020-Present
-0.33094120676093564,-0.06982493817910729,General Pool,Starter Deck,Pre-2015
-0.3210750402237198,-0.18172381086264752,General Pool,Starter Deck,Pre-2015
1.1848578118894995,0.18399216831562187,Commander/Brawl,Commander Deck,2015-2019
1.1848578118894995,0.18399216831562187,Commander/Brawl,Commander Deck,2015-2019
1.2654817740941209,0.003323738779961727,Commander/Brawl,Commander Deck,Pre-2015
-0.3162999275235022,-0.2535999943001689,General Pool,Game Night Deck,2020-Present
-0.03442835524916482,-0.15837964746642685,General Pool,Clash Pack,2015-2019
1.2917281151739983,0.01745448951929257,Commander/Brawl,Commander Deck,Pre-2015
-0.3742126755585979,0.1815107214278321,General Pool,Intro Pack,Pre-2015
-0.306769528628315,-0.27444363433559005,General Pool,Arena Starter Deck,2020-Present
-0.05975392276513608,0.062068809345323384,General Pool,Clash Pack,2015-2019
-0.3470003768889274,0.0726029388454898,General Pool,Starter Deck,Pre-2015
-0.34530861907932936,0.03680925125652473,General Pool,Starter Deck,Pre-2015
-0.306769528628315,-0.27444363433559005,General Pool,Starter Deck,Pre-2015
-0.33094120676093564,-0.06982493817910729,General Pool,Starter Deck,Pre-2015
-0.306769528628315,-0.27444363433559005,General Pool,Starter Deck,Pre-2015
-0.3569803362566043,0.17849289809329694,General Pool,Starter Deck,Pre-2015
-0.306769528628315,-0.27444363433559005,General Pool,Starter Deck,Pre-2015
-0.3210750402237198,-0.18172381086264752,General Pool,Starter Deck,Pre-2015
-0.24863655015304204,0.9628615333155892,General Pool,Intro Pack,Pre-2015
-0.306769528628315,-0.27444363433559005,General Pool,Theme Deck,Pre-2015
-0.1195906363949551,-0.03249068086977375,General Pool,Pro Tour Deck,Pre-2015
-0.3238599427091411,-0.14405890644791833,General Pool,Intro Pack,Pre-2015
-0.22922207771161102,-0.21664017914845157,General Pool,Shandalar Enemy Deck,Pre-2015
-0.3869022817075033,0.10268788949683244,General Pool,Arena Starter Deck,2015-2019
2.1708885244660525,0.13292461969952146,Commander/Brawl,Commander Deck,2015-2019
-0.12417044542550892,-0.053955945825126195,General Pool,Planechase Deck,Pre-2015
-0.12417044542550892,-0.053955945825126195,General Pool,Planechase Deck,2015-2019
-0.3459988734026713,-0.11225495304258964,General Pool,Intro Pack,Pre-2015
1.8121980493994063,-0.10616369028692815,Commander/Brawl,Commander Deck,2020-Present
0.1791066737293639,-0.0914125903479166,General Pool,Shandalar Enemy Deck,Pre-2015
-0.29703128744215973,-0.12723219417694526,General Pool,Clash Pack,2015-2019
-0.3253360709241195,-0.15656520247179823,General Pool,Intro Pack,Pre-2015
-0.306769528628315,-0.27444363433559005,General Pool,Theme Deck,Pre-2015
-0.306769528628315,-0.27444363433559005,General Pool,Theme Deck,Pre-2015
-0.17297894255168095,0.1809975910423573,General Pool,Intro Pack,Pre-2015
1.7946835785716986,0.023132230484098015,Commander/Brawl,Commander Deck,2020-Present
-0.3980444775842982,0.20802491803055834,General Pool,Shandalar Enemy Deck,Pre-2015
1.576519236764174,-0.1054986108861487,Commander/Brawl,Commander Deck,2020-Present
-0.3826822828569608,0.11547493988522411,General Pool,Enhanced Deck,Pre-2015
-0.3635303686736334,0.005442936561375122,General Pool,Theme Deck,Pre-2015
1.3952780269219114,-0.17183221091524387,Commander/Brawl,Commander Deck,2020-Present
-0.306769528628315,-0.27444363433559005,General Pool,Theme Deck,Pre-2015
-0.33263296457053365,-0.034031250590142226,General Pool,Intro Pack,Pre-2015
-0.306769528628315,-0.27444363433559005,General Pool,Intro Pack,Pre-2015
-0.29099837805772544,-0.24580655458182063,General Pool,Challenger Deck,2020-Present
-0.306769528628315,-0.27444363433559005,General Pool,Guild Kit,2015-2019
-0.306769528628315,-0.27444363433559005,General Pool,Planeswalker Deck,2015-2019
-0.306769528628315,-0.27444363433559005,General Pool,Event Deck,Pre-2015
-0.06910349969626475,-0.12606668305920393,General Pool,Intro Pack,2015-2019
-0.3162999275235022,-0.2535999943001689,General Pool,World Championship Deck,Pre-2015
-0.28086520273811283,-0.21763079996685789,General Pool,World Championship Deck,Pre-2015
-0.3269138189576636,-0.14599495170646426,General Pool,Intro Pack,Pre-2015
-0.306769528628315,-0.27444363433559005,General Pool,Theme Deck,Pre-2015
-0.3335101612304736,-0.05216681990936203,General Pool,Intro Pack,Pre-2015
-0.3207197645449391,-0.11550380801250512,General Pool,Theme Deck,Pre-2015
-0.28773610424538804,-0.1437830550929812,General Pool,MTGO Redemption,2015-2019
-0.28773610424538804,-0.1437830550929812,General Pool,MTGO Redemption,2015-2019
-0.25716508341749345,-0.11499061744201594,General Pool,MTGO Redemption,Pre-2015
-0.25716508341749345,-0.11499061744201594,General Pool,MTGO Redemption,Pre-2015
-0.306769528628315,-0.27444363433559005,General Pool,Theme Deck,Pre-2015
1.4234050321715774,0.3999823818486459,Commander/Brawl,Commander Deck,2020-Present
-0.2477728775313477,-0.18574720101194442,General Pool,Arena Starter Deck,2020-Present
2.3881428211526163,-0.13240489088109691,Commander/Brawl,Commander Deck,2020-Present
-0.42542526147244875,0.2955162240882343,General Pool,Enhanced Deck,Pre-2015
-0.32497657350371545,-0.23006340959971017,General Pool,Theme Deck,Pre-2015
-0.1194669240857377,-0.1514834201906542,General Pool,Theme Deck,Pre-2015
-0.32113694094670875,-0.16780944489995803,General Pool,Sample Deck,Pre-2015
-0.3856499775585504,0.24308452110134593,General Pool,Sample Deck,Pre-2015
-0.3700858129084852,0.15602188361827218,General Pool,Sample Deck,Pre-2015
-0.4013160194163501,0.25981054452085806,General Pool,Sample Deck,Pre-2015
-0.306769528628315,-0.27444363433559005,General Pool,Sample Deck,Pre-2015
-0.3459988734026713,-0.11225495304258964,General Pool,Sample Deck,Pre-2015
-0.306769528628315,-0.27444363433559005,General Pool,Welcome Deck,2020-Present
-0.3903148418646405,0.2208124257430189,General Pool,Sample Deck,Pre-2015
-0.3863414163274593,0.07444360689625984,General Pool,Welcome Deck,2015-2019
-0.38972376661471764,0.1777252195856739,General Pool,Welcome Deck,2015-2019
-0.35049442184036134,0.015536538292673485,General Pool,Sample Deck,2015-2019
-0.3459988734026713,-0.11225495304258964,General Pool,Welcome Deck,2020-Present
-0.3303501315110128,-0.1129121443364523,General Pool,Welcome Deck,2015-2019
-0.306769528628315,-0.27444363433559005,General Pool,Sample Deck,Pre-2015
-0.37128374968572364,0.11687362175974214,General Pool,Sample Deck,Pre-2015
-0.3570284169068133,-0.02525879179808957,General Pool,Spellslinger Starter Kit,2015-2019
-0.306769528628315,-0.27444363433559005,General Pool,Starter Kit,2020-Present
-0.38972376661471764,0.1777252195856739,General Pool,Game Night Deck,2015-2019
-0.306769528628315,-0.27444363433559005,General Pool,Halfdeck,2020-Present
-0.34286957065950896,0.9072494164753779,General Pool,Intro Pack,Pre-2015
-0.07592111836351412,-0.02841186088786868,General Pool,Intro Pack,Pre-2015
-0.07366244161953353,-0.03155537479157622,General Pool,Intro Pack,2015-2019
-0.325769844446516,-0.17704549516733636,General Pool,Intro Pack,Pre-2015
-0.32684729722938505,-0.11171766537981931,General Pool,Theme Deck,Pre-2015
-0.31281773152729053,0.0005887679992090389,General Pool,Event Deck,Pre-2015
-0.3234276317712079,-0.11595480997289542,General Pool,Intro Pack,Pre-2015
-0.306769528628315,-0.27444363433559005,General Pool,Enhanced Deck,Pre-2015
-0.306769528628315,-0.27444363433559005,General Pool,Theme Deck,Pre-2015
-0.2966144767524746,0.3455145669951365,General Pool,MTGO Redemption,Pre-2015
-0.2966144767524746,0.3455145669951365,General Pool,MTGO Redemption,Pre-2015
1.7667000236721058,-0.17887490776747006,Commander/Brawl,Commander Deck,2020-Present
2.528238663343823,0.0398406981284416,Commander/Brawl,Commander Deck,2020-Present
2.528238663343823,0.0398406981284416,Commander/Brawl,Commander Deck,2020-Present
-0.306769528628315,-0.27444363433559005,General Pool,MTGO Theme Deck,Pre-2015
2.531663106486224,0.20969644053688197,Commander/Brawl,Commander Deck,2020-Present
-0.08592778694471306,0.03372384876837303,General Pool,MTGO Redemption,Pre-2015
-0.08592778694471306,0.03372384876837303,General Pool,MTGO Redemption,Pre-2015
-0.3404843385381773,0.09404253632070869,General Pool,Intro Pack,Pre-2015
-0.07187921634468411,-0.14696393735948343,General Pool,Theme Deck,Pre-2015
-0.11768230887290704,0.31090307550557594,General Pool,MTGO Redemption,2015-2019
-0.11768230887290704,0.31090307550557594,General Pool,MTGO Redemption,2015-2019
-0.38277655304379754,0.2659328149220911,General Pool,Theme Deck,2015-2019
2.5016185888316684,0.01749869472989446,Commander/Brawl,Commander Deck,2020-Present
-0.306769528628315,-0.27444363433559005,General Pool,Event Deck,Pre-2015
-0.05918715434255448,-0.18855296565785495,General Pool,Arena Starter Kit,2020-Present
-0.05918715434255448,-0.18855296565785495,General Pool,Arena Starter Kit,2020-Present
-0.29098085786454975,-0.2434128510868734,General Pool,Planeswalker Deck,2015-2019
-0.1744520165119331,0.05770083811558552,General Pool,Intro Pack,Pre-2015
-0.25761518480264706,-0.10565675579250744,General Pool,Event Deck,Pre-2015
2.369971593562881,0.00940608205151261,Commander/Brawl,Commander Deck,2020-Present
-0.3720639564003915,0.18333952625172323,General Pool,Intro Pack,Pre-2015
-0.306769528628315,-0.27444363433559005,General Pool,Theme Deck,Pre-2015
-0.3311169003143857,-0.061919485652150885,General Pool,Theme Deck,Pre-2015
-0.306769528628315,-0.27444363433559005,General Pool,Arena Starter Deck,2020-Present
0.15640476762631167,0.04218088230795802,General Pool,Shandalar Enemy Deck,Pre-2015
-0.3414450111482366,-0.03494450806171828,General Pool,Shandalar Enemy Deck,Pre-2015
-0.306769528628315,-0.27444363433559005,General Pool,Arena Starter Deck,2015-2019
-0.38514558785572345,0.23173407971128168,General Pool,Planeswalker Deck,2015-2019
-0.1194669240857377,-0.1514834201906542,General Pool,Planechase Deck,Pre-2015
-0.1194669240857377,-0.1514834201906542,General Pool,Planechase Deck,2015-2019
0.7560420901507547,-0.07496340081387043,General Pool,Brawl Deck,2015-2019
-0.05918715434255448,-0.18855296565785495,General Pool,Arena Starter Deck,2020-Present
-0.2820107295349254,-0.24427031614416192,General Pool,Arena Starter Deck,2020-Present
-0.306769528628315,-0.27444363433559005,General Pool,MTGO Theme Deck,Pre-2015
-0.306769528628315,-0.27444363433559005,General Pool,MTGO Redemption,Pre-2015
-0.306769528628315,-0.27444363433559005,General Pool,MTGO Redemption,Pre-2015
-0.17765891610880033,0.6850021781348357,General Pool,Theme Deck,Pre-2015
-0.306769528628315,-0.27444363433559005,General Pool,MTGO Redemption,Pre-2015
-0.306769528628315,-0.27444363433559005,General Pool,MTGO Redemption,Pre-2015
2.841212044776181,0.16287216890262834,Commander/Brawl,Commander Deck,2020-Present
2.25806248818285,-0.025512052917778916,Commander/Brawl,Commander Deck,2020-Present
2.25806248818285,-0.025512052917778916,Commander/Brawl,Commander Deck,2020-Present
-0.325769844446516,-0.17704549516733636,General Pool,Archenemy Deck,Pre-2015
-0.14006588211610055,-0.27913258241584255,General Pool,MTGO Redemption,Pre-2015
-0.14006588211610055,-0.27913258241584255,General Pool,MTGO Redemption,Pre-2015
-0.306769528628315,-0.27444363433559005,General Pool,Theme Deck,Pre-2015
2.6533132075475616,0.05766580315292158,Commander/Brawl,Commander Deck,2020-Present
-0.29099837805772544,-0.24580655458182063,General Pool,Arena Starter Deck,2020-Present
-0.3162999275235022,-0.2535999943001689,General Pool,Shandalar Enemy Deck,Pre-2015
-0.3459988734026713,-0.11225495304258964,General Pool,Arena Starter Deck,2020-Present
-0.30123022631380864,-0.2622138066552136,General Pool,Challenger Deck,2015-2019
-0.306769528628315,-0.27444363433559005,General Pool,Shandalar Enemy Deck,Pre-2015
-0.3392714477175942,-0.06653635432527683,General Pool,Shandalar Enemy Deck,Pre-2015
1.3064456028101845,0.033964996735697195,Commander/Brawl,Commander Deck,2015-2019
-0.306769528628315,-0.27444363433559005,General Pool,Arena Starter Deck,2015-2019
-0.306769528628315,-0.27444363433559005,General Pool,Arena Starter Deck,2015-2019
-0.306769528628315,-0.27444363433559005,General Pool,Intro Pack,Pre-2015
-0.306769528628315,-0.27444363433559005,General Pool,Theme Deck,Pre-2015
-0.306769528628315,-0.27444363433559005,General Pool,Guild Kit,2015-2019
-0.7027017190974483,3.4102067157195792,MTGO/Digital (Pre-2015),MTGO Redemption,Pre-2015
-0.7027017190974483,3.4102067157195792,MTGO/Digital (Pre-2015),MTGO Redemption,Pre-2015
-0.306769528628315,-0.27444363433559005,General Pool,MTGO Redemption,Pre-2015
-0.306769528628315,-0.27444363433559005,General Pool,MTGO Redemption,Pre-2015
-0.306769528628315,-0.27444363433559005,General Pool,MTGO Redemption,2015-2019
-0.306769528628315,-0.27444363433559005,General Pool,MTGO Redemption,2015-2019
-0.31773338378556387,-0.23909032688808265,General Pool,Intro Pack,2015-2019
-0.306769528628315,-0.27444363433559005,General Pool,Theme Deck,Pre-2015
-0.23063615635623952,-0.06395468891022182,General Pool,Shandalar Enemy Deck,Pre-2015
-0.35358792983154363,0.11055914904640873,General Pool,MTGO Redemption,Pre-2015
-0.35358792983154363,0.11055914904640873,General Pool,MTGO Redemption,Pre-2015
-0.26141802463125724,-0.06791193287917158,General Pool,Pro Tour Deck,Pre-2015
-0.306769528628315,-0.27444363433559005,General Pool,Theme Deck,Pre-2015
-0.306769528628315,-0.27444363433559005,General Pool,Theme Deck,Pre-2015
-0.306769528628315,-0.27444363433559005,General Pool,Starter Deck,Pre-2015
-0.306769528628315,-0.27444363433559005,General Pool,Starter Deck,Pre-2015
-0.306769528628315,-0.27444363433559005,General Pool,Starter Deck,Pre-2015
1.9033887656033825,-0.12763293833486491,Commander/Brawl,Commander Deck,2020-Present
-0.28225339054209186,0.2388576056125632,General Pool,World Championship Deck,Pre-2015
-0.306769528628315,-0.27444363433559005,General Pool,Arena Starter Deck,2015-2019
-0.306769528628315,-0.27444363433559005,General Pool,Intro Pack,Pre-2015
-0.306769528628315,-0.27444363433559005,General Pool,Theme Deck,Pre-2015
-0.306769528628315,-0.27444363433559005,General Pool,Intro Pack,Pre-2015
-0.306769528628315,-0.27444363433559005,General Pool,Guild Kit,2015-2019
-0.306769528628315,-0.27444363433559005,General Pool,Arena Starter Deck,2020-Present
-0.3647946324583071,0.14843098701560786,General Pool,Theme Deck,Pre-2015
-0.306769528628315,-0.27444363433559005,General Pool,Intro Pack,Pre-2015
-0.32497657350371545,-0.23006340959971017,General Pool,Enhanced Deck,Pre-2015
-0.3635303686736334,0.005442936561375122,General Pool,Theme Deck,Pre-2015
-0.306769528628315,-0.27444363433559005,General Pool,Theme Deck,Pre-2015
-0.1194669240857377,-0.1514834201906542,General Pool,Theme Deck,Pre-2015
-0.3116959852735316,-0.036989839783668876,General Pool,Theme Deck,Pre-2015
2.120322567585566,-0.1149226467698693,Commander/Brawl,Commander Deck,2020-Present
-0.0882537922209563,-0.13624355315716322,General Pool,Premium Deck,Pre-2015
-0.25571687880898347,-0.058742040445785404,General Pool,Theme Deck,Pre-2015
1.2387762983821078,0.24339046973691736,Commander/Brawl,Historic Brawl Precon Deck,2020-Present
-0.31872411043143667,-0.2134822843384234,General Pool,Arena Starter Deck,2020-Present
-0.2569056679038014,-0.2699093193803887,General Pool,Theme Deck,Pre-2015
-0.05918715434255448,-0.18855296565785495,General Pool,Arena Starter Kit,2020-Present
-0.05918715434255448,-0.18855296565785495,General Pool,Arena Starter Kit,2020-Present
1.4213227552535614,-0.0664907146984903,Commander/Brawl,Commander Deck,2020-Present
-0.2915595196059869,-0.21074536631113233,General Pool,Arena Promotional Deck,2020-Present
-0.306769528628315,-0.27444363433559005,General Pool,Theme Deck,Pre-2015
-0.10870480466972121,0.0823066879507377,General Pool,Intro Pack,Pre-2015
-0.2372259532188134,-0.13903122517600774,General Pool,Intro Pack,Pre-2015
-0.2755625323555883,-0.06169644836019267,General Pool,Challenger Deck,2015-2019
-0.306769528628315,-0.27444363433559005,General Pool,Theme Deck,Pre-2015
-0.32233369327838024,-0.1873809968525163,General Pool,Shandalar Enemy Deck,Pre-2015
-0.306769528628315,-0.27444363433559005,General Pool,Shandalar Enemy Deck,Pre-2015
-0.31773338378556387,-0.23909032688808265,General Pool,Planeswalker Deck,2015-2019
-0.052089341504911735,0.04946895854742772,General Pool,Duel Deck,Pre-2015
-0.3829345630826126,0.14023793477079094,General Pool,Enhanced Deck,Pre-2015
-0.306769528628315,-0.27444363433559005,General Pool,Theme Deck,Pre-2015
-0.306769528628315,-0.27444363433559005,General Pool,Theme Deck,Pre-2015
-0.3850288080132846,0.3082674565703736,General Pool,Intro Pack,Pre-2015
-0.306769528628315,-0.27444363433559005,General Pool,Theme Deck,Pre-2015
-0.306769528628315,-0.27444363433559005,General Pool,Theme Deck,Pre-2015
-0.375756005950284,0.11483046078676795,General Pool,Theme Deck,Pre-2015
-0.11856078944625931,0.10208439826427124,General Pool,Duel Deck,Pre-2015
-0.2640219099153742,-0.052442888260175624,General Pool,Arena Starter Deck,2020-Present
-0.38972376661471764,0.1777252195856739,General Pool,Spellslinger Starter Kit,2015-2019
-0.3166858739820253,-0.21195735173693903,General Pool,Spellslinger Starter Kit,2015-2019
-0.32751760066881036,-0.1313524764322267,General Pool,Theme Deck,Pre-2015
-0.2903950028890209,-0.24644036072314512,General Pool,Arena Starter Deck,2020-Present
0.014857852781593794,0.19562816578800385,General Pool,Event Deck,Pre-2015
-0.306769528628315,-0.27444363433559005,General Pool,Theme Deck,Pre-2015
-0.306769528628315,-0.27444363433559005,General Pool,Theme Deck,Pre-2015
-0.306769528628315,-0.27444363433559005,General Pool,Theme Deck,Pre-2015
-0.2834275755308385,0.12920280555170321,General Pool,Theme Deck,Pre-2015
2.1942379470970548,-0.21135745796401212,Commander/Brawl,Commander Deck,2020-Present
-0.306769528628315,-0.27444363433559005,General Pool,Theme Deck,Pre-2015
2.0412610270947704,0.03623186878395279,Commander/Brawl,Commander Deck,2020-Present
2.0824955630469524,0.05202790351570158,Commander/Brawl,Commander Deck,2015-2019
-0.3858930837137404,1.0296957881266817,General Pool,Intro Pack,Pre-2015
-0.306769528628315,-0.27444363433559005,General Pool,Theme Deck,Pre-2015
-0.3111251481938983,-0.11496416845774762,General Pool,Intro Pack,2015-2019
-0.22995182626381866,-0.24208141523284704,General Pool,Arena Starter Deck,2020-Present
1.6797531607119172,1.4635546421869934,MTGO/Digital (Modern),Box Set,2020-Present
-0.28059566444873807,-0.24609867375863972,General Pool,Arena Starter Deck,2020-Present
-0.2886173872418451,-0.24317952349289162,General Pool,Arena Starter Deck,2020-Present
-0.29098085786454975,-0.2434128510868734,General Pool,Arena Starter Deck,2020-Present
-0.2731421901036137,-0.27249618594475417,General Pool,Theme Deck,Pre-2015
-0.31773338378556387,-0.23909032688808265,General Pool,MTGO Redemption,2020-Present
-0.31773338378556387,-0.23909032688808265,General Pool,MTGO Redemption,2020-Present
-0.3535921043534641,-0.05834159916810153,General Pool,Arena Starter Deck,2015-2019
-0.2951226057989588,-0.24438158541967064,General Pool,Arena Starter Deck,2020-Present
-0.05918715434255448,-0.18855296565785495,General Pool,Event Deck,Pre-2015
-0.1194669240857377,-0.1514834201906542,General Pool,Planechase Deck,Pre-2015
-0.306769528628315,-0.27444363433559005,General Pool,MTGO Redemption,2020-Present
-0.306769528628315,-0.27444363433559005,General Pool,MTGO Redemption,2020-Present
1.037496083177471,-0.1273927867702484,Commander/Brawl,Commander Deck,2015-2019
1.8471858818467464,0.12213031935373841,Commander/Brawl,Commander Deck,2020-Present
-0.2513194971230105,0.029842904363732325,General Pool,Intro Pack,Pre-2015
-0.37293917238633123,0.12225922888533364,General Pool,Shandalar Enemy Deck,Pre-2015
-0.22897624620682488,-0.28101885487201345,General Pool,Theme Deck,Pre-2015
-0.25182784489210774,-0.2749857457918747,General Pool,Theme Deck,2015-2019
-0.306769528628315,-0.27444363433559005,General Pool,Theme Deck,Pre-2015
-0.05918715434255448,-0.18855296565785495,General Pool,Intro Pack,2015-2019
-0.2779047887099064,-0.2411995230880853,General Pool,Intro Pack,2015-2019
-0.1194669240857377,-0.1514834201906542,General Pool,Theme Deck,Pre-2015
-0.33905696080921016,-0.06422198295616433,General Pool,World Championship Deck,Pre-2015
-0.05918715434255448,-0.18855296565785495,General Pool,Intro Pack,2015-2019
-0.306769528628315,-0.27444363433559005,General Pool,Theme Deck,Pre-2015
-0.05918715434255448,-0.18855296565785495,General Pool,Event Deck,Pre-2015
1.3205058915008747,0.351034430304487,Commander/Brawl,Commander Deck,2015-2019
-0.3357425533454444,-0.04165972339207011,General Pool,Intro Pack,Pre-2015
-0.306769528628315,-0.27444363433559005,General Pool,Theme Deck,Pre-2015
0.7465325724116167,-0.21636441281033264,General Pool,Commander Deck,Pre-2015
-0.25200046281970423,-0.18438668871935313,General Pool,Arena Starter Deck,2020-Present
2.1997233330438313,0.16636691696507783,Commander/Brawl,Commander Deck,2020-Present
-0.31440243454436,-0.012817933206174137,General Pool,Arena Starter Deck,2015-2019
-0.07592111836351412,-0.02841186088786868,General Pool,Intro Pack,2015-2019
0.14191431046700193,0.11180349189407635,MTGO/Digital (Modern),MTGO Redemption,2020-Present
-0.32600811305595045,0.4202997757481357,General Pool,Duel Of The Planeswalkers Deck,Pre-2015
-0.35430909564124885,0.07621870847172174,General Pool,Planeswalker Deck,2015-2019
-0.30123022631380864,-0.2622138066552136,General Pool,Planeswalker Deck,2020-Present
-0.27209464342935424,-0.0958037186960636,General Pool,Intro Pack,Pre-2015
2.1341668213385696,0.1230220024076531,Commander/Brawl,Commander Deck,2020-Present
-0.3365695838672472,4.370358453893381,MTGO/Digital (Pre-2015),MTGO Redemption,Pre-2015
-0.3365695838672472,4.370358453893381,MTGO/Digital (Pre-2015),MTGO Redemption,Pre-2015
-0.306769528628315,-0.27444363433559005,General Pool,Planeswalker Deck,2015-2019
-0.306769528628315,-0.27444363433559005,General Pool,Duel Deck,Pre-2015
-0.3039959521230351,-0.12772341228590223,General Pool,Planeswalker Deck,2015-2019
-0.306769528628315,-0.27444363433559005,General Pool,Theme Deck,Pre-2015
-0.2111666484040188,0.46917516483475274,General Pool,Intro Pack,Pre-2015
-0.3235314686704053,-0.24927656439587834,General Pool,Arena Starter Deck,2015-2019
-0.04632558692701938,0.1952503900721535,General Pool,MTGO Redemption,2020-Present
-0.04632558692701938,0.1952503900721535,General Pool,MTGO Redemption,2020-Present
-0.1194669240857377,-0.1514834201906542,General Pool,Duel Deck,Pre-2015
-0.3776107559791281,0.17128436320492096,General Pool,Theme Deck,Pre-2015
-0.32497657350371545,-0.23006340959971017,General Pool,Theme Deck,Pre-2015
1.9898034278352643,0.009151835375597661,Commander/Brawl,Commander Deck,2020-Present
-0.306769528628315,-0.27444363433559005,General Pool,Arena Starter Deck,2015-2019
-0.306769528628315,-0.27444363433559005,General Pool,Bundle Land Pack,2020-Present
-0.306769528628315,-0.27444363433559005,General Pool,MTGO Redemption,2020-Present
-0.306769528628315,-0.27444363433559005,General Pool,MTGO Redemption,2020-Present
-0.33263296457053365,-0.034031250590142226,General Pool,Theme Deck,Pre-2015
-0.3147546961336431,-0.2761296566926243,General Pool,Enhanced Deck,Pre-2015
-0.32497657350371545,-0.23006340959971017,General Pool,Theme Deck,Pre-2015
-0.306769528628315,-0.27444363433559005,General Pool,Arena Starter Deck,2015-2019
-0.26655573012101025,-0.1547562823979283,General Pool,MTGO Redemption,2020-Present
-0.26655573012101025,-0.1547562823979283,General Pool,MTGO Redemption,2020-Present
-0.1826123715007839,-0.06892507260164851,General Pool,MTGO Redemption,Pre-2015
-0.1826123715007839,-0.06892507260164851,General Pool,MTGO Redemption,Pre-2015
2.1756909474810198,0.03497279994566066,Commander/Brawl,Commander Deck,2020-Present
2.1756909474810198,0.03497279994566066,Commander/Brawl,Commander Deck,2020-Present
-0.32699204280844474,-0.21898678387235163,General Pool,Advanced Deck,Pre-2015
-0.3162999275235022,-0.2535999943001689,General Pool,Theme Deck,Pre-2015
-0.3712850199496976,-0.04441573599392917,General Pool,Advanced Deck,Pre-2015
-0.35552927229785847,-0.09141131300716848,General Pool,Theme Deck,Pre-2015
-0.3724269736354949,0.23195837690838494,General Pool,Advanced Deck,Pre-2015
-0.30307439531802527,0.046289404733038664,General Pool,Theme Deck,Pre-2015
-0.3235314686704053,-0.24927656439587834,General Pool,Arena Starter Deck,2015-2019
-0.32643809945414876,0.12896895490951232,General Pool,Advanced Deck,Pre-2015
-0.3682338900134046,0.10297041092690312,General Pool,Theme Deck,Pre-2015
-0.306769528628315,-0.27444363433559005,General Pool,Intro Pack,Pre-2015
-0.306769528628315,-0.27444363433559005,General Pool,Shandalar Enemy Deck,Pre-2015
-0.397243017205317,0.4783798338207308,General Pool,Duel Of The Planeswalkers Deck,Pre-2015
-0.397243017205317,0.4783798338207308,General Pool,Theme Deck,Pre-2015
0.024185722933753984,-0.08594430613481022,General Pool,Event Deck,Pre-2015
-0.30123022631380864,-0.2622138066552136,General Pool,MTGO Redemption,2015-2019
-0.30123022631380864,-0.2622138066552136,General Pool,MTGO Redemption,2015-2019
-0.306769528628315,-0.27444363433559005,General Pool,Duel Deck,Pre-2015
-0.3826822828569608,0.11547493988522411,General Pool,Enhanced Deck,Pre-2015
-0.33450697239890265,-0.20921976956428898,General Pool,Theme Deck,Pre-2015
-0.3513535111594023,-0.017789012923863035,General Pool,Theme Deck,Pre-2015
-0.3430781076983135,0.043113290026534024,General Pool,Enhanced Deck,Pre-2015
-0.306769528628315,-0.27444363433559005,General Pool,Theme Deck,Pre-2015
2.137556494948612,-0.13811167161509294,Commander/Brawl,Commander Deck,2020-Present
-0.13954469268680772,0.011242548765116545,General Pool,MTGO Redemption,Pre-2015
-0.13954469268680772,0.011242548765116545,General Pool,MTGO Redemption,Pre-2015
-0.32497657350371545,-0.23006340959971017,General Pool,MTGO Redemption,Pre-2015
-0.32497657350371545,-0.23006340959971017,General Pool,MTGO Redemption,Pre-2015
2.5545990500356757,0.01730227304206261,Commander/Brawl,Commander Deck,2020-Present
2.2576210157453156,0.03771679173639503,Commander/Brawl,Commander Deck,2020-Present
-0.2951226057989588,-0.24438158541967064,General Pool,Arena Starter Deck,2020-Present
1.221469866175731,-0.09518831421487381,Commander/Brawl,Commander Deck,2020-Present
-0.33450697239890265,-0.20921976956428898,General Pool,Enhanced Deck,Pre-2015
-0.32497657350371545,-0.23006340959971017,General Pool,Theme Deck,Pre-2015
-0.32922998341062215,-0.11913206582634556,General Pool,World Championship Deck,Pre-2015
-0.3259214428116424,-0.1644116310117411,General Pool,World Championship Deck,Pre-2015
-0.3217590164221218,-0.1690183346314621,General Pool,MTGO Redemption,Pre-2015
-0.3217590164221218,-0.1690183346314621,General Pool,MTGO Redemption,Pre-2015
-0.34532332379823294,-0.03893728817450476,General Pool,Intro Pack,Pre-2015
-0.10199443243259412,-0.13960392416600162,General Pool,Archenemy Deck,Pre-2015
-0.25608138032022193,-0.27181668289740474,General Pool,Theme Deck,Pre-2015
-0.306769528628315,-0.27444363433559005,General Pool,Arena Starter Deck,2020-Present
1.0928749365646773,-0.024725331659757127,Commander/Brawl,Commander Deck,2020-Present
1.0928749365646773,-0.024725331659757127,Commander/Brawl,Commander Deck,2020-Present
-0.364914611979279,0.07154863231487513,General Pool,Shandalar Enemy Deck,Pre-2015
-0.3114730499680863,-0.17691615997006205,General Pool,Theme Deck,Pre-2015
-0.306769528628315,-0.27444363433559005,General Pool,Theme Deck,Pre-2015
-0.306769528628315,-0.27444363433559005,General Pool,Theme Deck,Pre-2015
-0.32497657350371545,-0.23006340959971017,General Pool,Theme Deck,Pre-2015
-0.05918715434255448,-0.18855296565785495,General Pool,Intro Pack,2015-2019
2.4207686808328903,0.3323106336432051,Commander/Brawl,Commander Deck,2020-Present
2.4207686808328903,0.3323106336432051,Commander/Brawl,Commander Deck,2020-Present
0.05395533335085939,-0.15178145021634465,General Pool,Event Deck,2015-2019
-0.3480645584696877,0.04560794285725789,General Pool,Shandalar Enemy Deck,Pre-2015
1.8847342104791953,-0.22221657468169498,Commander/Brawl,Commander Deck,2020-Present
-0.32133304816227415,-0.1633109410655573,General Pool,Event Deck,Pre-2015
-0.306769528628315,-0.27444363433559005,General Pool,Intro Pack,2015-2019
-0.3091295959356368,-0.032035703621949546,General Pool,Intro Pack,2015-2019
-0.306769528628315,-0.27444363433559005,General Pool,Challenger Deck,2015-2019
-0.306769528628315,-0.27444363433559005,General Pool,Intro Pack,2015-2019
-0.306769528628315,-0.27444363433559005,General Pool,MTGO Theme Deck,Pre-2015
-0.1194669240857377,-0.1514834201906542,General Pool,Intro Pack,Pre-2015
-0.1194669240857377,-0.1514834201906542,General Pool,Theme Deck,Pre-2015
-0.17472587646072485,0.2458018711636636,General Pool,Intro Pack,Pre-2015
-0.306769528628315,-0.27444363433559005,General Pool,Intro Pack,2015-2019
-0.28518618267835777,-0.2447306452032921,General Pool,Starter Kit,2020-Present
1.5703630833034905,0.06262583019295986,Commander/Brawl,Commander Deck,2020-Present
2.4992515379935476,-0.03013540564448894,Commander/Brawl,Commander Deck,2020-Present
-0.3404362992123924,-0.1360911465606791,General Pool,Shandalar Enemy Deck,Pre-2015
-0.306769528628315,-0.27444363433559005,General Pool,Event Deck,Pre-2015
1.9916839412111944,-0.2009198660477826,Commander/Brawl,Commander Deck,2020-Present
1.499478190032651,0.08863406618816111,Commander/Brawl,Commander Deck,2015-2019
-0.306769528628315,-0.27444363433559005,General Pool,Intro Pack,2015-2019
-0.0759490943846447,-0.16338589571814327,General Pool,Challenger Deck,2015-2019
2.6555480956225574,0.21451429078218476,Commander/Brawl,Commander Deck,2020-Present
-0.20560119421855286,-0.27897805970743883,General Pool,Duel Deck,Pre-2015
-0.05918715434255448,-0.18855296565785495,General Pool,Intro Pack,2015-2019
1.1923861032234757,-0.21713917977823705,Commander/Brawl,Commander Deck,2020-Present
-0.31872411043143667,-0.2134822843384234,General Pool,Planeswalker Deck,2015-2019
-0.33905696080921016,-0.06422198295616433,General Pool,Arena Promotional Deck,2020-Present
-0.3124045495375866,-0.06760237218531073,General Pool,Planeswalker Deck,2015-2019
-0.306769528628315,-0.27444363433559005,General Pool,Intro Pack,Pre-2015
-0.306769528628315,-0.27444363433559005,General Pool,Planeswalker Deck,2015-2019
-0.306769528628315,-0.27444363433559005,General Pool,Planeswalker Deck,2015-2019
-0.20029257466452455,-0.1825888073504191,General Pool,Duel Deck,Pre-2015
1.3464276927303063,0.05822721976008005,Commander/Brawl,Commander Deck,2015-2019
1.3464276927303063,0.05822721976008005,Commander/Brawl,Commander Deck,2015-2019
-0.322159248857534,-0.15399240994186447,General Pool,Theme Deck,Pre-2015
-0.31773338378556387,-0.23909032688808265,General Pool,Arena Starter Deck,2015-2019
-0.3254468114185856,-0.24151644626480706,General Pool,Shandalar Enemy Deck,Pre-2015
-0.2422291166304137,-0.06655755223378645,General Pool,Shandalar Enemy Deck,Pre-2015
-0.306769528628315,-0.27444363433559005,General Pool,Event Deck,Pre-2015
-0.35444668103842913,0.05622924143756125,General Pool,MTGO Redemption,2015-2019
-0.35444668103842913,0.05622924143756125,General Pool,MTGO Redemption,2015-2019
-0.306769528628315,-0.27444363433559005,General Pool,Theme Deck,Pre-2015
-0.306769528628315,-0.27444363433559005,General Pool,Theme Deck,Pre-2015
-0.38837053806356703,0.3540037162066898,General Pool,Theme Deck,Pre-2015
-0.306769528628315,-0.27444363433559005,General Pool,Intro Pack,2015-2019
-0.22672958675547084,0.6084881705535076,General Pool,Intro Pack,Pre-2015
-0.306769528628315,-0.27444363433559005,General Pool,Theme Deck,Pre-2015
-0.3357425533454444,-0.04165972339207011,General Pool,Shandalar Enemy Deck,Pre-2015
-0.30123022631380864,-0.2622138066552136,General Pool,Theme Deck,Pre-2015
-0.34532332379823294,-0.03893728817450476,General Pool,Sample Deck,Pre-2015
-0.31892491636772036,-0.21413672950323948,General Pool,Sample Deck,Pre-2015
-0.306769528628315,-0.27444363433559005,General Pool,Sample Deck,Pre-2015
-0.306769528628315,-0.27444363433559005,General Pool,Sample Deck,Pre-2015
-0.3742963485153623,0.1938466227690152,General Pool,Sample Deck,Pre-2015
-0.38645173625476764,0.2541535276013658,General Pool,Sample Deck,Pre-2015
-0.38645173625476764,0.2541535276013658,General Pool,Welcome Deck,2020-Present
-0.3742963485153623,0.1938466227690152,General Pool,Sample Deck,Pre-2015
-0.32884126172143063,-0.15165044690458845,General Pool,Welcome Deck,2015-2019
-0.3552396691519432,0.023548994424146263,General Pool,Welcome Deck,2015-2019
-0.3478979410848497,0.018647181440280436,General Pool,Sample Deck,2015-2019
-0.306769528628315,-0.27444363433559005,General Pool,Welcome Deck,2020-Present
-0.3478979410848497,0.018647181440280436,General Pool,Welcome Deck,2015-2019
-0.3930056986662297,0.017817091651960604,General Pool,Advanced Deck,Pre-2015
-0.3459988734026713,-0.11225495304258964,General Pool,Theme Deck,Pre-2015
-0.3742963485153623,0.1938466227690152,General Pool,Sample Deck,Pre-2015
-0.34565889869915467,0.02082655920658094,General Pool,Sample Deck,Pre-2015
-0.34565889869915467,0.02082655920658094,General Pool,Game Night Deck,2015-2019
-0.306769528628315,-0.27444363433559005,General Pool,Halfdeck,2020-Present
-0.306769528628315,-0.27444363433559005,General Pool,Theme Deck,Pre-2015
-0.32428509502883024,-0.25528601665720313,General Pool,Advanced Deck,Pre-2015
-0.32428509502883024,-0.25528601665720313,General Pool,Theme Deck,Pre-2015
0.8301867063123642,-0.02211831787491486,Commander/Brawl,Brawl Deck,2015-2019
-0.306769528628315,-0.27444363433559005,General Pool,MTGO Theme Deck,Pre-2015
-0.07050868149335893,0.19814209494900392,General Pool,Intro Pack,Pre-2015
-0.07114173614567615,-0.12759161566068833,General Pool,MTGO Redemption,2020-Present
-0.07114173614567615,-0.12759161566068833,General Pool,MTGO Redemption,2020-Present
-0.3459988734026713,-0.11225495304258964,General Pool,Arena Promotional Deck,2020-Present
-0.34546474303359526,0.00879453008780462,General Pool,Intro Pack,Pre-2015
-0.3032748160604853,0.040252785402059066,General Pool,Arena Starter Deck,2015-2019
-0.363479997116032,0.023564141379230963,General Pool,Shandalar Enemy Deck,Pre-2015
-0.3357425533454444,-0.04165972339207011,General Pool,Theme Deck,Pre-2015
-0.3304497601835637,-0.1371032304268931,General Pool,Shandalar Enemy Deck,Pre-2015
1.7480940468040531,0.009943017416826294,Commander/Brawl,Commander Deck,2020-Present
-0.306769528628315,-0.27444363433559005,General Pool,Theme Deck,Pre-2015
-0.31981356136463385,-0.235747391390159,General Pool,World Championship Deck,Pre-2015
-0.2997350978539942,-0.044824366427913626,General Pool,Duel Deck,2015-2019
-0.34633092699015466,0.05062628621461829,General Pool,Theme Deck,Pre-2015
1.8364842600544802,0.10814368689932685,Commander/Brawl,Commander Deck,2020-Present
-0.239400409973327,-0.2755728855702821,General Pool,MTGO Redemption,Pre-2015
-0.239400409973327,-0.2755728855702821,General Pool,MTGO Redemption,Pre-2015
-0.306769528628315,-0.27444363433559005,General Pool,Event Deck,Pre-2015
-0.3235314686704053,-0.24927656439587834,General Pool,Arena Starter Deck,2015-2019
-0.34209801096620973,-0.1313981325320865,General Pool,Event Deck,Pre-2015
-0.306769528628315,-0.27444363433559005,General Pool,Theme Deck,Pre-2015
-0.31746164391325754,-0.23983042390777282,General Pool,Intro Pack,Pre-2015
-0.31746164391325754,-0.23983042390777282,General Pool,Intro Pack,Pre-2015
-0.3147546961336431,-0.2761296566926243,General Pool,Intro Pack,Pre-2015
-0.3147546961336431,-0.2761296566926243,General Pool,Intro Pack,Pre-2015
-0.342237017458604,0.008733559013906267,General Pool,MTGO Redemption,Pre-2015
-0.342237017458604,0.008733559013906267,General Pool,MTGO Redemption,Pre-2015
-0.3417105375246751,-0.06992230482972389,General Pool,MTGO Redemption,2020-Present
-0.3417105375246751,-0.06992230482972389,General Pool,MTGO Redemption,2020-Present
-0.05918715434255448,-0.18855296565785495,General Pool,Intro Pack,2015-2019
-0.05918715434255448,-0.18855296565785495,General Pool,Duel Deck,2015-2019
-0.33910206781971375,-0.06360550800918516,General Pool,Planechase Deck,Pre-2015
-0.2755692339159082,-0.2744946593261193,General Pool,Theme Deck,Pre-2015
-0.3311169003143857,-0.061919485652150885,General Pool,Theme Deck,Pre-2015
